ISO-10303-21;
HEADER;
FILE_DESCRIPTION (( 'STEP AP214' ),
    '1' );
FILE_NAME ('Ä«Ë®ÆÁÍâ¿Ç.STEP',
    '2026-09-26T07:52:11',
    ( '' ),
    ( '' ),
    'SwSTEP 2.0',
    'SolidWorks 2024',
    '' );
FILE_SCHEMA (( 'AUTOMOTIVE_DESIGN' ));
ENDSEC;

DATA;
#1 = CARTESIAN_POINT ( 'NONE',  ( -3.250000000000001332, -19.49999999999999645, 0.3999999999999978018 ) ) ;
#2 = DIRECTION ( 'NONE',  ( -1.000000000000000000, -1.734723475976793684E-15, -0.000000000000000000 ) ) ;
#3 = ORIENTED_EDGE ( 'NONE', *, *, #332, .F. ) ;
#4 = VERTEX_POINT ( 'NONE', #2742 ) ;
#5 = ADVANCED_FACE ( 'NONE', ( #3202 ), #2417, .F. ) ;
#6 = ORIENTED_EDGE ( 'NONE', *, *, #972, .F. ) ;
#7 = LINE ( 'NONE', #937, #560 ) ;
#8 = VERTEX_POINT ( 'NONE', #633 ) ;
#9 = CARTESIAN_POINT ( 'NONE',  ( -16.40000000000000213, 19.89999999999999858, 4.699999999999999289 ) ) ;
#10 = VECTOR ( 'NONE', #5232, 1000.000000000000000 ) ;
#11 = VECTOR ( 'NONE', #5445, 1000.000000000000000 ) ;
#12 = LINE ( 'NONE', #5596, #880 ) ;
#13 = DIRECTION ( 'NONE',  ( 0.000000000000000000, -0.000000000000000000, -1.000000000000000000 ) ) ;
#14 = ADVANCED_FACE ( 'NONE', ( #5442 ), #5004, .F. ) ;
#15 = FACE_OUTER_BOUND ( 'NONE', #4472, .T. ) ;
#16 = CIRCLE ( 'NONE', #564, 0.6959219873088288155 ) ;
#17 = EDGE_LOOP ( 'NONE', ( #4611, #2105, #5028, #5343, #1498, #3692, #4552, #4749, #1636, #5726 ) ) ;
#18 = ORIENTED_EDGE ( 'NONE', *, *, #5350, .T. ) ;
#19 = CARTESIAN_POINT ( 'NONE',  ( -22.31242534221949825, 19.64437245649053310, 0.7000000000000000666 ) ) ;
#20 = EDGE_LOOP ( 'NONE', ( #740, #4234, #4211, #5705, #4820, #317, #2243, #443 ) ) ;
#21 = EDGE_CURVE ( 'NONE', #3417, #2291, #1877, .T. ) ;
#22 = EDGE_CURVE ( 'NONE', #5195, #1793, #2320, .T. ) ;
#23 = CARTESIAN_POINT ( 'NONE',  ( -28.76858636361750143, 19.24437245649053452, -1.000000000000000000 ) ) ;
#24 = CARTESIAN_POINT ( 'NONE',  ( -21.71242534221950393, -16.19705362128172510, -1.000000000000000000 ) ) ;
#25 = DIRECTION ( 'NONE',  ( 0.000000000000000000, 1.000000000000000000, 0.000000000000000000 ) ) ;
#26 = DIRECTION ( 'NONE',  ( -0.000000000000000000, -0.000000000000000000, -1.000000000000000000 ) ) ;
#27 = ADVANCED_FACE ( 'NONE', ( #2371 ), #4084, .F. ) ;
#28 = ORIENTED_EDGE ( 'NONE', *, *, #5043, .T. ) ;
#29 = DIRECTION ( 'NONE',  ( 0.000000000000000000, 0.000000000000000000, 1.000000000000000000 ) ) ;
#30 = ORIENTED_EDGE ( 'NONE', *, *, #3885, .T. ) ;
#31 = DIRECTION ( 'NONE',  ( -0.000000000000000000, -0.000000000000000000, 1.000000000000000000 ) ) ;
#32 = ORIENTED_EDGE ( 'NONE', *, *, #2812, .F. ) ;
#33 = EDGE_LOOP ( 'NONE', ( #2202, #616, #4228, #5241, #3279, #1731, #2625, #1372, #1188, #3453 ) ) ;
#34 = VERTEX_POINT ( 'NONE', #2038 ) ;
#35 = PLANE ( 'NONE',  #1760 ) ;
#36 = VERTEX_POINT ( 'NONE', #1576 ) ;
#37 = DIRECTION ( 'NONE',  ( 0.000000000000000000, 0.000000000000000000, -1.000000000000000000 ) ) ;
#38 = CARTESIAN_POINT ( 'NONE',  ( -34.14618068411068208, 21.24437245649053452, 0.7000000000000000666 ) ) ;
#39 = ADVANCED_FACE ( 'NONE', ( #5571 ), #1085, .F. ) ;
#40 = CARTESIAN_POINT ( 'NONE',  ( -16.99999999999999289, -19.89999999999999858, 0.000000000000000000 ) ) ;
#41 = VECTOR ( 'NONE', #5362, 1000.000000000000000 ) ;
#42 = CARTESIAN_POINT ( 'NONE',  ( 4.600000000000000533, 0.000000000000000000, 0.000000000000000000 ) ) ;
#43 = ORIENTED_EDGE ( 'NONE', *, *, #1412, .F. ) ;
#44 = ADVANCED_FACE ( 'NONE', ( #1607 ), #5049, .F. ) ;
#45 = ORIENTED_EDGE ( 'NONE', *, *, #428, .F. ) ;
#46 =( NAMED_UNIT ( * ) PLANE_ANGLE_UNIT ( ) SI_UNIT ( $, .RADIAN. ) );
#47 = ORIENTED_EDGE ( 'NONE', *, *, #709, .F. ) ;
#48 = CARTESIAN_POINT ( 'NONE',  ( -48.16930226743011190, -12.75562754350946193, -1.199999999999999734 ) ) ;
#49 = FACE_OUTER_BOUND ( 'NONE', #5116, .T. ) ;
#50 = CARTESIAN_POINT ( 'NONE',  ( -54.71242534221950393, -15.25562754350946371, 1.200000000000000178 ) ) ;
#51 = EDGE_CURVE ( 'NONE', #3010, #2291, #3362, .T. ) ;
#52 = CYLINDRICAL_SURFACE ( 'NONE', #2997, 0.6319646214001384266 ) ;
#53 = VECTOR ( 'NONE', #2680, 1000.000000000000000 ) ;
#54 = PLANE ( 'NONE',  #620 ) ;
#55 = VECTOR ( 'NONE', #1958, 1000.000000000000000 ) ;
#56 = ORIENTED_EDGE ( 'NONE', *, *, #4162, .T. ) ;
#57 = DIRECTION ( 'NONE',  ( -1.000000000000000000, 0.000000000000000000, 0.000000000000000000 ) ) ;
#58 = ORIENTED_EDGE ( 'NONE', *, *, #4830, .F. ) ;
#59 = FACE_OUTER_BOUND ( 'NONE', #5131, .T. ) ;
#60 = EDGE_LOOP ( 'NONE', ( #121, #5145, #4771, #3062 ) ) ;
#61 = ORIENTED_EDGE ( 'NONE', *, *, #5675, .T. ) ;
#62 = ORIENTED_EDGE ( 'NONE', *, *, #1044, .T. ) ;
#63 = DIRECTION ( 'NONE',  ( 1.000000000000000000, 0.000000000000000000, 0.000000000000000000 ) ) ;
#64 = ORIENTED_EDGE ( 'NONE', *, *, #4727, .T. ) ;
#65 = VECTOR ( 'NONE', #2304, 1000.000000000000000 ) ;
#66 = FACE_OUTER_BOUND ( 'NONE', #676, .T. ) ;
#67 = DIRECTION ( 'NONE',  ( 0.000000000000000000, 0.000000000000000000, -1.000000000000000000 ) ) ;
#68 = CARTESIAN_POINT ( 'NONE',  ( -27.46433655495782844, -20.75562754350946193, -1.000000000000000000 ) ) ;
#69 = PRESENTATION_LAYER_ASSIGNMENT (  '', '', ( #3286 ) ) ;
#70 = DIRECTION ( 'NONE',  ( 1.000000000000000000, 0.000000000000000000, 0.000000000000000000 ) ) ;
#71 = EDGE_CURVE ( 'NONE', #4433, #3368, #2863, .T. ) ;
#72 = VERTEX_POINT ( 'NONE', #4638 ) ;
#73 = VECTOR ( 'NONE', #3444, 1000.000000000000000 ) ;
#74 = ORIENTED_EDGE ( 'NONE', *, *, #298, .T. ) ;
#75 = CARTESIAN_POINT ( 'NONE',  ( -62.76002644001162167, -1.468755504214548147, -2.000000000000000000 ) ) ;
#76 = ORIENTED_EDGE ( 'NONE', *, *, #4588, .F. ) ;
#77 = PLANE ( 'NONE',  #4409 ) ;
#78 = EDGE_CURVE ( 'NONE', #5555, #586, #2069, .T. ) ;
#79 = DIRECTION ( 'NONE',  ( -1.000000000000000000, -0.000000000000000000, -0.000000000000000000 ) ) ;
#80 = DIRECTION ( 'NONE',  ( 0.000000000000000000, 0.000000000000000000, -1.000000000000000000 ) ) ;
#81 = DIRECTION ( 'NONE',  ( 1.000000000000000000, 0.000000000000000000, -0.000000000000000000 ) ) ;
#82 = FACE_OUTER_BOUND ( 'NONE', #5151, .T. ) ;
#83 = VECTOR ( 'NONE', #4775, 1000.000000000000000 ) ;
#84 = DIRECTION ( 'NONE',  ( 0.000000000000000000, -5.004010026856174159E-16, 1.000000000000000000 ) ) ;
#85 = ORIENTED_EDGE ( 'NONE', *, *, #791, .F. ) ;
#86 = EDGE_CURVE ( 'NONE', #2336, #888, #2904, .T. ) ;
#87 = PLANE ( 'NONE',  #219 ) ;
#88 = CIRCLE ( 'NONE', #828, 1.499999999999999556 ) ;
#89 = PLANE ( 'NONE',  #4418 ) ;
#90 = VERTEX_POINT ( 'NONE', #1109 ) ;
#91 = EDGE_CURVE ( 'NONE', #4254, #1101, #1173, .T. ) ;
#92 = FACE_OUTER_BOUND ( 'NONE', #1551, .T. ) ;
#93 = EDGE_CURVE ( 'NONE', #3262, #5107, #4704, .T. ) ;
#94 = VERTEX_POINT ( 'NONE', #1517 ) ;
#95 = LINE ( 'NONE', #1854, #1616 ) ;
#96 = DIRECTION ( 'NONE',  ( 0.000000000000000000, 0.000000000000000000, -1.000000000000000000 ) ) ;
#97 = DIRECTION ( 'NONE',  ( 0.000000000000000000, -1.000000000000000000, -0.000000000000000000 ) ) ;
#98 = CARTESIAN_POINT ( 'NONE',  ( 15.55239533417512909, -21.50000000000000000, 2.579999999999999627 ) ) ;
#99 = ORIENTED_EDGE ( 'NONE', *, *, #1233, .T. ) ;
#100 = AXIS2_PLACEMENT_3D ( 'NONE', #216, #3228, #4565 ) ;
#101 = VECTOR ( 'NONE', #688, 1000.000000000000000 ) ;
#102 = ORIENTED_EDGE ( 'NONE', *, *, #5607, .T. ) ;
#103 = CARTESIAN_POINT ( 'NONE',  ( -35.46242534221950393, 20.24437245649053452, 0.3999999999999951927 ) ) ;
#104 = AXIS2_PLACEMENT_3D ( 'NONE', #4836, #878, #910 ) ;
#105 = ORIENTED_EDGE ( 'NONE', *, *, #4428, .T. ) ;
#106 = CARTESIAN_POINT ( 'NONE',  ( -48.16930226743011190, -11.75562754350946015, -1.199999999999999734 ) ) ;
#107 = CARTESIAN_POINT ( 'NONE',  ( -22.21242534221950393, 21.24437245649053452, 0.7000000000000000666 ) ) ;
#108 = PLANE ( 'NONE',  #2151 ) ;
#109 = CARTESIAN_POINT ( 'NONE',  ( -33.17042946784389557, 20.24437245649053452, -1.000000000000000000 ) ) ;
#110 = DIRECTION ( 'NONE',  ( -0.000000000000000000, -0.000000000000000000, -1.000000000000000000 ) ) ;
#111 = EDGE_CURVE ( 'NONE', #5340, #5256, #3739, .T. ) ;
#112 = LINE ( 'NONE', #980, #710 ) ;
#113 = ORIENTED_EDGE ( 'NONE', *, *, #4574, .T. ) ;
#114 = DIRECTION ( 'NONE',  ( 0.000000000000000000, -1.000000000000000000, -0.000000000000000000 ) ) ;
#115 = AXIS2_PLACEMENT_3D ( 'NONE', #2729, #2307, #1864 ) ;
#116 = DIRECTION ( 'NONE',  ( -0.000000000000000000, 0.000000000000000000, -1.000000000000000000 ) ) ;
#117 = ADVANCED_FACE ( 'NONE', ( #744 ), #2496, .T. ) ;
#118 = DIRECTION ( 'NONE',  ( -0.000000000000000000, 0.000000000000000000, 1.000000000000000000 ) ) ;
#119 = EDGE_LOOP ( 'NONE', ( #3144, #1185, #4325, #3293 ) ) ;
#120 = LINE ( 'NONE', #3613, #1567 ) ;
#121 = ORIENTED_EDGE ( 'NONE', *, *, #418, .T. ) ;
#122 = CARTESIAN_POINT ( 'NONE',  ( -21.71242534221950393, -16.19705362128172510, -1.000000000000000000 ) ) ;
#123 = CARTESIAN_POINT ( 'NONE',  ( -51.40698321814510763, -19.75562754350946193, -1.000000000000000000 ) ) ;
#124 = ADVANCED_FACE ( 'NONE', ( #4177 ), #678, .T. ) ;
#125 = CARTESIAN_POINT ( 'NONE',  ( 16.99999999999999289, 19.89999999999999858, 0.000000000000000000 ) ) ;
#126 = DIRECTION ( 'NONE',  ( 0.000000000000000000, 0.000000000000000000, 1.000000000000000000 ) ) ;
#127 = ORIENTED_EDGE ( 'NONE', *, *, #451, .T. ) ;
#128 = EDGE_CURVE ( 'NONE', #2517, #2435, #2893, .T. ) ;
#129 = VECTOR ( 'NONE', #2543, 1000.000000000000000 ) ;
#130 = VERTEX_POINT ( 'NONE', #2525 ) ;
#131 = DIRECTION ( 'NONE',  ( 0.000000000000000000, 0.000000000000000000, -1.000000000000000000 ) ) ;
#132 = VERTEX_POINT ( 'NONE', #4301 ) ;
#133 = CARTESIAN_POINT ( 'NONE',  ( -33.17042946784389557, 19.24437245649053452, 1.200000000000000178 ) ) ;
#134 = CIRCLE ( 'NONE', #313, 1.499999999999999556 ) ;
#135 = CARTESIAN_POINT ( 'NONE',  ( 0.000000000000000000, 13.24437245649053452, 1.200000000000000178 ) ) ;
#136 = CARTESIAN_POINT ( 'NONE',  ( 0.000000000000000000, -20.25562754350946193, 0.7000000000000000666 ) ) ;
#137 = LINE ( 'NONE', #1844, #1170 ) ;
#138 = VERTEX_POINT ( 'NONE', #4672 ) ;
#139 = DIRECTION ( 'NONE',  ( 0.000000000000000000, -1.000000000000000000, -0.000000000000000000 ) ) ;
#140 = AXIS2_PLACEMENT_3D ( 'NONE', #4883, #1783, #5691 ) ;
#141 = ADVANCED_FACE ( 'NONE', ( #712 ), #212, .F. ) ;
#142 = PRODUCT_CONTEXT ( 'NONE', #3429, 'mechanical' ) ;
#143 = CARTESIAN_POINT ( 'NONE',  ( -43.31242534221950535, 21.24437245649053452, 0.3999999999999973022 ) ) ;
#144 = ORIENTED_EDGE ( 'NONE', *, *, #739, .F. ) ;
#145 = CARTESIAN_POINT ( 'NONE',  ( 7.000000000000002665, 20.49999999999999645, 5.200000000000001066 ) ) ;
#146 = ORIENTED_EDGE ( 'NONE', *, *, #5129, .T. ) ;
#147 = CIRCLE ( 'NONE', #3650, 1.000000000000000000 ) ;
#148 = ADVANCED_FACE ( 'NONE', ( #336 ), #1546, .T. ) ;
#149 = AXIS2_PLACEMENT_3D ( 'NONE', #3267, #4096, #2731 ) ;
#150 = CARTESIAN_POINT ( 'NONE',  ( 13.70000000000000107, 11.40000000000000036, 6.200000000000000178 ) ) ;
#151 = DIRECTION ( 'NONE',  ( -1.000000000000000000, 0.000000000000000000, 0.000000000000000000 ) ) ;
#152 = CARTESIAN_POINT ( 'NONE',  ( -30.21242534221950393, -11.75562754350946371, -0.1999999999999998723 ) ) ;
#153 = VECTOR ( 'NONE', #4961, 1000.000000000000000 ) ;
#154 = EDGE_CURVE ( 'NONE', #454, #3405, #3329, .T. ) ;
#155 = AXIS2_PLACEMENT_3D ( 'NONE', #3320, #670, #5014 ) ;
#156 = ORIENTED_EDGE ( 'NONE', *, *, #5430, .T. ) ;
#157 = CARTESIAN_POINT ( 'NONE',  ( -43.01891278876194491, 21.14468379484011962, 1.254083516269490328 ) ) ;
#158 = CARTESIAN_POINT ( 'NONE',  ( -48.16930226743011190, -11.75562754350946015, -1.199999999999999734 ) ) ;
#159 = EDGE_CURVE ( 'NONE', #2492, #946, #1726, .T. ) ;
#160 = ORIENTED_EDGE ( 'NONE', *, *, #2045, .F. ) ;
#161 = AXIS2_PLACEMENT_3D ( 'NONE', #2493, #2982, #4296 ) ;
#162 = DIRECTION ( 'NONE',  ( 0.000000000000000000, -1.000000000000000000, 0.000000000000000000 ) ) ;
#163 = DIRECTION ( 'NONE',  ( 1.000000000000000000, 1.613696256722611405E-16, -0.000000000000000000 ) ) ;
#164 = LINE ( 'NONE', #4633, #4877 ) ;
#165 = VERTEX_POINT ( 'NONE', #366 ) ;
#166 = DIRECTION ( 'NONE',  ( 0.000000000000000000, 0.000000000000000000, -1.000000000000000000 ) ) ;
#167 = CARTESIAN_POINT ( 'NONE',  ( -62.26002644001162167, -2.668755504214548324, -2.000000000000000000 ) ) ;
#168 = ADVANCED_FACE ( 'NONE', ( #4822 ), #3955, .F. ) ;
#169 = VERTEX_POINT ( 'NONE', #2190 ) ;
#170 = DIRECTION ( 'NONE',  ( -0.000000000000000000, -0.000000000000000000, 1.000000000000000000 ) ) ;
#171 = EDGE_LOOP ( 'NONE', ( #3784, #1957, #1675, #3716 ) ) ;
#172 = CIRCLE ( 'NONE', #729, 1.600000000000000755 ) ;
#173 = DIRECTION ( 'NONE',  ( 0.000000000000000000, 1.000000000000000000, 0.000000000000000000 ) ) ;
#174 = DIRECTION ( 'NONE',  ( -1.743440679373676056E-16, 1.000000000000000000, 0.000000000000000000 ) ) ;
#175 = DIRECTION ( 'NONE',  ( 0.000000000000000000, 0.000000000000000000, -1.000000000000000000 ) ) ;
#176 = EDGE_CURVE ( 'NONE', #3355, #5202, #4497, .T. ) ;
#177 = CARTESIAN_POINT ( 'NONE',  ( -18.00000000000000355, 19.89999999999999858, 4.699999999999999289 ) ) ;
#178 = VERTEX_POINT ( 'NONE', #3482 ) ;
#179 = ADVANCED_FACE ( 'NONE', ( #5722 ), #4795, .T. ) ;
#180 = DIRECTION ( 'NONE',  ( -0.000000000000000000, -0.000000000000000000, 1.000000000000000000 ) ) ;
#181 = DIRECTION ( 'NONE',  ( 1.266221515311538543E-16, -1.000000000000000000, 0.000000000000000000 ) ) ;
#182 = ORIENTED_EDGE ( 'NONE', *, *, #783, .T. ) ;
#183 = CARTESIAN_POINT ( 'NONE',  ( -15.95000000000000284, 17.66412788751637564, 5.200000000000001066 ) ) ;
#184 = CARTESIAN_POINT ( 'NONE',  ( -18.00000000000000000, -6.899999999999998579, 1.000000000000000000 ) ) ;
#185 = AXIS2_PLACEMENT_3D ( 'NONE', #849, #821, #2573 ) ;
#186 = VECTOR ( 'NONE', #4713, 1000.000000000000000 ) ;
#187 = LINE ( 'NONE', #2433, #2556 ) ;
#188 = VERTEX_POINT ( 'NONE', #2158 ) ;
#189 = DIRECTION ( 'NONE',  ( -1.000000000000000000, 0.000000000000000000, 0.000000000000000000 ) ) ;
#190 = EDGE_CURVE ( 'NONE', #5065, #2503, #3893, .T. ) ;
#191 = LINE ( 'NONE', #4272, #998 ) ;
#192 = ORIENTED_EDGE ( 'NONE', *, *, #5463, .F. ) ;
#193 = LINE ( 'NONE', #4710, #10 ) ;
#194 = ORIENTED_EDGE ( 'NONE', *, *, #1906, .F. ) ;
#195 = CARTESIAN_POINT ( 'NONE',  ( -16.58197335456738486, 18.29609250885616945, 5.200000000000001066 ) ) ;
#196 = DIRECTION ( 'NONE',  ( -0.000000000000000000, 0.000000000000000000, 1.000000000000000000 ) ) ;
#197 = LINE ( 'NONE', #2941, #4141 ) ;
#198 = CARTESIAN_POINT ( 'NONE',  ( -62.26002644001162167, 10.23124449578545381, -1.000000000000000000 ) ) ;
#199 = ADVANCED_FACE ( 'NONE', ( #1293 ), #3019, .T. ) ;
#200 = CARTESIAN_POINT ( 'NONE',  ( -52.95155156584890221, -12.75562754350946193, -1.199999999999999734 ) ) ;
#201 = ORIENTED_EDGE ( 'NONE', *, *, #71, .F. ) ;
#202 = CARTESIAN_POINT ( 'NONE',  ( -16.99999999999999289, -17.49999999999999645, 1.000000000000000000 ) ) ;
#203 = DIRECTION ( 'NONE',  ( -0.000000000000000000, -0.000000000000000000, -1.000000000000000000 ) ) ;
#204 = EDGE_LOOP ( 'NONE', ( #931, #156, #4805, #5204 ) ) ;
#205 = EDGE_CURVE ( 'NONE', #5256, #2033, #3077, .T. ) ;
#206 = VECTOR ( 'NONE', #5238, 1000.000000000000000 ) ;
#207 = CARTESIAN_POINT ( 'NONE',  ( -56.68211918788941972, 17.37816848611448250, 1.000000000000000222 ) ) ;
#208 = CARTESIAN_POINT ( 'NONE',  ( -15.39591531186711926, 18.60000000000000142, 5.200000000000001066 ) ) ;
#209 = ORIENTED_EDGE ( 'NONE', *, *, #731, .F. ) ;
#210 = CARTESIAN_POINT ( 'NONE',  ( -47.24545865296283154, 20.24437245649053807, -1.000000000000000000 ) ) ;
#211 = EDGE_CURVE ( 'NONE', #5467, #769, #4387, .T. ) ;
#212 = PLANE ( 'NONE',  #988 ) ;
#213 = CARTESIAN_POINT ( 'NONE',  ( -16.40000000000000213, 19.89999999999999858, 4.699999999999999289 ) ) ;
#214 = ORIENTED_EDGE ( 'NONE', *, *, #1131, .T. ) ;
#215 = EDGE_LOOP ( 'NONE', ( #3745, #214, #1239, #4118 ) ) ;
#216 = CARTESIAN_POINT ( 'NONE',  ( -3.250000000000001332, -20.49999999999999645, 0.3999999999999978018 ) ) ;
#217 = ORIENTED_EDGE ( 'NONE', *, *, #2169, .T. ) ;
#218 = ADVANCED_FACE ( 'NONE', ( #895 ), #3542, .T. ) ;
#219 = AXIS2_PLACEMENT_3D ( 'NONE', #902, #3608, #1788 ) ;
#220 = CARTESIAN_POINT ( 'NONE',  ( -62.76002644001162167, 10.03124449578545274, -3.000000000000000000 ) ) ;
#221 = CARTESIAN_POINT ( 'NONE',  ( -16.39999999999999503, -19.99999999999999645, 6.200000000000000178 ) ) ;
#222 = CARTESIAN_POINT ( 'NONE',  ( -56.71242534221949683, 21.24437245649053452, 0.000000000000000000 ) ) ;
#223 = VERTEX_POINT ( 'NONE', #5662 ) ;
#224 = VECTOR ( 'NONE', #2643, 1000.000000000000000 ) ;
#225 = ORIENTED_EDGE ( 'NONE', *, *, #1054, .T. ) ;
#226 = PLANE ( 'NONE',  #1764 ) ;
#227 = VECTOR ( 'NONE', #4172, 1000.000000000000000 ) ;
#228 = CARTESIAN_POINT ( 'NONE',  ( -34.14618068411068208, 21.24437245649053452, 0.7000000000000000666 ) ) ;
#229 = ORIENTED_EDGE ( 'NONE', *, *, #1027, .F. ) ;
#230 = DIRECTION ( 'NONE',  ( 0.000000000000000000, -5.004010026856174159E-16, 1.000000000000000000 ) ) ;
#231 = EDGE_CURVE ( 'NONE', #4265, #4403, #4764, .T. ) ;
#232 = CARTESIAN_POINT ( 'NONE',  ( -62.76002644001162167, 9.031244495785450965, 0.2000000000000009548 ) ) ;
#233 = VERTEX_POINT ( 'NONE', #4449 ) ;
#234 = AXIS2_PLACEMENT_3D ( 'NONE', #5428, #2776, #2379 ) ;
#235 = DIRECTION ( 'NONE',  ( 0.000000000000000000, 1.000000000000000000, 0.000000000000000000 ) ) ;
#236 = CARTESIAN_POINT ( 'NONE',  ( -62.76002644001162167, 5.681244495785453097, -2.149999999999999911 ) ) ;
#237 = EDGE_CURVE ( 'NONE', #2800, #2165, #1889, .T. ) ;
#238 = VERTEX_POINT ( 'NONE', #804 ) ;
#239 = AXIS2_PLACEMENT_3D ( 'NONE', #5165, #2926, #392 ) ;
#240 = LINE ( 'NONE', #2957, #2890 ) ;
#241 = CARTESIAN_POINT ( 'NONE',  ( -34.11242534221950251, -0.000000000000000000, 0.000000000000000000 ) ) ;
#242 = VECTOR ( 'NONE', #2374, 1000.000000000000000 ) ;
#243 = LINE ( 'NONE', #4331, #4628 ) ;
#244 = CIRCLE ( 'NONE', #3480, 1.500000000000000000 ) ;
#245 = FACE_OUTER_BOUND ( 'NONE', #297, .T. ) ;
#246 = EDGE_CURVE ( 'NONE', #5399, #4047, #3420, .T. ) ;
#247 = DIRECTION ( 'NONE',  ( 1.613696256722611405E-16, -1.000000000000000000, 0.000000000000000000 ) ) ;
#248 = ORIENTED_EDGE ( 'NONE', *, *, #5289, .T. ) ;
#249 = CARTESIAN_POINT ( 'NONE',  ( -22.71242534221950393, -0.6342062663092004060, -1.000000000000000000 ) ) ;
#250 = ORIENTED_EDGE ( 'NONE', *, *, #3974, .T. ) ;
#251 = DIRECTION ( 'NONE',  ( 0.000000000000000000, 1.000000000000000000, 0.000000000000000000 ) ) ;
#252 = DIRECTION ( 'NONE',  ( 0.000000000000000000, 0.000000000000000000, -1.000000000000000000 ) ) ;
#253 = CARTESIAN_POINT ( 'NONE',  ( 15.75409976213974339, 18.59858071253704992, 5.200000000000001066 ) ) ;
#254 = EDGE_CURVE ( 'NONE', #4460, #1540, #1261, .T. ) ;
#255 = AXIS2_PLACEMENT_3D ( 'NONE', #5524, #5582, #4649 ) ;
#256 = ORIENTED_EDGE ( 'NONE', *, *, #3867, .F. ) ;
#257 = EDGE_CURVE ( 'NONE', #1269, #2473, #3846, .T. ) ;
#258 = ORIENTED_EDGE ( 'NONE', *, *, #4607, .T. ) ;
#259 = ORIENTED_EDGE ( 'NONE', *, *, #3251, .F. ) ;
#260 = DIRECTION ( 'NONE',  ( -0.000000000000000000, 1.000000000000000000, -0.000000000000000000 ) ) ;
#261 = LINE ( 'NONE', #1124, #3676 ) ;
#262 = ORIENTED_EDGE ( 'NONE', *, *, #2234, .F. ) ;
#263 = EDGE_CURVE ( 'NONE', #238, #489, #3983, .T. ) ;
#264 = CARTESIAN_POINT ( 'NONE',  ( -42.27572909110626398, 20.84463472291402297, 1.721668502667554890 ) ) ;
#265 = PLANE ( 'NONE',  #2820 ) ;
#266 = EDGE_LOOP ( 'NONE', ( #4711, #3404, #1591, #470, #1535 ) ) ;
#267 = DIRECTION ( 'NONE',  ( -1.000000000000000000, 0.000000000000000000, -0.000000000000000000 ) ) ;
#268 = ORIENTED_EDGE ( 'NONE', *, *, #571, .T. ) ;
#269 = LINE ( 'NONE', #3244, #4781 ) ;
#270 = ORIENTED_EDGE ( 'NONE', *, *, #1707, .F. ) ;
#271 = DIRECTION ( 'NONE',  ( -0.000000000000000000, -0.000000000000000000, -1.000000000000000000 ) ) ;
#272 = DIRECTION ( 'NONE',  ( 1.266221515311538543E-16, -1.000000000000000000, 0.000000000000000000 ) ) ;
#273 = VECTOR ( 'NONE', #603, 1000.000000000000000 ) ;
#274 = VECTOR ( 'NONE', #3309, 1000.000000000000000 ) ;
#275 = EDGE_CURVE ( 'NONE', #1343, #3032, #485, .T. ) ;
#276 = PLANE ( 'NONE',  #5397 ) ;
#277 = CARTESIAN_POINT ( 'NONE',  ( -13.69999999999999396, -16.49999999999999645, 5.200000000000000178 ) ) ;
#278 = DIRECTION ( 'NONE',  ( 0.000000000000000000, 1.000000000000000000, 0.000000000000000000 ) ) ;
#279 = AXIS2_PLACEMENT_3D ( 'NONE', #3344, #1937, #2022 ) ;
#280 = ORIENTED_EDGE ( 'NONE', *, *, #1717, .T. ) ;
#281 = CARTESIAN_POINT ( 'NONE',  ( -22.31242534221949825, 19.74437245649053096, 0.7000000000000000666 ) ) ;
#282 = ORIENTED_EDGE ( 'NONE', *, *, #679, .T. ) ;
#283 = ADVANCED_FACE ( 'NONE', ( #5345 ), #3216, .F. ) ;
#284 = DIRECTION ( 'NONE',  ( -0.000000000000000000, -0.000000000000000000, 1.000000000000000000 ) ) ;
#285 = LINE ( 'NONE', #1986, #4446 ) ;
#286 = CARTESIAN_POINT ( 'NONE',  ( -28.76858636361750143, 19.24437245649053452, -1.000000000000000000 ) ) ;
#287 = ORIENTED_EDGE ( 'NONE', *, *, #2391, .T. ) ;
#288 = ORIENTED_EDGE ( 'NONE', *, *, #1469, .T. ) ;
#289 = ORIENTED_EDGE ( 'NONE', *, *, #4736, .T. ) ;
#290 = LINE ( 'NONE', #3908, #1938 ) ;
#291 = EDGE_CURVE ( 'NONE', #2050, #962, #4476, .T. ) ;
#292 = DIRECTION ( 'NONE',  ( -1.000000000000000000, 0.000000000000000000, 0.000000000000000000 ) ) ;
#293 = DIRECTION ( 'NONE',  ( 0.000000000000000000, -0.000000000000000000, 1.000000000000000000 ) ) ;
#294 = EDGE_LOOP ( 'NONE', ( #531, #5152, #2144, #1564, #3847, #4740, #4844, #3445 ) ) ;
#295 = DIRECTION ( 'NONE',  ( -1.000000000000000000, 0.000000000000000000, 0.000000000000000000 ) ) ;
#296 = LINE ( 'NONE', #2057, #3106 ) ;
#297 = EDGE_LOOP ( 'NONE', ( #4197, #3487, #380, #3406 ) ) ;
#298 = EDGE_CURVE ( 'NONE', #2517, #169, #1895, .T. ) ;
#299 = LINE ( 'NONE', #3763, #2616 ) ;
#300 = ORIENTED_EDGE ( 'NONE', *, *, #5456, .F. ) ;
#301 = PRESENTATION_STYLE_ASSIGNMENT (( #3013 ) ) ;
#302 = VERTEX_POINT ( 'NONE', #3682 ) ;
#303 = DIRECTION ( 'NONE',  ( 0.000000000000000000, -1.000000000000000000, 0.000000000000000000 ) ) ;
#304 = DIRECTION ( 'NONE',  ( -1.000000000000000000, 0.000000000000000000, 0.000000000000000000 ) ) ;
#305 = CARTESIAN_POINT ( 'NONE',  ( -22.31242534221949469, -20.25562754350946193, 2.200000000000000178 ) ) ;
#306 = CARTESIAN_POINT ( 'NONE',  ( 14.20000000000000107, 11.40000000000000036, 6.200000000000000178 ) ) ;
#307 = VECTOR ( 'NONE', #3852, 1000.000000000000000 ) ;
#308 = LINE ( 'NONE', #2963, #1400 ) ;
#309 = ADVANCED_FACE ( 'NONE', ( #4069 ), #3189, .F. ) ;
#310 = VERTEX_POINT ( 'NONE', #4009 ) ;
#311 = CARTESIAN_POINT ( 'NONE',  ( -22.31242534221949825, 20.24437245649053452, 1.200000000000000178 ) ) ;
#312 = ORIENTED_EDGE ( 'NONE', *, *, #1207, .F. ) ;
#314 = DIRECTION ( 'NONE',  ( 0.000000000000000000, 0.000000000000000000, -1.000000000000000000 ) ) ;
#313 = AXIS2_PLACEMENT_3D ( 'NONE', #1909, #5097, #3796 ) ;
#315 = DIRECTION ( 'NONE',  ( 1.000000000000000000, -0.000000000000000000, 0.000000000000000000 ) ) ;
#316 = CARTESIAN_POINT ( 'NONE',  ( 18.00000000000000355, -19.05239533417509534, 3.779999999999998916 ) ) ;
#317 = ORIENTED_EDGE ( 'NONE', *, *, #3439, .F. ) ;
#318 = ORIENTED_EDGE ( 'NONE', *, *, #1797, .F. ) ;
#319 = ADVANCED_FACE ( 'NONE', ( #49 ), #2250, .T. ) ;
#320 = ORIENTED_EDGE ( 'NONE', *, *, #1879, .F. ) ;
#321 = CARTESIAN_POINT ( 'NONE',  ( -22.71242534221950393, 12.36579373369079882, -1.000000000000000000 ) ) ;
#322 = LINE ( 'NONE', #3819, #1790 ) ;
#323 = CARTESIAN_POINT ( 'NONE',  ( -22.31242534221949825, 20.24437245649053452, 0.000000000000000000 ) ) ;
#324 = ORIENTED_EDGE ( 'NONE', *, *, #4537, .T. ) ;
#325 = AXIS2_PLACEMENT_3D ( 'NONE', #5521, #173, #2770 ) ;
#326 = EDGE_CURVE ( 'NONE', #441, #1907, #1379, .T. ) ;
#327 = CARTESIAN_POINT ( 'NONE',  ( 15.13529148945094072, 18.60000000000000142, 5.200000000000001066 ) ) ;
#328 = ORIENTED_EDGE ( 'NONE', *, *, #4548, .F. ) ;
#329 = CARTESIAN_POINT ( 'NONE',  ( -22.71242534221950393, -16.19705362128172510, -1.000000000000000000 ) ) ;
#330 = ORIENTED_EDGE ( 'NONE', *, *, #2128, .F. ) ;
#331 = LINE ( 'NONE', #2552, #73 ) ;
#332 = EDGE_CURVE ( 'NONE', #2671, #130, #950, .T. ) ;
#333 = VECTOR ( 'NONE', #5341, 1000.000000000000000 ) ;
#334 = VERTEX_POINT ( 'NONE', #5433 ) ;
#335 = CYLINDRICAL_SURFACE ( 'NONE', #5409, 1.000000000000000000 ) ;
#336 = FACE_OUTER_BOUND ( 'NONE', #2044, .T. ) ;
#337 = DIRECTION ( 'NONE',  ( 0.000000000000000000, -0.000000000000000000, 1.000000000000000000 ) ) ;
#338 = VECTOR ( 'NONE', #1508, 1000.000000000000000 ) ;
#339 = CARTESIAN_POINT ( 'NONE',  ( -34.11242534221950251, 21.24437245649053452, 0.000000000000000000 ) ) ;
#340 = DIRECTION ( 'NONE',  ( -0.000000000000000000, -0.000000000000000000, 1.000000000000000000 ) ) ;
#341 = VERTEX_POINT ( 'NONE', #2780 ) ;
#342 = DIRECTION ( 'NONE',  ( 0.000000000000000000, 0.000000000000000000, -1.000000000000000000 ) ) ;
#343 = ORIENTED_EDGE ( 'NONE', *, *, #1699, .T. ) ;
#344 = VECTOR ( 'NONE', #2193, 1000.000000000000000 ) ;
#345 = CARTESIAN_POINT ( 'NONE',  ( -28.76858636361750143, 20.24437245649053452, -1.000000000000000000 ) ) ;
#346 = LINE ( 'NONE', #1680, #186 ) ;
#347 = EDGE_CURVE ( 'NONE', #2943, #233, #4531, .T. ) ;
#348 = DIRECTION ( 'NONE',  ( -1.000000000000000000, 0.000000000000000000, 0.000000000000000000 ) ) ;
#349 = EDGE_LOOP ( 'NONE', ( #371, #160, #5173, #4100 ) ) ;
#350 = ORIENTED_EDGE ( 'NONE', *, *, #2053, .F. ) ;
#351 = ORIENTED_EDGE ( 'NONE', *, *, #2313, .F. ) ;
#352 = CARTESIAN_POINT ( 'NONE',  ( -3.250000000000001332, -21.50000000000000000, 1.750000000000001776 ) ) ;
#353 = CARTESIAN_POINT ( 'NONE',  ( 16.40000000000000568, -21.50000000000000000, 6.200000000000000178 ) ) ;
#354 = EDGE_CURVE ( 'NONE', #1766, #5065, #2357, .T. ) ;
#355 = VECTOR ( 'NONE', #1036, 1000.000000000000000 ) ;
#356 = DIRECTION ( 'NONE',  ( 0.000000000000000000, -1.000000000000000000, 0.000000000000000000 ) ) ;
#357 = FACE_OUTER_BOUND ( 'NONE', #5269, .T. ) ;
#358 = ORIENTED_EDGE ( 'NONE', *, *, #2969, .T. ) ;
#359 = AXIS2_PLACEMENT_3D ( 'NONE', #4467, #2746, #4953 ) ;
#360 = FACE_OUTER_BOUND ( 'NONE', #4328, .T. ) ;
#361 = ADVANCED_FACE ( 'NONE', ( #4042 ), #5454, .T. ) ;
#362 = VERTEX_POINT ( 'NONE', #541 ) ;
#363 = DIRECTION ( 'NONE',  ( 0.000000000000000000, -1.000000000000000000, 0.000000000000000000 ) ) ;
#364 = ORIENTED_EDGE ( 'NONE', *, *, #3844, .F. ) ;
#365 = LINE ( 'NONE', #2066, #2804 ) ;
#366 = CARTESIAN_POINT ( 'NONE',  ( 7.000000000000004441, 18.60000000000000142, 4.200000000000000178 ) ) ;
#367 = CARTESIAN_POINT ( 'NONE',  ( 0.000000000000000000, 17.24437245649053452, 0.000000000000000000 ) ) ;
#368 = EDGE_CURVE ( 'NONE', #5281, #4519, #4581, .T. ) ;
#369 = DIRECTION ( 'NONE',  ( 1.000000000000000000, 0.000000000000000000, 0.000000000000000000 ) ) ;
#370 = FACE_OUTER_BOUND ( 'NONE', #5164, .T. ) ;
#371 = ORIENTED_EDGE ( 'NONE', *, *, #1418, .F. ) ;
#372 = DIRECTION ( 'NONE',  ( 1.000000000000000000, 0.000000000000000000, 0.000000000000000000 ) ) ;
#373 = ORIENTED_EDGE ( 'NONE', *, *, #577, .T. ) ;
#375 = ADVANCED_FACE ( 'NONE', ( #4554 ), #3601, .F. ) ;
#374 = CARTESIAN_POINT ( 'NONE',  ( -13.69999999999999396, -16.49999999999999645, 5.699999999999999289 ) ) ;
#376 = CARTESIAN_POINT ( 'NONE',  ( -15.95000873316724643, 18.29609250885616945, 5.200000000000001066 ) ) ;
#377 = CIRCLE ( 'NONE', #1570, 1.499999999999999556 ) ;
#378 = LINE ( 'NONE', #2537, #4977 ) ;
#379 = VECTOR ( 'NONE', #3171, 1000.000000000000000 ) ;
#380 = ORIENTED_EDGE ( 'NONE', *, *, #1455, .F. ) ;
#381 = VERTEX_POINT ( 'NONE', #2332 ) ;
#382 = VERTEX_POINT ( 'NONE', #4937 ) ;
#383 = LINE ( 'NONE', #5243, #4071 ) ;
#384 = DIRECTION ( 'NONE',  ( 1.000000000000000000, -0.000000000000000000, 0.000000000000000000 ) ) ;
#385 = DIRECTION ( 'NONE',  ( 0.000000000000000000, -0.000000000000000000, -1.000000000000000000 ) ) ;
#386 = PRODUCT_DEFINITION_FORMATION_WITH_SPECIFIED_SOURCE ( 'ä»', '', #5487, .NOT_KNOWN. ) ;
#387 = CARTESIAN_POINT ( 'NONE',  ( -34.37499718367292445, 20.24437245649053807, 1.200000000000000178 ) ) ;
#388 = ADVANCED_FACE ( 'NONE', ( #976 ), #2756, .F. ) ;
#389 = ORIENTED_EDGE ( 'NONE', *, *, #2122, .F. ) ;
#390 = ORIENTED_EDGE ( 'NONE', *, *, #2921, .F. ) ;
#391 = CIRCLE ( 'NONE', #3153, 1.000000000000000000 ) ;
#392 = DIRECTION ( 'NONE',  ( 0.000000000000000000, 0.000000000000000000, -1.000000000000000000 ) ) ;
#393 = ORIENTED_EDGE ( 'NONE', *, *, #5005, .T. ) ;
#394 = ADVANCED_FACE ( 'NONE', ( #2308 ), #108, .F. ) ;
#395 = CARTESIAN_POINT ( 'NONE',  ( -30.21242534221950393, -12.75562754350946193, -0.1999999999999998723 ) ) ;
#396 = CARTESIAN_POINT ( 'NONE',  ( -15.95000873316724643, 18.29609250885616945, 5.200000000000001066 ) ) ;
#397 = CARTESIAN_POINT ( 'NONE',  ( -20.71242534221950393, 19.64437245649053310, 0.7000000000000000666 ) ) ;
#398 = DIRECTION ( 'NONE',  ( 0.000000000000000000, 1.000000000000000000, 0.000000000000000000 ) ) ;
#399 = DIRECTION ( 'NONE',  ( -0.000000000000000000, -0.000000000000000000, 1.000000000000000000 ) ) ;
#400 = ORIENTED_EDGE ( 'NONE', *, *, #3806, .T. ) ;
#401 = EDGE_CURVE ( 'NONE', #1781, #3677, #4964, .T. ) ;
#402 = CARTESIAN_POINT ( 'NONE',  ( -27.46433655495782844, -19.75562754350946193, -1.000000000000000000 ) ) ;
#403 = ORIENTED_EDGE ( 'NONE', *, *, #1765, .T. ) ;
#404 = VECTOR ( 'NONE', #2931, 1000.000000000000000 ) ;
#405 = CARTESIAN_POINT ( 'NONE',  ( 15.52494343947779853, -18.36294314626284319, 5.200000000000001066 ) ) ;
#406 = LINE ( 'NONE', #3933, #2565 ) ;
#407 = VERTEX_POINT ( 'NONE', #1079 ) ;
#408 = ORIENTED_EDGE ( 'NONE', *, *, #1284, .T. ) ;
#409 = ORIENTED_EDGE ( 'NONE', *, *, #3753, .T. ) ;
#410 = FACE_OUTER_BOUND ( 'NONE', #1107, .T. ) ;
#411 = ORIENTED_EDGE ( 'NONE', *, *, #1779, .F. ) ;
#412 = CARTESIAN_POINT ( 'NONE',  ( -21.71242534221950393, 19.64437245649053310, 1.200000000000000178 ) ) ;
#413 = CARTESIAN_POINT ( 'NONE',  ( -21.71242534221950393, -0.6342062663092004060, -1.000000000000000000 ) ) ;
#414 = CARTESIAN_POINT ( 'NONE',  ( -55.71242534221949683, 19.64437245649053310, 1.200000000000000178 ) ) ;
#415 = AXIS2_PLACEMENT_3D ( 'NONE', #396, #457, #5227 ) ;
#416 = ORIENTED_EDGE ( 'NONE', *, *, #176, .F. ) ;
#417 = AXIS2_PLACEMENT_3D ( 'NONE', #1171, #2100, #1605 ) ;
#418 = EDGE_CURVE ( 'NONE', #2722, #535, #3408, .T. ) ;
#419 = VERTEX_POINT ( 'NONE', #1249 ) ;
#420 = FILL_AREA_STYLE_COLOUR ( '', #5339 ) ;
#421 = ORIENTED_EDGE ( 'NONE', *, *, #5234, .F. ) ;
#422 = AXIS2_PLACEMENT_3D ( 'NONE', #2611, #1321, #2674 ) ;
#423 = LINE ( 'NONE', #23, #692 ) ;
#424 = VECTOR ( 'NONE', #2384, 1000.000000000000000 ) ;
#425 = DIRECTION ( 'NONE',  ( -1.000000000000000000, -0.000000000000000000, -0.000000000000000000 ) ) ;
#426 = DIRECTION ( 'NONE',  ( -0.000000000000000000, -0.000000000000000000, 1.000000000000000000 ) ) ;
#427 = VECTOR ( 'NONE', #304, 1000.000000000000000 ) ;
#428 = EDGE_CURVE ( 'NONE', #4777, #3791, #2816, .T. ) ;
#429 = CIRCLE ( 'NONE', #1990, 1.350000000000004752 ) ;
#430 = CARTESIAN_POINT ( 'NONE',  ( 16.49999999999999289, 19.89999999999999858, 6.200000000000000178 ) ) ;
#431 = CARTESIAN_POINT ( 'NONE',  ( -16.40000000000000213, 20.49999999999999645, 4.200000000000000178 ) ) ;
#432 = ORIENTED_EDGE ( 'NONE', *, *, #2504, .F. ) ;
#433 = DIRECTION ( 'NONE',  ( 1.000000000000000000, -0.000000000000000000, 0.000000000000000000 ) ) ;
#434 = VERTEX_POINT ( 'NONE', #2946 ) ;
#435 = VECTOR ( 'NONE', #4379, 1000.000000000000000 ) ;
#436 = CYLINDRICAL_SURFACE ( 'NONE', #4181, 1.350000000000004086 ) ;
#437 = EDGE_CURVE ( 'NONE', #4149, #2270, #2054, .T. ) ;
#438 = DIRECTION ( 'NONE',  ( -1.000000000000000000, 0.000000000000000000, 0.000000000000000000 ) ) ;
#439 = ORIENTED_EDGE ( 'NONE', *, *, #3315, .F. ) ;
#440 = ORIENTED_EDGE ( 'NONE', *, *, #4600, .F. ) ;
#441 = VERTEX_POINT ( 'NONE', #2975 ) ;
#442 = DIRECTION ( 'NONE',  ( 0.000000000000000000, 0.000000000000000000, 1.000000000000000000 ) ) ;
#443 = ORIENTED_EDGE ( 'NONE', *, *, #5396, .T. ) ;
#444 = VECTOR ( 'NONE', #516, 1000.000000000000114 ) ;
#445 = DIRECTION ( 'NONE',  ( -1.000000000000000000, 0.000000000000000000, -0.000000000000000000 ) ) ;
#446 = ADVANCED_FACE ( 'NONE', ( #3910 ), #2513, .F. ) ;
#447 = DIRECTION ( 'NONE',  ( 0.000000000000000000, 0.000000000000000000, -1.000000000000000000 ) ) ;
#448 = VECTOR ( 'NONE', #5261, 1000.000000000000000 ) ;
#449 = DIRECTION ( 'NONE',  ( 0.000000000000000000, -1.668003342285391304E-16, 1.000000000000000000 ) ) ;
#450 = ORIENTED_EDGE ( 'NONE', *, *, #4507, .F. ) ;
#451 = EDGE_CURVE ( 'NONE', #1121, #3980, #322, .T. ) ;
#452 = EDGE_LOOP ( 'NONE', ( #4356, #4049, #1559, #911 ) ) ;
#453 = FACE_OUTER_BOUND ( 'NONE', #4512, .T. ) ;
#454 = VERTEX_POINT ( 'NONE', #2086 ) ;
#455 = AXIS2_PLACEMENT_3D ( 'NONE', #1800, #356, #385 ) ;
#456 = CARTESIAN_POINT ( 'NONE',  ( -56.71242534221949683, -21.75562754350946193, 0.7000000000000000666 ) ) ;
#457 = DIRECTION ( 'NONE',  ( 0.000000000000000000, 0.000000000000000000, -1.000000000000000000 ) ) ;
#458 = DIRECTION ( 'NONE',  ( -1.000000000000000000, 0.000000000000000000, 0.000000000000000000 ) ) ;
#459 = CARTESIAN_POINT ( 'NONE',  ( -16.99999999999999289, -18.49999999999999645, 1.000000000000000000 ) ) ;
#460 = CARTESIAN_POINT ( 'NONE',  ( -64.26002644001162878, 10.03124449578545274, -3.000000000000000000 ) ) ;
#461 = ORIENTED_EDGE ( 'NONE', *, *, #332, .T. ) ;
#462 = DIRECTION ( 'NONE',  ( 0.000000000000000000, 0.000000000000000000, -1.000000000000000000 ) ) ;
#463 = ORIENTED_EDGE ( 'NONE', *, *, #513, .T. ) ;
#464 = EDGE_CURVE ( 'NONE', #2971, #1343, #5588, .T. ) ;
#465 = DIRECTION ( 'NONE',  ( 0.000000000000000000, -0.7071067811865475727, 0.7071067811865475727 ) ) ;
#466 = EDGE_LOOP ( 'NONE', ( #3270, #4090, #799, #3476 ) ) ;
#467 = ORIENTED_EDGE ( 'NONE', *, *, #5148, .T. ) ;
#468 = VERTEX_POINT ( 'NONE', #5156 ) ;
#469 = CARTESIAN_POINT ( 'NONE',  ( -21.71242534221949683, -20.15562754350945696, 2.200000000000000178 ) ) ;
#470 = ORIENTED_EDGE ( 'NONE', *, *, #597, .T. ) ;
#471 = EDGE_CURVE ( 'NONE', #2715, #4922, #4724, .T. ) ;
#472 = CARTESIAN_POINT ( 'NONE',  ( -22.31242534221949825, 19.64437245649053310, 0.000000000000000000 ) ) ;
#473 = AXIS2_PLACEMENT_3D ( 'NONE', #281, #1144, #342 ) ;
#474 = AXIS2_PLACEMENT_3D ( 'NONE', #5008, #4620, #4217 ) ;
#475 = CARTESIAN_POINT ( 'NONE',  ( -35.46242534221950393, 20.81558672077196093, 1.750000000000000000 ) ) ;
#476 = FACE_OUTER_BOUND ( 'NONE', #995, .T. ) ;
#477 = CARTESIAN_POINT ( 'NONE',  ( -16.39999999999999503, -19.89999999999999858, 0.000000000000000000 ) ) ;
#478 = VECTOR ( 'NONE', #1592, 1000.000000000000000 ) ;
#479 = EDGE_CURVE ( 'NONE', #5281, #1037, #1716, .T. ) ;
#480 = ORIENTED_EDGE ( 'NONE', *, *, #154, .F. ) ;
#481 = ORIENTED_EDGE ( 'NONE', *, *, #2719, .T. ) ;
#482 = ORIENTED_EDGE ( 'NONE', *, *, #4824, .F. ) ;
#483 = DIRECTION ( 'NONE',  ( 0.000000000000000000, -1.000000000000000000, 0.000000000000000000 ) ) ;
#484 = VECTOR ( 'NONE', #3452, 1000.000000000000000 ) ;
#485 = LINE ( 'NONE', #3865, #1631 ) ;
#486 = LINE ( 'NONE', #3921, #2344 ) ;
#487 = DIRECTION ( 'NONE',  ( 1.000000000000000000, 1.613696256722611405E-16, -0.000000000000000000 ) ) ;
#488 = CYLINDRICAL_SURFACE ( 'NONE', #3197, 1.000000000000000000 ) ;
#489 = VERTEX_POINT ( 'NONE', #2482 ) ;
#490 = DIRECTION ( 'NONE',  ( 0.000000000000000000, 1.000000000000000000, 0.000000000000000000 ) ) ;
#491 = ORIENTED_EDGE ( 'NONE', *, *, #1296, .T. ) ;
#492 = DIRECTION ( 'NONE',  ( -0.000000000000000000, -0.000000000000000000, -1.000000000000000000 ) ) ;
#493 = ADVANCED_FACE ( 'NONE', ( #5652 ), #4318, .F. ) ;
#494 = ORIENTED_EDGE ( 'NONE', *, *, #5599, .T. ) ;
#495 = ORIENTED_EDGE ( 'NONE', *, *, #1974, .F. ) ;
#496 = ORIENTED_EDGE ( 'NONE', *, *, #1935, .T. ) ;
#497 = CARTESIAN_POINT ( 'NONE',  ( -62.26002644001162167, 9.031244495785450965, 0.2000000000000009548 ) ) ;
#498 = ORIENTED_EDGE ( 'NONE', *, *, #2469, .F. ) ;
#499 = VECTOR ( 'NONE', #4745, 1000.000000000000000 ) ;
#500 = DIRECTION ( 'NONE',  ( 0.000000000000000000, 0.000000000000000000, -1.000000000000000000 ) ) ;
#501 = CARTESIAN_POINT ( 'NONE',  ( -16.40000000000000213, 20.49999999999999645, 4.200000000000000178 ) ) ;
#502 = CARTESIAN_POINT ( 'NONE',  ( -22.71242534221950393, -16.19705362128172510, -1.000000000000000000 ) ) ;
#503 = ADVANCED_FACE ( 'NONE', ( #4257 ), #2118, .T. ) ;
#504 = ORIENTED_EDGE ( 'NONE', *, *, #91, .F. ) ;
#505 = ORIENTED_EDGE ( 'NONE', *, *, #1886, .F. ) ;
#506 = EDGE_CURVE ( 'NONE', #5684, #4881, #1281, .T. ) ;
#507 = ORIENTED_EDGE ( 'NONE', *, *, #3321, .T. ) ;
#508 = CARTESIAN_POINT ( 'NONE',  ( -55.11242534221950251, 19.64437245649053310, 1.200000000000000178 ) ) ;
#509 = VECTOR ( 'NONE', #4915, 999.9999999999998863 ) ;
#510 = CARTESIAN_POINT ( 'NONE',  ( -16.99999999999999289, -18.49999999999999645, 0.000000000000000000 ) ) ;
#511 = DIRECTION ( 'NONE',  ( 0.000000000000000000, -1.000000000000000000, 0.000000000000000000 ) ) ;
#512 = CARTESIAN_POINT ( 'NONE',  ( -16.99999999999999289, -19.89999999999999858, 0.000000000000000000 ) ) ;
#513 = EDGE_CURVE ( 'NONE', #5467, #691, #3004, .T. ) ;
#514 = ADVANCED_FACE ( 'NONE', ( #822 ), #3708, .F. ) ;
#515 = VECTOR ( 'NONE', #5100, 1000.000000000000000 ) ;
#516 = DIRECTION ( 'NONE',  ( -0.5773502691896255090, 0.5773502691896258421, 0.5773502691896258421 ) ) ;
#517 = ORIENTED_EDGE ( 'NONE', *, *, #5643, .T. ) ;
#518 = VECTOR ( 'NONE', #2055, 1000.000000000000000 ) ;
#519 = LINE ( 'NONE', #4048, #1893 ) ;
#520 = ORIENTED_EDGE ( 'NONE', *, *, #2469, .T. ) ;
#521 = CARTESIAN_POINT ( 'NONE',  ( -47.24545865296283154, 19.24437245649053096, 1.200000000000000178 ) ) ;
#522 = EDGE_LOOP ( 'NONE', ( #5380, #2172, #1777, #1941, #5056 ) ) ;
#523 = CARTESIAN_POINT ( 'NONE',  ( 16.39999999999999147, 19.89999999999999858, 0.000000000000000000 ) ) ;
#524 = VECTOR ( 'NONE', #1202, 1000.000000000000000 ) ;
#525 = VERTEX_POINT ( 'NONE', #4347 ) ;
#526 = AXIS2_PLACEMENT_3D ( 'NONE', #75, #1780, #1401 ) ;
#527 = PLANE ( 'NONE',  #1330 ) ;
#528 = LINE ( 'NONE', #4546, #996 ) ;
#529 = CARTESIAN_POINT ( 'NONE',  ( -21.71242534221950393, 12.36579373369079882, -1.000000000000000000 ) ) ;
#530 = CARTESIAN_POINT ( 'NONE',  ( -27.46433655495782844, -20.75562754350946193, -1.000000000000000000 ) ) ;
#531 = ORIENTED_EDGE ( 'NONE', *, *, #1181, .F. ) ;
#532 = VECTOR ( 'NONE', #2694, 1000.000000000000000 ) ;
#533 = EDGE_CURVE ( 'NONE', #90, #4801, #5479, .T. ) ;
#534 = CIRCLE ( 'NONE', #3755, 1.350000000000003642 ) ;
#535 = VERTEX_POINT ( 'NONE', #4150 ) ;
#536 = CARTESIAN_POINT ( 'NONE',  ( 14.27960312803934961, -21.50000000000000000, 3.779999999999999361 ) ) ;
#537 = EDGE_LOOP ( 'NONE', ( #1031, #1167, #2538, #3124 ) ) ;
#538 = DIRECTION ( 'NONE',  ( 0.000000000000000000, -1.000000000000000000, 0.000000000000000000 ) ) ;
#539 = DIRECTION ( 'NONE',  ( 0.000000000000000000, 0.000000000000000000, -1.000000000000000000 ) ) ;
#540 = EDGE_CURVE ( 'NONE', #3405, #2551, #1510, .T. ) ;
#541 = CARTESIAN_POINT ( 'NONE',  ( -62.26002644001162167, -2.668755504214548324, -2.000000000000000000 ) ) ;
#542 = DIRECTION ( 'NONE',  ( 1.000000000000000000, -0.000000000000000000, -0.000000000000000000 ) ) ;
#543 = DIRECTION ( 'NONE',  ( -1.000000000000000000, -0.000000000000000000, -0.000000000000000000 ) ) ;
#544 = VECTOR ( 'NONE', #2018, 1000.000000000000000 ) ;
#545 = CARTESIAN_POINT ( 'NONE',  ( 0.000000000000000000, 0.000000000000000000, 2.000000000000000000 ) ) ;
#546 = ORIENTED_EDGE ( 'NONE', *, *, #3666, .T. ) ;
#547 = CARTESIAN_POINT ( 'NONE',  ( -55.71242534221949683, -15.25562754350946371, 1.200000000000000178 ) ) ;
#548 = ADVANCED_FACE ( 'NONE', ( #66 ), #3971, .F. ) ;
#549 = VECTOR ( 'NONE', #5391, 1000.000000000000000 ) ;
#550 = DIRECTION ( 'NONE',  ( 0.000000000000000000, 0.000000000000000000, -1.000000000000000000 ) ) ;
#551 = ORIENTED_EDGE ( 'NONE', *, *, #2512, .F. ) ;
#552 = FACE_OUTER_BOUND ( 'NONE', #4946, .T. ) ;
#553 = EDGE_LOOP ( 'NONE', ( #1683, #1622, #2107, #409, #1466, #4315, #5361, #4435 ) ) ;
#554 = ADVANCED_FACE ( 'NONE', ( #4491 ), #527, .F. ) ;
#555 = CARTESIAN_POINT ( 'NONE',  ( -13.69999999999999396, -16.49999999999999645, 5.699999999999999289 ) ) ;
#556 = DIRECTION ( 'NONE',  ( 1.000000000000000000, -0.000000000000000000, 0.000000000000000000 ) ) ;
#557 = DIRECTION ( 'NONE',  ( 0.000000000000000000, 0.000000000000000000, -1.000000000000000000 ) ) ;
#558 = CARTESIAN_POINT ( 'NONE',  ( -33.17042946784389557, 20.24437245649053452, -1.000000000000000000 ) ) ;
#559 = ORIENTED_EDGE ( 'NONE', *, *, #1676, .T. ) ;
#560 = VECTOR ( 'NONE', #4487, 1000.000000000000000 ) ;
#561 = VECTOR ( 'NONE', #284, 1000.000000000000000 ) ;
#562 = ORIENTED_EDGE ( 'NONE', *, *, #4778, .F. ) ;
#563 = DIRECTION ( 'NONE',  ( 0.000000000000000000, 0.000000000000000000, -1.000000000000000000 ) ) ;
#564 = AXIS2_PLACEMENT_3D ( 'NONE', #5062, #4191, #1961 ) ;
#565 = ADVANCED_FACE ( 'NONE', ( #5389 ), #585, .T. ) ;
#566 = ORIENTED_EDGE ( 'NONE', *, *, #1356, .T. ) ;
#567 = DIRECTION ( 'NONE',  ( 1.000000000000000000, 0.000000000000000000, 0.000000000000000000 ) ) ;
#568 = DIRECTION ( 'NONE',  ( -1.000000000000000000, -0.000000000000000000, -0.000000000000000000 ) ) ;
#569 = DIRECTION ( 'NONE',  ( 1.000000000000000000, 0.000000000000000000, 0.000000000000000000 ) ) ;
#570 = LINE ( 'NONE', #3192, #444 ) ;
#571 = EDGE_CURVE ( 'NONE', #3918, #468, #3591, .T. ) ;
#572 = VERTEX_POINT ( 'NONE', #3125 ) ;
#573 = DIRECTION ( 'NONE',  ( 0.000000000000000000, 0.000000000000000000, 1.000000000000000000 ) ) ;
#574 = VECTOR ( 'NONE', #1494, 1000.000000000000000 ) ;
#575 = APPLICATION_PROTOCOL_DEFINITION ( 'draft international standard', 'automotive_design', 1998, #3429 ) ;
#576 = DIRECTION ( 'NONE',  ( -1.000000000000000000, -1.613696256722610173E-16, 0.000000000000000000 ) ) ;
#577 = EDGE_CURVE ( 'NONE', #691, #310, #1046, .T. ) ;
#578 = ORIENTED_EDGE ( 'NONE', *, *, #4173, .F. ) ;
#579 = FACE_OUTER_BOUND ( 'NONE', #4459, .T. ) ;
#580 = CARTESIAN_POINT ( 'NONE',  ( -35.46242534221950393, 13.24437245649053452, 0.3999999999999951927 ) ) ;
#581 = LINE ( 'NONE', #5468, #3559 ) ;
#582 = CARTESIAN_POINT ( 'NONE',  ( 4.600000000000000533, -21.50000000000000000, 0.4000000000000007438 ) ) ;
#583 = DIRECTION ( 'NONE',  ( -0.000000000000000000, 1.000000000000000000, -0.000000000000000000 ) ) ;
#584 = DIRECTION ( 'NONE',  ( 0.000000000000000000, -1.000000000000000000, 0.000000000000000000 ) ) ;
#585 = TOROIDAL_SURFACE ( 'NONE', #3818, 0.1000000000000000472, 1.500000000000000000 ) ;
#586 = VERTEX_POINT ( 'NONE', #412 ) ;
#587 = DIRECTION ( 'NONE',  ( 1.613696256722611405E-16, -1.000000000000000000, 0.000000000000000000 ) ) ;
#588 = ORIENTED_EDGE ( 'NONE', *, *, #254, .F. ) ;
#589 = CARTESIAN_POINT ( 'NONE',  ( -62.76002644001162167, 9.031244495785450965, -1.000000000000000000 ) ) ;
#590 = AXIS2_PLACEMENT_3D ( 'NONE', #329, #673, #5629 ) ;
#591 = DIRECTION ( 'NONE',  ( -1.000000000000000000, -1.734723475976793684E-15, 0.000000000000000000 ) ) ;
#592 = EDGE_CURVE ( 'NONE', #3838, #1169, #5711, .T. ) ;
#593 = CARTESIAN_POINT ( 'NONE',  ( -56.71242534221949683, 17.86482558626675399, 0.7955826257768141563 ) ) ;
#594 = DIRECTION ( 'NONE',  ( -0.000000000000000000, 0.000000000000000000, -1.000000000000000000 ) ) ;
#595 = ORIENTED_EDGE ( 'NONE', *, *, #5550, .F. ) ;
#596 = CARTESIAN_POINT ( 'NONE',  ( -16.39999999999999503, -19.89999999999999858, 6.200000000000000178 ) ) ;
#597 = EDGE_CURVE ( 'NONE', #1837, #2875, #3066, .T. ) ;
#598 = VECTOR ( 'NONE', #5484, 1000.000000000000000 ) ;
#599 = CARTESIAN_POINT ( 'NONE',  ( -21.71242534221950393, -0.6342062663092004060, -1.000000000000000000 ) ) ;
#600 = AXIS2_PLACEMENT_3D ( 'NONE', #2693, #445, #3530 ) ;
#601 = DIRECTION ( 'NONE',  ( -0.000000000000000000, -0.000000000000000000, 1.000000000000000000 ) ) ;
#602 = VERTEX_POINT ( 'NONE', #2295 ) ;
#603 = DIRECTION ( 'NONE',  ( -1.000000000000000000, 0.000000000000000000, 0.000000000000000000 ) ) ;
#604 = CARTESIAN_POINT ( 'NONE',  ( -62.26002644001162167, 10.23124449578545203, -2.000000000000000000 ) ) ;
#605 = EDGE_CURVE ( 'NONE', #2170, #1524, #3094, .T. ) ;
#606 = AXIS2_PLACEMENT_3D ( 'NONE', #2880, #2916, #2852 ) ;
#607 = DIRECTION ( 'NONE',  ( -1.000000000000000000, 0.000000000000000000, 0.000000000000000000 ) ) ;
#608 = LINE ( 'NONE', #689, #242 ) ;
#609 = CARTESIAN_POINT ( 'NONE',  ( 16.40000000000000213, -19.99999999999998579, 4.699999999999999289 ) ) ;
#610 = VECTOR ( 'NONE', #399, 1000.000000000000000 ) ;
#611 = PLANE ( 'NONE',  #2686 ) ;
#612 = VECTOR ( 'NONE', #1322, 1000.000000000000000 ) ;
#613 = ADVANCED_FACE ( 'NONE', ( #1420 ), #2238, .F. ) ;
#614 = EDGE_CURVE ( 'NONE', #4536, #4149, #4465, .T. ) ;
#615 = VECTOR ( 'NONE', #1746, 1000.000000000000000 ) ;
#616 = ORIENTED_EDGE ( 'NONE', *, *, #4959, .F. ) ;
#617 = CARTESIAN_POINT ( 'NONE',  ( -42.12055366659820521, 20.81558672077196093, 1.750000000000001332 ) ) ;
#618 = DIRECTION ( 'NONE',  ( -1.000000000000000000, 0.000000000000000000, 0.000000000000000000 ) ) ;
#619 = ORIENTED_EDGE ( 'NONE', *, *, #4768, .F. ) ;
#620 = AXIS2_PLACEMENT_3D ( 'NONE', #460, #1007, #4510 ) ;
#621 = EDGE_CURVE ( 'NONE', #5086, #1955, #3615, .T. ) ;
#622 = CARTESIAN_POINT ( 'NONE',  ( -43.04985350076608341, 13.24437245649053452, 1.200000000000000178 ) ) ;
#623 = LINE ( 'NONE', #4151, #983 ) ;
#624 = DIRECTION ( 'NONE',  ( 0.000000000000000000, -1.000000000000000000, -9.427844978134823898E-17 ) ) ;
#625 = ORIENTED_EDGE ( 'NONE', *, *, #4530, .F. ) ;
#626 = CARTESIAN_POINT ( 'NONE',  ( -28.76858636361750143, 20.24437245649053452, -1.000000000000000000 ) ) ;
#627 = AXIS2_PLACEMENT_3D ( 'NONE', #5703, #1791, #1737 ) ;
#628 = DIRECTION ( 'NONE',  ( 0.000000000000000000, -1.000000000000000000, 0.000000000000000000 ) ) ;
#629 = CARTESIAN_POINT ( 'NONE',  ( 13.70000000000000107, 10.90000000000000036, 5.200000000000000178 ) ) ;
#630 = ADVANCED_FACE ( 'NONE', ( #2716 ), #4924, .F. ) ;
#631 = ORIENTED_EDGE ( 'NONE', *, *, #3356, .T. ) ;
#632 = LINE ( 'NONE', #249, #1301 ) ;
#633 = CARTESIAN_POINT ( 'NONE',  ( -55.71242534221949683, -15.25562754350946371, 0.000000000000000000 ) ) ;
#634 = VECTOR ( 'NONE', #3645, 1000.000000000000000 ) ;
#635 = FACE_OUTER_BOUND ( 'NONE', #3342, .T. ) ;
#636 = CARTESIAN_POINT ( 'NONE',  ( 15.13529148945094072, 18.60000000000000142, 5.200000000000001066 ) ) ;
#637 = CARTESIAN_POINT ( 'NONE',  ( -56.71242534221949683, 20.24437245649053452, 2.200000000000000178 ) ) ;
#638 = EDGE_CURVE ( 'NONE', #1129, #2480, #95, .T. ) ;
#639 = LINE ( 'NONE', #5557, #5546 ) ;
#640 = DIRECTION ( 'NONE',  ( -0.000000000000000000, -0.000000000000000000, 1.000000000000000000 ) ) ;
#641 = ORIENTED_EDGE ( 'NONE', *, *, #4945, .T. ) ;
#642 = DIRECTION ( 'NONE',  ( -0.000000000000000000, -0.000000000000000000, -1.000000000000000000 ) ) ;
#643 = ADVANCED_FACE ( 'NONE', ( #5332 ), #3499, .F. ) ;
#644 = CARTESIAN_POINT ( 'NONE',  ( -17.99999999999999645, -19.89999999999999503, 0.000000000000000000 ) ) ;
#645 = ORIENTED_EDGE ( 'NONE', *, *, #1019, .T. ) ;
#646 = CARTESIAN_POINT ( 'NONE',  ( -62.26002644001162167, -0.4187555042145468809, -2.150000000000001243 ) ) ;
#647 = LINE ( 'NONE', #5506, #1522 ) ;
#648 = AXIS2_PLACEMENT_3D ( 'NONE', #4689, #762, #5587 ) ;
#649 = FACE_OUTER_BOUND ( 'NONE', #3959, .T. ) ;
#650 = EDGE_LOOP ( 'NONE', ( #47, #1442, #4342, #3669 ) ) ;
#651 = DIRECTION ( 'NONE',  ( 0.000000000000000000, 0.000000000000000000, -1.000000000000000000 ) ) ;
#652 = CARTESIAN_POINT ( 'NONE',  ( -62.76002644001162167, -2.468755504214548147, -1.000000000000000000 ) ) ;
#653 = CARTESIAN_POINT ( 'NONE',  ( -4.600000000000004974, -20.49999999999999645, 0.3999999999999978018 ) ) ;
#654 = ORIENTED_EDGE ( 'NONE', *, *, #679, .F. ) ;
#655 = ORIENTED_EDGE ( 'NONE', *, *, #1818, .T. ) ;
#656 = LINE ( 'NONE', #3201, #1020 ) ;
#657 = ORIENTED_EDGE ( 'NONE', *, *, #5069, .T. ) ;
#658 = DIRECTION ( 'NONE',  ( -1.000000000000000000, 0.000000000000000000, 0.000000000000000000 ) ) ;
#659 = CARTESIAN_POINT ( 'NONE',  ( -62.76002644001162167, -1.468755504214547258, -3.200000000000000178 ) ) ;
#660 = ADVANCED_FACE ( 'NONE', ( #4408 ), #2662, .F. ) ;
#661 = CIRCLE ( 'NONE', #2146, 1.350000000000001421 ) ;
#662 = CARTESIAN_POINT ( 'NONE',  ( -55.71242534221949683, -15.25562754350946371, -1.000000000000000000 ) ) ;
#663 = ORIENTED_EDGE ( 'NONE', *, *, #1982, .T. ) ;
#664 = CARTESIAN_POINT ( 'NONE',  ( -22.71242534221950393, -16.19705362128172510, -1.000000000000000000 ) ) ;
#665 = EDGE_CURVE ( 'NONE', #2092, #5555, #2805, .T. ) ;
#666 = CARTESIAN_POINT ( 'NONE',  ( -62.76002644001162167, 9.031244495785450965, 0.000000000000000000 ) ) ;
#667 = ORIENTED_EDGE ( 'NONE', *, *, #3982, .T. ) ;
#668 = VECTOR ( 'NONE', #1841, 1000.000000000000000 ) ;
#669 = DIRECTION ( 'NONE',  ( 0.000000000000000000, 1.000000000000000000, -0.000000000000000000 ) ) ;
#670 = DIRECTION ( 'NONE',  ( 0.000000000000000000, -0.000000000000000000, -1.000000000000000000 ) ) ;
#671 = ORIENTED_EDGE ( 'NONE', *, *, #4607, .F. ) ;
#672 = STYLED_ITEM ( 'NONE', ( #951 ), #1710 ) ;
#673 = DIRECTION ( 'NONE',  ( 1.000000000000000000, 0.000000000000000000, 0.000000000000000000 ) ) ;
#674 = EDGE_CURVE ( 'NONE', #132, #2956, #1041, .T. ) ;
#675 = CARTESIAN_POINT ( 'NONE',  ( -27.46433655495782844, -20.75562754350946193, 0.000000000000000000 ) ) ;
#676 = EDGE_LOOP ( 'NONE', ( #3494, #2235, #1832, #5473 ) ) ;
#677 = CARTESIAN_POINT ( 'NONE',  ( -13.69999999999999751, 10.90000000000000036, 5.699999999999999289 ) ) ;
#678 = CYLINDRICAL_SURFACE ( 'NONE', #5235, 1.000000000000000000 ) ;
#679 = EDGE_CURVE ( 'NONE', #3064, #1334, #2373, .T. ) ;
#680 = ADVANCED_FACE ( 'NONE', ( #3173 ), #3695, .F. ) ;
#681 = DIRECTION ( 'NONE',  ( -0.000000000000000000, -0.000000000000000000, 1.000000000000000000 ) ) ;
#682 = LINE ( 'NONE', #4590, #1541 ) ;
#683 = DIRECTION ( 'NONE',  ( 0.000000000000000000, 1.000000000000000000, 0.000000000000000000 ) ) ;
#684 = VERTEX_POINT ( 'NONE', #4567 ) ;
#685 = CARTESIAN_POINT ( 'NONE',  ( -4.600000000000004974, -19.49999999999999645, 0.3999999999999978018 ) ) ;
#686 = ORIENTED_EDGE ( 'NONE', *, *, #900, .T. ) ;
#687 = VECTOR ( 'NONE', #5168, 999.9999999999998863 ) ;
#688 = DIRECTION ( 'NONE',  ( 1.000000000000000000, 0.000000000000000000, 0.000000000000000000 ) ) ;
#689 = CARTESIAN_POINT ( 'NONE',  ( -51.40698321814510763, -20.75562754350946193, -1.000000000000000000 ) ) ;
#690 = PLANE ( 'NONE',  #5623 ) ;
#691 = VERTEX_POINT ( 'NONE', #2793 ) ;
#692 = VECTOR ( 'NONE', #4882, 1000.000000000000000 ) ;
#693 = ORIENTED_EDGE ( 'NONE', *, *, #3898, .T. ) ;
#694 = EDGE_LOOP ( 'NONE', ( #5117, #1332, #919, #1192 ) ) ;
#695 = CARTESIAN_POINT ( 'NONE',  ( -55.21242534221949683, 0.000000000000000000, 0.7000000000000000666 ) ) ;
#696 = AXIS2_PLACEMENT_3D ( 'NONE', #4509, #543, #4072 ) ;
#697 = AXIS2_PLACEMENT_3D ( 'NONE', #776, #4613, #2465 ) ;
#698 = VECTOR ( 'NONE', #3238, 1000.000000000000000 ) ;
#699 = CARTESIAN_POINT ( 'NONE',  ( -43.27867000032831868, 21.24437245649053452, 0.7000000000000007327 ) ) ;
#700 = ORIENTED_EDGE ( 'NONE', *, *, #231, .T. ) ;
#701 = FACE_OUTER_BOUND ( 'NONE', #5244, .T. ) ;
#702 = LINE ( 'NONE', #1049, #3570 ) ;
#703 = EDGE_CURVE ( 'NONE', #5618, #1802, #5418, .T. ) ;
#704 = ORIENTED_EDGE ( 'NONE', *, *, #2169, .F. ) ;
#705 = VECTOR ( 'NONE', #1285, 1000.000000000000000 ) ;
#706 = PLANE ( 'NONE',  #5579 ) ;
#707 = DIRECTION ( 'NONE',  ( -0.000000000000000000, 1.000000000000000000, -0.000000000000000000 ) ) ;
#708 = ORIENTED_EDGE ( 'NONE', *, *, #5539, .F. ) ;
#709 = EDGE_CURVE ( 'NONE', #1965, #3433, #581, .T. ) ;
#710 = VECTOR ( 'NONE', #3219, 1000.000000000000000 ) ;
#711 = DIRECTION ( 'NONE',  ( -0.000000000000000000, 1.000000000000000000, 0.000000000000000000 ) ) ;
#712 = FACE_OUTER_BOUND ( 'NONE', #2449, .T. ) ;
#713 = CIRCLE ( 'NONE', #5248, 0.5999999999999998668 ) ;
#714 = CARTESIAN_POINT ( 'NONE',  ( -22.31242534221949825, 21.24437245649053452, 2.200000000000000178 ) ) ;
#715 = VECTOR ( 'NONE', #4241, 1000.000000000000000 ) ;
#716 = LINE ( 'NONE', #3742, #5714 ) ;
#717 = ORIENTED_EDGE ( 'NONE', *, *, #3104, .F. ) ;
#718 = CARTESIAN_POINT ( 'NONE',  ( -64.26002644001162878, 3.881244495785452386, 0.000000000000000000 ) ) ;
#719 = ORIENTED_EDGE ( 'NONE', *, *, #1676, .F. ) ;
#720 = EDGE_CURVE ( 'NONE', #2406, #3727, #5030, .T. ) ;
#721 = LINE ( 'NONE', #402, #4484 ) ;
#722 = ORIENTED_EDGE ( 'NONE', *, *, #3240, .T. ) ;
#723 = LINE ( 'NONE', #3308, #101 ) ;
#724 = CARTESIAN_POINT ( 'NONE',  ( 16.99999999999999289, -18.10000000000000142, 2.100000000000000089 ) ) ;
#725 = FACE_OUTER_BOUND ( 'NONE', #734, .T. ) ;
#726 = VECTOR ( 'NONE', #3964, 1000.000000000000000 ) ;
#727 = ORIENTED_EDGE ( 'NONE', *, *, #5472, .F. ) ;
#728 = ORIENTED_EDGE ( 'NONE', *, *, #5234, .T. ) ;
#729 = AXIS2_PLACEMENT_3D ( 'NONE', #1223, #1593, #4753 ) ;
#730 = ORIENTED_EDGE ( 'NONE', *, *, #51, .F. ) ;
#731 = EDGE_CURVE ( 'NONE', #5183, #3569, #5035, .T. ) ;
#732 = DIRECTION ( 'NONE',  ( -1.000000000000000000, 0.000000000000000000, 0.000000000000000000 ) ) ;
#733 = LINE ( 'NONE', #5500, #2362 ) ;
#734 = EDGE_LOOP ( 'NONE', ( #5719, #3761, #3180, #5687 ) ) ;
#735 = CARTESIAN_POINT ( 'NONE',  ( -26.71242534221950393, -12.75562754350946193, -0.1999999999999998723 ) ) ;
#736 = CARTESIAN_POINT ( 'NONE',  ( -18.00000000000000355, -5.899999999999998579, 0.000000000000000000 ) ) ;
#737 = ORIENTED_EDGE ( 'NONE', *, *, #720, .F. ) ;
#738 = LINE ( 'NONE', #2460, #1606 ) ;
#739 = EDGE_CURVE ( 'NONE', #4876, #3311, #3204, .T. ) ;
#740 = ORIENTED_EDGE ( 'NONE', *, *, #1513, .F. ) ;
#741 = DIRECTION ( 'NONE',  ( 0.000000000000000000, -0.000000000000000000, 1.000000000000000000 ) ) ;
#742 = ORIENTED_EDGE ( 'NONE', *, *, #2733, .F. ) ;
#743 = CARTESIAN_POINT ( 'NONE',  ( -26.71242534221950393, -11.75562754350946371, 1.200000000000000178 ) ) ;
#744 = FACE_OUTER_BOUND ( 'NONE', #4702, .T. ) ;
#745 = VECTOR ( 'NONE', #4244, 1000.000000000000000 ) ;
#746 = VECTOR ( 'NONE', #2940, 1000.000000000000000 ) ;
#747 = CARTESIAN_POINT ( 'NONE',  ( -56.71242534221949683, -21.75562754350946193, 2.200000000000000178 ) ) ;
#748 = EDGE_CURVE ( 'NONE', #4603, #419, #3255, .T. ) ;
#749 = DIRECTION ( 'NONE',  ( 0.000000000000000000, -1.000000000000000000, 0.000000000000000000 ) ) ;
#750 = CARTESIAN_POINT ( 'NONE',  ( -51.40698321814510763, -20.75562754350946193, 0.000000000000000000 ) ) ;
#751 = VECTOR ( 'NONE', #3179, 1000.000000000000000 ) ;
#752 = VERTEX_POINT ( 'NONE', #2345 ) ;
#753 = LINE ( 'NONE', #5144, #2720 ) ;
#754 = VERTEX_POINT ( 'NONE', #2845 ) ;
#755 = DIRECTION ( 'NONE',  ( -0.000000000000000000, 0.000000000000000000, -1.000000000000000000 ) ) ;
#756 = CARTESIAN_POINT ( 'NONE',  ( -21.71242534221950038, -0.6342062663091986296, 2.200000000000000178 ) ) ;
#757 = EDGE_CURVE ( 'NONE', #2555, #381, #4545, .T. ) ;
#758 = DIRECTION ( 'NONE',  ( 0.000000000000000000, -0.000000000000000000, 1.000000000000000000 ) ) ;
#759 = VERTEX_POINT ( 'NONE', #2822 ) ;
#760 = ORIENTED_EDGE ( 'NONE', *, *, #5057, .T. ) ;
#761 = ORIENTED_EDGE ( 'NONE', *, *, #5725, .T. ) ;
#762 = DIRECTION ( 'NONE',  ( -0.000000000000000000, 0.000000000000000000, 1.000000000000000000 ) ) ;
#763 = AXIS2_PLACEMENT_3D ( 'NONE', #2366, #628, #1953 ) ;
#764 = CARTESIAN_POINT ( 'NONE',  ( -55.11242534221950251, -20.15562754350946051, 0.000000000000000000 ) ) ;
#765 = ADVANCED_FACE ( 'NONE', ( #635 ), #2395, .T. ) ;
#766 = CARTESIAN_POINT ( 'NONE',  ( -16.40000000000000213, 20.49999999999999645, 4.200000000000000178 ) ) ;
#767 = EDGE_LOOP ( 'NONE', ( #2837, #4153, #4930, #4364 ) ) ;
#768 = DIRECTION ( 'NONE',  ( 1.000000000000000000, -0.000000000000000000, -0.000000000000000000 ) ) ;
#769 = VERTEX_POINT ( 'NONE', #195 ) ;
#770 = DIRECTION ( 'NONE',  ( 1.613696256722611652E-16, -1.000000000000000000, 0.000000000000000000 ) ) ;
#771 = ORIENTED_EDGE ( 'NONE', *, *, #93, .F. ) ;
#772 = SURFACE_STYLE_FILL_AREA ( #1289 ) ;
#773 = ORIENTED_EDGE ( 'NONE', *, *, #4974, .F. ) ;
#774 = CARTESIAN_POINT ( 'NONE',  ( -43.04985350076608341, 13.24437245649053452, 1.200000000000000178 ) ) ;
#775 = EDGE_CURVE ( 'NONE', #454, #1376, #1853, .T. ) ;
#776 = CARTESIAN_POINT ( 'NONE',  ( -64.26002644001162878, 3.681244495785451765, -3.000000000000000000 ) ) ;
#777 = PLANE ( 'NONE',  #1878 ) ;
#778 = CARTESIAN_POINT ( 'NONE',  ( -62.76002644001162167, -2.668755504214548324, -2.000000000000000000 ) ) ;
#779 = FACE_OUTER_BOUND ( 'NONE', #33, .T. ) ;
#780 = ORIENTED_EDGE ( 'NONE', *, *, #621, .T. ) ;
#781 = PLANE ( 'NONE',  #2533 ) ;
#782 = VERTEX_POINT ( 'NONE', #3230 ) ;
#783 = EDGE_CURVE ( 'NONE', #2971, #1917, #5493, .T. ) ;
#784 = LINE ( 'NONE', #2566, #1337 ) ;
#785 = CARTESIAN_POINT ( 'NONE',  ( -56.71242534221949683, 20.24437245649053452, 2.200000000000000178 ) ) ;
#786 = PLANE ( 'NONE',  #2382 ) ;
#787 = ORIENTED_EDGE ( 'NONE', *, *, #3589, .T. ) ;
#788 = ORIENTED_EDGE ( 'NONE', *, *, #2546, .F. ) ;
#789 = ORIENTED_EDGE ( 'NONE', *, *, #4117, .F. ) ;
#790 = LINE ( 'NONE', #2542, #3412 ) ;
#791 = EDGE_CURVE ( 'NONE', #1802, #1169, #1015, .T. ) ;
#792 = DIRECTION ( 'NONE',  ( -1.000000000000000000, 0.000000000000000000, 0.000000000000000000 ) ) ;
#793 = AXIS2_PLACEMENT_3D ( 'NONE', #4426, #462, #2226 ) ;
#794 = LINE ( 'NONE', #2024, #4490 ) ;
#795 = AXIS2_PLACEMENT_3D ( 'NONE', #2757, #163, #1896 ) ;
#796 = DIRECTION ( 'NONE',  ( -0.000000000000000000, 0.000000000000000000, 1.000000000000000000 ) ) ;
#797 = ORIENTED_EDGE ( 'NONE', *, *, #5192, .T. ) ;
#798 = CARTESIAN_POINT ( 'NONE',  ( -22.21242534221950393, 19.64437245649053310, 2.200000000000000178 ) ) ;
#799 = ORIENTED_EDGE ( 'NONE', *, *, #2610, .F. ) ;
#800 = DIRECTION ( 'NONE',  ( 1.000000000000000000, 0.000000000000000000, 0.000000000000000000 ) ) ;
#801 = ORIENTED_EDGE ( 'NONE', *, *, #5660, .F. ) ;
#802 = CARTESIAN_POINT ( 'NONE',  ( -62.76002644001162167, -1.468755504214547258, -3.200000000000000178 ) ) ;
#803 = ADVANCED_FACE ( 'NONE', ( #5444 ), #1880, .F. ) ;
#804 = CARTESIAN_POINT ( 'NONE',  ( -21.71242534221950393, -16.19705362128172510, -1.000000000000000000 ) ) ;
#805 = LINE ( 'NONE', #714, #404 ) ;
#806 = DIRECTION ( 'NONE',  ( 0.000000000000000000, 0.000000000000000000, -1.000000000000000000 ) ) ;
#807 = VECTOR ( 'NONE', #1673, 1000.000000000000000 ) ;
#808 = CARTESIAN_POINT ( 'NONE',  ( -22.31242534221949469, -21.75562754350946193, 2.200000000000000178 ) ) ;
#809 = VERTEX_POINT ( 'NONE', #555 ) ;
#810 = CARTESIAN_POINT ( 'NONE',  ( -33.17042946784389557, 20.24437245649053452, -1.000000000000000000 ) ) ;
#811 = VERTEX_POINT ( 'NONE', #4085 ) ;
#812 = VECTOR ( 'NONE', #3592, 1000.000000000000000 ) ;
#813 = VECTOR ( 'NONE', #1756, 1000.000000000000000 ) ;
#814 = CARTESIAN_POINT ( 'NONE',  ( 0.000000000000000000, -20.75562754350946193, 1.200000000000000178 ) ) ;
#815 = DIRECTION ( 'NONE',  ( -0.000000000000000000, -0.000000000000000000, 1.000000000000000000 ) ) ;
#816 = LINE ( 'NONE', #905, #726 ) ;
#817 = EDGE_CURVE ( 'NONE', #2935, #238, #3748, .T. ) ;
#818 = EDGE_LOOP ( 'NONE', ( #5327, #700, #4401, #3905 ) ) ;
#819 = ORIENTED_EDGE ( 'NONE', *, *, #3009, .F. ) ;
#820 = ORIENTED_EDGE ( 'NONE', *, *, #1126, .T. ) ;
#821 = DIRECTION ( 'NONE',  ( 0.000000000000000000, 1.000000000000000000, 0.000000000000000000 ) ) ;
#822 = FACE_OUTER_BOUND ( 'NONE', #3990, .T. ) ;
#823 = VECTOR ( 'NONE', #3339, 1000.000000000000000 ) ;
#824 = DIRECTION ( 'NONE',  ( 0.000000000000000000, 1.000000000000000000, 0.000000000000000000 ) ) ;
#825 = EDGE_CURVE ( 'NONE', #3906, #4406, #723, .T. ) ;
#826 = CARTESIAN_POINT ( 'NONE',  ( 16.99999999999999289, -18.10000000000000142, 2.100000000000000089 ) ) ;
#827 = ORIENTED_EDGE ( 'NONE', *, *, #91, .T. ) ;
#828 = AXIS2_PLACEMENT_3D ( 'NONE', #5217, #3500, #1370 ) ;
#829 = ORIENTED_EDGE ( 'NONE', *, *, #3186, .T. ) ;
#830 = EDGE_CURVE ( 'NONE', #2875, #8, #1147, .T. ) ;
#831 = CARTESIAN_POINT ( 'NONE',  ( -18.00000000000000355, 21.50000000000000000, 0.000000000000000000 ) ) ;
#832 = ORIENTED_EDGE ( 'NONE', *, *, #605, .T. ) ;
#833 = CARTESIAN_POINT ( 'NONE',  ( -15.95000000000000284, 17.66412788751637564, 5.200000000000001066 ) ) ;
#834 = CARTESIAN_POINT ( 'NONE',  ( 0.000000000000000000, 0.000000000000000000, -1.000000000000000000 ) ) ;
#835 = FACE_OUTER_BOUND ( 'NONE', #2422, .T. ) ;
#836 = LINE ( 'NONE', #1235, #813 ) ;
#837 = LINE ( 'NONE', #3485, #3101 ) ;
#838 = ORIENTED_EDGE ( 'NONE', *, *, #246, .T. ) ;
#839 = DIRECTION ( 'NONE',  ( 0.000000000000000000, -1.000000000000000000, 0.000000000000000000 ) ) ;
#840 = ORIENTED_EDGE ( 'NONE', *, *, #2241, .F. ) ;
#841 = AXIS2_PLACEMENT_3D ( 'NONE', #2511, #4284, #4750 ) ;
#842 = DIRECTION ( 'NONE',  ( -0.000000000000000000, 0.000000000000000000, -1.000000000000000000 ) ) ;
#843 = VECTOR ( 'NONE', #4216, 1000.000000000000000 ) ;
#844 = PLANE ( 'NONE',  #3862 ) ;
#845 = VECTOR ( 'NONE', #5528, 1000.000000000000000 ) ;
#846 = VERTEX_POINT ( 'NONE', #2474 ) ;
#847 = VERTEX_POINT ( 'NONE', #345 ) ;
#848 = ORIENTED_EDGE ( 'NONE', *, *, #3076, .T. ) ;
#849 = CARTESIAN_POINT ( 'NONE',  ( -27.46433655495782844, -20.75562754350946193, -1.000000000000000000 ) ) ;
#850 = ORIENTED_EDGE ( 'NONE', *, *, #5523, .T. ) ;
#851 = EDGE_CURVE ( 'NONE', #4876, #1825, #4246, .T. ) ;
#852 = DIRECTION ( 'NONE',  ( -1.000000000000000000, 0.000000000000000000, 0.000000000000000000 ) ) ;
#853 = DIRECTION ( 'NONE',  ( 0.000000000000000000, 0.000000000000000000, 1.000000000000000000 ) ) ;
#854 = CIRCLE ( 'NONE', #5090, 0.6000000000000033085 ) ;
#855 = DIRECTION ( 'NONE',  ( 0.000000000000000000, 0.000000000000000000, 1.000000000000000000 ) ) ;
#856 = ORIENTED_EDGE ( 'NONE', *, *, #3509, .F. ) ;
#857 = ADVANCED_FACE ( 'NONE', ( #1213 ), #1650, .T. ) ;
#858 = ORIENTED_EDGE ( 'NONE', *, *, #5289, .F. ) ;
#859 = CARTESIAN_POINT ( 'NONE',  ( -55.21242534221949683, 19.64437245649053310, 2.200000000000000178 ) ) ;
#860 = ORIENTED_EDGE ( 'NONE', *, *, #2896, .T. ) ;
#861 = CARTESIAN_POINT ( 'NONE',  ( -22.21242534221949683, -20.15562754350945696, 0.7000000000000000666 ) ) ;
#862 = EDGE_CURVE ( 'NONE', #1781, #3082, #5368, .T. ) ;
#863 = DIRECTION ( 'NONE',  ( -1.000000000000000000, 0.000000000000000000, 0.000000000000000000 ) ) ;
#864 = CARTESIAN_POINT ( 'NONE',  ( -53.33195776004129840, 20.24437245649053807, 1.200000000000000178 ) ) ;
#865 = DIRECTION ( 'NONE',  ( 0.000000000000000000, 0.000000000000000000, -1.000000000000000000 ) ) ;
#866 = DIRECTION ( 'NONE',  ( 0.000000000000000000, 0.000000000000000000, -1.000000000000000000 ) ) ;
#867 = ORIENTED_EDGE ( 'NONE', *, *, #577, .F. ) ;
#868 = DIRECTION ( 'NONE',  ( -1.000000000000000000, 0.000000000000000000, 0.000000000000000000 ) ) ;
#869 = ORIENTED_EDGE ( 'NONE', *, *, #3410, .F. ) ;
#870 = EDGE_CURVE ( 'NONE', #1077, #2748, #2077, .T. ) ;
#871 =( GEOMETRIC_REPRESENTATION_CONTEXT ( 3 ) GLOBAL_UNCERTAINTY_ASSIGNED_CONTEXT ( ( #2218 ) ) GLOBAL_UNIT_ASSIGNED_CONTEXT ( ( #4852, #5377, #1811 ) ) REPRESENTATION_CONTEXT ( 'NONE', 'WORKASPACE' ) );
#872 = DIRECTION ( 'NONE',  ( 0.000000000000000000, -0.000000000000000000, 1.000000000000000000 ) ) ;
#873 = VECTOR ( 'NONE', #3468, 1000.000000000000000 ) ;
#874 = CARTESIAN_POINT ( 'NONE',  ( 7.000000000000002665, 20.49999999999999645, 5.200000000000001066 ) ) ;
#875 = VERTEX_POINT ( 'NONE', #2445 ) ;
#876 = ORIENTED_EDGE ( 'NONE', *, *, #2755, .F. ) ;
#877 = ORIENTED_EDGE ( 'NONE', *, *, #2546, .T. ) ;
#878 = DIRECTION ( 'NONE',  ( 1.000000000000000000, 0.000000000000000000, 0.000000000000000000 ) ) ;
#879 = ORIENTED_EDGE ( 'NONE', *, *, #237, .F. ) ;
#881 = EDGE_CURVE ( 'NONE', #3398, #3262, #2870, .T. ) ;
#880 = VECTOR ( 'NONE', #2062, 1000.000000000000000 ) ;
#882 = DIRECTION ( 'NONE',  ( 1.000000000000000000, -0.000000000000000000, -0.000000000000000000 ) ) ;
#883 = PLANE ( 'NONE',  #5443 ) ;
#884 = CARTESIAN_POINT ( 'NONE',  ( 0.000000000000000000, 0.000000000000000000, 6.200000000000000178 ) ) ;
#885 = ORIENTED_EDGE ( 'NONE', *, *, #1291, .T. ) ;
#886 = VECTOR ( 'NONE', #3115, 1000.000000000000000 ) ;
#887 = VECTOR ( 'NONE', #4619, 1000.000000000000000 ) ;
#888 = VERTEX_POINT ( 'NONE', #2109 ) ;
#889 = DIRECTION ( 'NONE',  ( -1.000000000000000000, 0.000000000000000000, -0.000000000000000000 ) ) ;
#890 = EDGE_CURVE ( 'NONE', #3965, #3343, #377, .T. ) ;
#891 = VERTEX_POINT ( 'NONE', #1556 ) ;
#892 = AXIS2_PLACEMENT_3D ( 'NONE', #4794, #1840, #1752 ) ;
#893 = CARTESIAN_POINT ( 'NONE',  ( -64.26002644001162878, -1.468755504214548147, -1.000000000000000000 ) ) ;
#894 = VECTOR ( 'NONE', #25, 1000.000000000000000 ) ;
#895 = FACE_OUTER_BOUND ( 'NONE', #2121, .T. ) ;
#896 = CARTESIAN_POINT ( 'NONE',  ( -27.46433655495782844, -19.75562754350946193, -1.000000000000000000 ) ) ;
#897 = FACE_OUTER_BOUND ( 'NONE', #694, .T. ) ;
#898 = AXIS2_PLACEMENT_3D ( 'NONE', #2153, #3917, #2522 ) ;
#899 = FACE_OUTER_BOUND ( 'NONE', #204, .T. ) ;
#900 = EDGE_CURVE ( 'NONE', #1654, #2715, #4813, .T. ) ;
#901 = VERTEX_POINT ( 'NONE', #1241 ) ;
#902 = CARTESIAN_POINT ( 'NONE',  ( -26.71242534221950393, -12.75562754350946193, -0.1999999999999998723 ) ) ;
#903 = ORIENTED_EDGE ( 'NONE', *, *, #5483, .T. ) ;
#904 = AXIS2_PLACEMENT_3D ( 'NONE', #884, #796, #3068 ) ;
#905 = CARTESIAN_POINT ( 'NONE',  ( -16.40000000000000213, 20.49999999999999645, 4.200000000000000178 ) ) ;
#906 = EDGE_CURVE ( 'NONE', #434, #4403, #2995, .T. ) ;
#907 = ORIENTED_EDGE ( 'NONE', *, *, #5412, .F. ) ;
#908 = ORIENTED_EDGE ( 'NONE', *, *, #1596, .T. ) ;
#909 = ORIENTED_EDGE ( 'NONE', *, *, #437, .T. ) ;
#910 = DIRECTION ( 'NONE',  ( 0.000000000000000000, 0.000000000000000000, -1.000000000000000000 ) ) ;
#911 = ORIENTED_EDGE ( 'NONE', *, *, #3193, .T. ) ;
#912 = VECTOR ( 'NONE', #800, 1000.000000000000000 ) ;
#913 = DIRECTION ( 'NONE',  ( -0.000000000000000000, -0.000000000000000000, -1.000000000000000000 ) ) ;
#914 = CARTESIAN_POINT ( 'NONE',  ( -55.11242534221950251, 19.64437245649053310, 0.7000000000000000666 ) ) ;
#915 = CARTESIAN_POINT ( 'NONE',  ( -21.71242534221949683, -20.15562754350945696, 1.200000000000000178 ) ) ;
#916 = EDGE_CURVE ( 'NONE', #4352, #1269, #3372, .T. ) ;
#917 = DIRECTION ( 'NONE',  ( 1.000000000000000000, 0.000000000000000000, -0.000000000000000000 ) ) ;
#918 = VERTEX_POINT ( 'NONE', #4712 ) ;
#919 = ORIENTED_EDGE ( 'NONE', *, *, #3070, .T. ) ;
#920 = DIRECTION ( 'NONE',  ( -1.000000000000000000, 0.000000000000000000, 0.000000000000000000 ) ) ;
#921 = ORIENTED_EDGE ( 'NONE', *, *, #2117, .F. ) ;
#922 = CIRCLE ( 'NONE', #4144, 1.500000000000001332 ) ;
#923 = LINE ( 'NONE', #456, #4949 ) ;
#924 = CARTESIAN_POINT ( 'NONE',  ( -28.76858636361750143, 19.24437245649053452, -1.000000000000000000 ) ) ;
#925 = EDGE_CURVE ( 'NONE', #1825, #2033, #5644, .T. ) ;
#926 = CARTESIAN_POINT ( 'NONE',  ( 13.70000000000000107, 10.90000000000000036, 5.699999999999999289 ) ) ;
#927 = CARTESIAN_POINT ( 'NONE',  ( -55.71242534221949683, 6.644372456490533096, 1.000000000000000000 ) ) ;
#928 = DIRECTION ( 'NONE',  ( -1.000000000000000000, 0.000000000000000000, 0.000000000000000000 ) ) ;
#929 = ORIENTED_EDGE ( 'NONE', *, *, #4893, .F. ) ;
#930 = DIRECTION ( 'NONE',  ( 0.000000000000000000, 1.000000000000000000, 0.000000000000000000 ) ) ;
#931 = ORIENTED_EDGE ( 'NONE', *, *, #3823, .T. ) ;
#932 = ADVANCED_FACE ( 'NONE', ( #5083 ), #1182, .T. ) ;
#933 = DIRECTION ( 'NONE',  ( -0.000000000000000000, 0.000000000000000000, -1.000000000000000000 ) ) ;
#934 = ORIENTED_EDGE ( 'NONE', *, *, #757, .F. ) ;
#935 = EDGE_LOOP ( 'NONE', ( #2621, #494, #3130, #2590 ) ) ;
#936 = ORIENTED_EDGE ( 'NONE', *, *, #1266, .F. ) ;
#937 = CARTESIAN_POINT ( 'NONE',  ( -4.600000000000004974, 0.000000000000000000, 0.000000000000000000 ) ) ;
#938 = ORIENTED_EDGE ( 'NONE', *, *, #2089, .F. ) ;
#939 = EDGE_CURVE ( 'NONE', #1560, #4646, #2505, .T. ) ;
#940 = CARTESIAN_POINT ( 'NONE',  ( 4.600000000000000533, -21.50000000000000000, 0.4000000000000006328 ) ) ;
#941 = AXIS2_PLACEMENT_3D ( 'NONE', #3002, #1221, #3938 ) ;
#942 = DIRECTION ( 'NONE',  ( 0.000000000000000000, -1.000000000000000000, 0.000000000000000000 ) ) ;
#943 = CARTESIAN_POINT ( 'NONE',  ( -34.11242534221950251, 20.24437245649053452, 0.000000000000000000 ) ) ;
#944 = CARTESIAN_POINT ( 'NONE',  ( 0.000000000000000000, 20.24437245649053452, 0.000000000000000000 ) ) ;
#945 = ORIENTED_EDGE ( 'NONE', *, *, #916, .F. ) ;
#946 = VERTEX_POINT ( 'NONE', #2907 ) ;
#947 = PRESENTATION_STYLE_ASSIGNMENT (( #2640 ) ) ;
#948 = ORIENTED_EDGE ( 'NONE', *, *, #2339, .T. ) ;
#949 = CARTESIAN_POINT ( 'NONE',  ( -47.24545865296283154, 19.24437245649053096, 1.200000000000000178 ) ) ;
#950 = LINE ( 'NONE', #2704, #4637 ) ;
#951 = PRESENTATION_STYLE_ASSIGNMENT (( #1294 ) ) ;
#952 = LINE ( 'NONE', #5288, #894 ) ;
#953 = CARTESIAN_POINT ( 'NONE',  ( -62.26002644001162167, -1.468755504214548147, -1.000000000000000000 ) ) ;
#954 = EDGE_CURVE ( 'NONE', #4818, #5399, #5278, .T. ) ;
#955 = ORIENTED_EDGE ( 'NONE', *, *, #2437, .T. ) ;
#956 = CARTESIAN_POINT ( 'NONE',  ( -26.71242534221950393, -11.75562754350946371, -0.1999999999999998723 ) ) ;
#957 = ORIENTED_EDGE ( 'NONE', *, *, #3685, .F. ) ;
#958 = DIRECTION ( 'NONE',  ( 1.000000000000000000, -0.000000000000000000, 0.000000000000000000 ) ) ;
#959 = EDGE_CURVE ( 'NONE', #5489, #1757, #784, .T. ) ;
#960 = ORIENTED_EDGE ( 'NONE', *, *, #3043, .F. ) ;
#961 = LINE ( 'NONE', #2628, #2488 ) ;
#962 = VERTEX_POINT ( 'NONE', #5614 ) ;
#963 = VECTOR ( 'NONE', #3834, 1000.000000000000000 ) ;
#964 = CARTESIAN_POINT ( 'NONE',  ( -62.76002644001162167, -0.4187555042145468809, -2.150000000000001243 ) ) ;
#965 = LINE ( 'NONE', #4086, #2797 ) ;
#966 = CARTESIAN_POINT ( 'NONE',  ( -62.26002644001162167, 1.881244495785453053, -2.150000000000000799 ) ) ;
#967 = EDGE_CURVE ( 'NONE', #5367, #3433, #5205, .T. ) ;
#968 = CARTESIAN_POINT ( 'NONE',  ( -16.49999999999999289, -19.89999999999999503, 6.200000000000000178 ) ) ;
#969 = ORIENTED_EDGE ( 'NONE', *, *, #3806, .F. ) ;
#970 = ORIENTED_EDGE ( 'NONE', *, *, #3240, .F. ) ;
#971 = ORIENTED_EDGE ( 'NONE', *, *, #5005, .F. ) ;
#972 = EDGE_CURVE ( 'NONE', #3415, #5190, #3458, .T. ) ;
#973 = LINE ( 'NONE', #158, #3841 ) ;
#974 = CARTESIAN_POINT ( 'NONE',  ( 15.75409976213974339, 18.59858071253704992, 4.200000000000000178 ) ) ;
#975 = VECTOR ( 'NONE', #433, 1000.000000000000000 ) ;
#976 = FACE_OUTER_BOUND ( 'NONE', #5460, .T. ) ;
#977 = DIRECTION ( 'NONE',  ( 0.000000000000000000, -0.000000000000000000, 1.000000000000000000 ) ) ;
#978 = CYLINDRICAL_SURFACE ( 'NONE', #696, 1.200000000000000178 ) ;
#979 = CIRCLE ( 'NONE', #1977, 1.500000000000000000 ) ;
#980 = CARTESIAN_POINT ( 'NONE',  ( -26.71242534221950393, -11.75562754350946371, 1.200000000000000178 ) ) ;
#981 = EDGE_CURVE ( 'NONE', #2555, #1490, #3350, .T. ) ;
#982 = ORIENTED_EDGE ( 'NONE', *, *, #464, .F. ) ;
#983 = VECTOR ( 'NONE', #4609, 1000.000000000000000 ) ;
#984 = DIRECTION ( 'NONE',  ( -1.000000000000000000, 0.000000000000000000, 0.000000000000000000 ) ) ;
#985 = DIRECTION ( 'NONE',  ( 0.000000000000000000, 0.000000000000000000, 1.000000000000000000 ) ) ;
#986 = EDGE_LOOP ( 'NONE', ( #2246, #3435, #5534, #5223 ) ) ;
#987 = DIRECTION ( 'NONE',  ( 9.712612162704583997E-17, -1.000000000000000000, 0.000000000000000000 ) ) ;
#988 = AXIS2_PLACEMENT_3D ( 'NONE', #3272, #5511, #272 ) ;
#989 = ORIENTED_EDGE ( 'NONE', *, *, #3193, .F. ) ;
#990 = CARTESIAN_POINT ( 'NONE',  ( 13.70000000000000107, 10.90000000000000036, 5.699999999999999289 ) ) ;
#991 = LINE ( 'NONE', #2745, #4508 ) ;
#992 = EDGE_CURVE ( 'NONE', #1540, #1077, #134, .T. ) ;
#993 = DIRECTION ( 'NONE',  ( 2.312964634635740689E-15, 1.000000000000000000, -2.312964634635742267E-15 ) ) ;
#994 = DIRECTION ( 'NONE',  ( 1.000000000000000000, -0.000000000000000000, 0.000000000000000000 ) ) ;
#995 = EDGE_LOOP ( 'NONE', ( #3813, #364, #5649, #4857 ) ) ;
#996 = VECTOR ( 'NONE', #4058, 1000.000000000000000 ) ;
#997 = EDGE_CURVE ( 'NONE', #684, #3214, #12, .T. ) ;
#998 = VECTOR ( 'NONE', #3303, 1000.000000000000000 ) ;
#999 = ORIENTED_EDGE ( 'NONE', *, *, #246, .F. ) ;
#1000 = CARTESIAN_POINT ( 'NONE',  ( -56.71242534221949683, -20.15562754350945696, 0.7000000000000000666 ) ) ;
#1001 = ORIENTED_EDGE ( 'NONE', *, *, #2266, .F. ) ;
#1002 = CARTESIAN_POINT ( 'NONE',  ( -52.95155156584890221, -11.75562754350946015, -1.199999999999999734 ) ) ;
#1003 = CARTESIAN_POINT ( 'NONE',  ( -55.71242534221949683, -15.25562754350946371, 1.200000000000000178 ) ) ;
#1004 = DIRECTION ( 'NONE',  ( 0.000000000000000000, 0.000000000000000000, -1.000000000000000000 ) ) ;
#1005 = EDGE_CURVE ( 'NONE', #2657, #3082, #2924, .T. ) ;
#1006 = AXIS2_PLACEMENT_3D ( 'NONE', #5411, #3117, #576 ) ;
#1007 = DIRECTION ( 'NONE',  ( 1.000000000000000000, 0.000000000000000000, 0.000000000000000000 ) ) ;
#1008 = ORIENTED_EDGE ( 'NONE', *, *, #3307, .T. ) ;
#1009 = CARTESIAN_POINT ( 'NONE',  ( -22.71242534221950393, -0.6342062663092004060, 1.200000000000000178 ) ) ;
#1010 =( NAMED_UNIT ( * ) SI_UNIT ( $, .STERADIAN. ) SOLID_ANGLE_UNIT ( ) );
#1011 = DIRECTION ( 'NONE',  ( 0.000000000000000000, 1.000000000000000000, -0.000000000000000000 ) ) ;
#1012 = ORIENTED_EDGE ( 'NONE', *, *, #3495, .T. ) ;
#1013 = DIRECTION ( 'NONE',  ( -1.000000000000000000, 0.000000000000000000, -0.000000000000000000 ) ) ;
#1014 = CARTESIAN_POINT ( 'NONE',  ( -62.76002644001162167, 7.981244495785452919, -0.8499999999999998668 ) ) ;
#1015 = LINE ( 'NONE', #3671, #5077 ) ;
#1016 = CARTESIAN_POINT ( 'NONE',  ( -16.99999999999999289, -5.899999999999997691, 0.000000000000000000 ) ) ;
#1017 = CARTESIAN_POINT ( 'NONE',  ( -47.24545865296283154, 19.24437245649053096, -1.000000000000000000 ) ) ;
#1018 = CARTESIAN_POINT ( 'NONE',  ( -55.71242534221950393, 19.64437245649053310, 0.000000000000000000 ) ) ;
#1019 = EDGE_CURVE ( 'NONE', #1822, #3100, #738, .T. ) ;
#1020 = VECTOR ( 'NONE', #5466, 1000.000000000000000 ) ;
#1021 = CIRCLE ( 'NONE', #5180, 0.6000000000000067502 ) ;
#1022 = ORIENTED_EDGE ( 'NONE', *, *, #5365, .T. ) ;
#1023 = DIRECTION ( 'NONE',  ( 0.000000000000000000, 1.000000000000000000, 0.000000000000000000 ) ) ;
#1024 = AXIS2_PLACEMENT_3D ( 'NONE', #4002, #917, #1831 ) ;
#1025 = ORIENTED_EDGE ( 'NONE', *, *, #4507, .T. ) ;
#1026 = DIRECTION ( 'NONE',  ( 0.000000000000000000, -0.000000000000000000, -1.000000000000000000 ) ) ;
#1027 = EDGE_CURVE ( 'NONE', #407, #3901, #4664, .T. ) ;
#1028 = CARTESIAN_POINT ( 'NONE',  ( -55.71242534221949683, 4.444372456490531142, -1.000000000000000000 ) ) ;
#1029 = DIRECTION ( 'NONE',  ( 0.000000000000000000, 0.000000000000000000, 1.000000000000000000 ) ) ;
#1030 = LINE ( 'NONE', #3987, #1450 ) ;
#1031 = ORIENTED_EDGE ( 'NONE', *, *, #2425, .T. ) ;
#1032 = EDGE_CURVE ( 'NONE', #4818, #4443, #2520, .T. ) ;
#1033 = DIRECTION ( 'NONE',  ( -1.000000000000000000, 0.000000000000000000, 0.000000000000000000 ) ) ;
#1034 = VECTOR ( 'NONE', #4677, 1000.000000000000000 ) ;
#1035 = DIRECTION ( 'NONE',  ( 0.000000000000000000, 0.000000000000000000, -1.000000000000000000 ) ) ;
#1036 = DIRECTION ( 'NONE',  ( 0.000000000000000000, 0.000000000000000000, -1.000000000000000000 ) ) ;
#1037 = VERTEX_POINT ( 'NONE', #1130 ) ;
#1038 = DIRECTION ( 'NONE',  ( 0.000000000000000000, 1.885568995626964533E-16, 1.000000000000000000 ) ) ;
#1039 = EDGE_CURVE ( 'NONE', #1509, #691, #3826, .T. ) ;
#1040 = ORIENTED_EDGE ( 'NONE', *, *, #1255, .F. ) ;
#1041 = LINE ( 'NONE', #150, #5593 ) ;
#1042 = CARTESIAN_POINT ( 'NONE',  ( -4.600000000000006750, -20.49999999999999645, 4.200000000000000178 ) ) ;
#1043 = CARTESIAN_POINT ( 'NONE',  ( -63.87272810539087686, 3.781244495785452298, -3.000000000000000000 ) ) ;
#1044 = EDGE_CURVE ( 'NONE', #1588, #1711, #2980, .T. ) ;
#1045 = CARTESIAN_POINT ( 'NONE',  ( 14.20000000000000462, -16.49999999999999645, 6.200000000000000178 ) ) ;
#1046 = CIRCLE ( 'NONE', #2519, 0.6319646214001384266 ) ;
#1047 = ORIENTED_EDGE ( 'NONE', *, *, #2313, .T. ) ;
#1048 = LINE ( 'NONE', #1075, #2448 ) ;
#1049 = CARTESIAN_POINT ( 'NONE',  ( 16.40000000000000568, -20.49999999999999645, 0.000000000000000000 ) ) ;
#1050 = ORIENTED_EDGE ( 'NONE', *, *, #981, .T. ) ;
#1051 = VECTOR ( 'NONE', #3324, 1000.000000000000000 ) ;
#1052 = DIRECTION ( 'NONE',  ( -0.7071067811865439090, -0.7071067811865512365, 0.000000000000000000 ) ) ;
#1053 = DIRECTION ( 'NONE',  ( 1.000000000000000000, 0.000000000000000000, -0.000000000000000000 ) ) ;
#1054 = EDGE_CURVE ( 'NONE', #901, #1375, #299, .T. ) ;
#1055 = CARTESIAN_POINT ( 'NONE',  ( -62.76002644001162167, 1.881244495785452386, -0.8500000000000009770 ) ) ;
#1056 = CLOSED_SHELL ( 'NONE', ( #3246, #4632, #168, #2096, #803, #503, #4346, #3178, #124, #2214, #5252, #3510, #2037, #1845, #4040, #5268, #3610, #375, #5113, #5208, #199, #4116, #3386, #3674, #2154, #4671, #117, #27, #493, #2807, #446, #5507 ) ) ;
#1057 = ORIENTED_EDGE ( 'NONE', *, *, #4269, .T. ) ;
#1058 = CARTESIAN_POINT ( 'NONE',  ( -55.11242534221950251, 19.64437245649053310, 2.200000000000000178 ) ) ;
#1059 = AXIS2_PLACEMENT_3D ( 'NONE', #1058, #3299, #1437 ) ;
#1060 = ADVANCED_FACE ( 'NONE', ( #2432, #1601, #4199 ), #706, .T. ) ;
#1061 = VECTOR ( 'NONE', #1933, 1000.000000000000000 ) ;
#1062 = DIRECTION ( 'NONE',  ( -1.000000000000000000, 0.000000000000000000, 0.000000000000000000 ) ) ;
#1063 = ORIENTED_EDGE ( 'NONE', *, *, #2364, .T. ) ;
#1064 = CARTESIAN_POINT ( 'NONE',  ( -15.39591531186711926, 18.60000000000000142, 4.200000000000000178 ) ) ;
#1065 = ORIENTED_EDGE ( 'NONE', *, *, #4622, .T. ) ;
#1066 = CARTESIAN_POINT ( 'NONE',  ( -64.26002644001162878, 10.03124449578545274, -3.000000000000000000 ) ) ;
#1067 = DIRECTION ( 'NONE',  ( -0.000000000000000000, -0.000000000000000000, 1.000000000000000000 ) ) ;
#1068 = EDGE_CURVE ( 'NONE', #2012, #2569, #3354, .T. ) ;
#1069 = PLANE ( 'NONE',  #3033 ) ;
#1070 = AXIS2_PLACEMENT_3D ( 'NONE', #2700, #1835, #3568 ) ;
#1071 = FACE_OUTER_BOUND ( 'NONE', #3025, .T. ) ;
#1072 = CIRCLE ( 'NONE', #155, 1.600000000000000755 ) ;
#1073 = LINE ( 'NONE', #1784, #4200 ) ;
#1074 = VERTEX_POINT ( 'NONE', #1664 ) ;
#1075 = CARTESIAN_POINT ( 'NONE',  ( -18.00000000000000355, -17.49999999999999645, 2.000000000000000000 ) ) ;
#1076 = CARTESIAN_POINT ( 'NONE',  ( -62.26002644001162167, -2.668755504214548324, -0.9999999999999997780 ) ) ;
#1077 = VERTEX_POINT ( 'NONE', #1196 ) ;
#1078 = AXIS2_PLACEMENT_3D ( 'NONE', #545, #3605, #3576 ) ;
#1079 = CARTESIAN_POINT ( 'NONE',  ( -43.31242534221950535, 20.24437245649053452, 0.000000000000000000 ) ) ;
#1080 = DIRECTION ( 'NONE',  ( 1.000000000000000000, -0.000000000000000000, 0.000000000000000000 ) ) ;
#1081 = CARTESIAN_POINT ( 'NONE',  ( -56.71242534221949683, 21.24437245649053452, 0.7000000000000000666 ) ) ;
#1082 = VERTEX_POINT ( 'NONE', #1166 ) ;
#1083 = DIRECTION ( 'NONE',  ( -9.130123557772691753E-16, 1.000000000000000000, 0.000000000000000000 ) ) ;
#1084 = EDGE_CURVE ( 'NONE', #3417, #3172, #2000, .T. ) ;
#1085 = CYLINDRICAL_SURFACE ( 'NONE', #4666, 0.4499999999999981792 ) ;
#1086 = LINE ( 'NONE', #4642, #2459 ) ;
#1087 = ORIENTED_EDGE ( 'NONE', *, *, #2504, .T. ) ;
#1088 = CARTESIAN_POINT ( 'NONE',  ( -56.71242534221949683, -20.75562754350946193, 2.200000000000000178 ) ) ;
#1089 = ORIENTED_EDGE ( 'NONE', *, *, #2848, .T. ) ;
#1090 = ADVANCED_FACE ( 'NONE', ( #1571, #1104 ), #2858, .F. ) ;
#1091 = VECTOR ( 'NONE', #4874, 1000.000000000000000 ) ;
#1092 = DIRECTION ( 'NONE',  ( -1.000000000000000000, 0.000000000000000000, 0.000000000000000000 ) ) ;
#1093 = DIRECTION ( 'NONE',  ( 0.000000000000000000, 1.000000000000000000, 0.000000000000000000 ) ) ;
#1094 = CARTESIAN_POINT ( 'NONE',  ( -30.21242534221950393, -12.75562754350946193, -0.1999999999999998723 ) ) ;
#1095 = DIRECTION ( 'NONE',  ( 0.000000000000000000, 0.000000000000000000, -1.000000000000000000 ) ) ;
#1096 = ADVANCED_FACE ( 'NONE', ( #360 ), #4294, .F. ) ;
#1097 = LINE ( 'NONE', #2545, #3183 ) ;
#1098 = ORIENTED_EDGE ( 'NONE', *, *, #791, .T. ) ;
#1099 = LINE ( 'NONE', #2854, #4772 ) ;
#1100 = PLANE ( 'NONE',  #5426 ) ;
#1101 = VERTEX_POINT ( 'NONE', #2094 ) ;
#1102 = EDGE_CURVE ( 'NONE', #4447, #4905, #3858, .T. ) ;
#1103 = VECTOR ( 'NONE', #4339, 1000.000000000000000 ) ;
#1104 = FACE_BOUND ( 'NONE', #2463, .T. ) ;
#1105 = CIRCLE ( 'NONE', #1671, 0.6188099003126921183 ) ;
#1106 = CARTESIAN_POINT ( 'NONE',  ( -56.71242534221949683, 5.930229613636248232, 0.7000000000000000666 ) ) ;
#1107 = EDGE_LOOP ( 'NONE', ( #1098, #403, #328, #3138 ) ) ;
#1108 = LINE ( 'NONE', #3712, #5317 ) ;
#1109 = CARTESIAN_POINT ( 'NONE',  ( -62.76002644001162167, 7.981244495785452919, -2.150000000000000355 ) ) ;
#1110 = FACE_OUTER_BOUND ( 'NONE', #4848, .T. ) ;
#1111 = CARTESIAN_POINT ( 'NONE',  ( -16.39999999999999503, -19.89999999999999858, 4.699999999999999289 ) ) ;
#1112 = EDGE_LOOP ( 'NONE', ( #5072, #4171, #2051, #5650 ) ) ;
#1113 = AXIS2_PLACEMENT_3D ( 'NONE', #1701, #5609, #1674 ) ;
#1114 = ORIENTED_EDGE ( 'NONE', *, *, #3321, .F. ) ;
#1115 = CARTESIAN_POINT ( 'NONE',  ( 0.000000000000000000, 0.000000000000000000, 1.000000000000000000 ) ) ;
#1116 = EDGE_LOOP ( 'NONE', ( #2155, #3840, #268, #1347 ) ) ;
#1117 = CARTESIAN_POINT ( 'NONE',  ( -21.71242534221950393, -19.24221205310341176, -1.000000000000000000 ) ) ;
#1118 = CARTESIAN_POINT ( 'NONE',  ( -26.71242534221950393, -11.75562754350946371, -0.1999999999999998723 ) ) ;
#1119 = CARTESIAN_POINT ( 'NONE',  ( -62.76002644001162167, -1.468755504214547258, 0.000000000000000000 ) ) ;
#1120 = EDGE_CURVE ( 'NONE', #5399, #3493, #1227, .T. ) ;
#1121 = VERTEX_POINT ( 'NONE', #4324 ) ;
#1122 = ORIENTED_EDGE ( 'NONE', *, *, #5583, .T. ) ;
#1123 = DIRECTION ( 'NONE',  ( -1.000000000000000000, -1.734723475976793684E-15, 0.000000000000000000 ) ) ;
#1124 = CARTESIAN_POINT ( 'NONE',  ( -16.99999999999999289, -18.49999999999999645, 2.000000000000000000 ) ) ;
#1125 = ORIENTED_EDGE ( 'NONE', *, *, #3222, .T. ) ;
#1126 = EDGE_CURVE ( 'NONE', #1793, #3415, #4562, .T. ) ;
#1127 = DIRECTION ( 'NONE',  ( -1.000000000000000000, -0.000000000000000000, -0.000000000000000000 ) ) ;
#1128 = DIRECTION ( 'NONE',  ( -1.000000000000000000, 0.000000000000000000, 0.000000000000000000 ) ) ;
#1129 = VERTEX_POINT ( 'NONE', #2346 ) ;
#1130 = CARTESIAN_POINT ( 'NONE',  ( -43.04985350076608341, 20.24437245649053807, 1.200000000000000178 ) ) ;
#1131 = EDGE_CURVE ( 'NONE', #3377, #1560, #965, .T. ) ;
#1132 = CARTESIAN_POINT ( 'NONE',  ( -21.71242534221949683, -20.15562754350945696, 0.000000000000000000 ) ) ;
#1133 = ORIENTED_EDGE ( 'NONE', *, *, #4166, .T. ) ;
#1134 = LINE ( 'NONE', #2464, #687 ) ;
#1135 = VECTOR ( 'NONE', #5237, 1000.000000000000000 ) ;
#1136 = DIRECTION ( 'NONE',  ( 1.000000000000000000, 0.000000000000000000, 0.000000000000000000 ) ) ;
#1137 = PLANE ( 'NONE',  #4471 ) ;
#1138 = EDGE_CURVE ( 'NONE', #3946, #4209, #4492, .T. ) ;
#1139 = DIRECTION ( 'NONE',  ( 1.000000000000000000, 0.000000000000000000, 0.000000000000000000 ) ) ;
#1140 = VERTEX_POINT ( 'NONE', #3096 ) ;
#1141 = VECTOR ( 'NONE', #425, 1000.000000000000000 ) ;
#1142 = LINE ( 'NONE', #2901, #1034 ) ;
#1143 = ORIENTED_EDGE ( 'NONE', *, *, #1312, .T. ) ;
#1144 = DIRECTION ( 'NONE',  ( 1.000000000000000000, 0.000000000000000000, 0.000000000000000000 ) ) ;
#1145 = ORIENTED_EDGE ( 'NONE', *, *, #1382, .T. ) ;
#1146 = VECTOR ( 'NONE', #271, 1000.000000000000000 ) ;
#1147 = LINE ( 'NONE', #4773, #1103 ) ;
#1148 = DIRECTION ( 'NONE',  ( -0.000000000000000000, 1.000000000000000000, -0.000000000000000000 ) ) ;
#1149 = DIRECTION ( 'NONE',  ( -0.000000000000000000, -0.000000000000000000, 1.000000000000000000 ) ) ;
#1150 = ORIENTED_EDGE ( 'NONE', *, *, #5129, .F. ) ;
#1151 = VECTOR ( 'NONE', #303, 1000.000000000000000 ) ;
#1152 = ORIENTED_EDGE ( 'NONE', *, *, #2247, .F. ) ;
#1153 = ORIENTED_EDGE ( 'NONE', *, *, #862, .F. ) ;
#1154 = CARTESIAN_POINT ( 'NONE',  ( 0.000000000000000000, 0.000000000000000000, -1.000000000000000000 ) ) ;
#1155 = VECTOR ( 'NONE', #3079, 1000.000000000000000 ) ;
#1156 = EDGE_CURVE ( 'NONE', #4375, #2021, #4783, .T. ) ;
#1157 = VECTOR ( 'NONE', #4735, 1000.000000000000000 ) ;
#1158 = AXIS2_PLACEMENT_3D ( 'NONE', #589, #1403, #5431 ) ;
#1159 = DIRECTION ( 'NONE',  ( -0.000000000000000000, -0.000000000000000000, 1.000000000000000000 ) ) ;
#1160 = ORIENTED_EDGE ( 'NONE', *, *, #2895, .F. ) ;
#1161 = DIRECTION ( 'NONE',  ( 0.5773502691896255090, 0.5773502691896259531, -0.5773502691896259531 ) ) ;
#1162 = DIRECTION ( 'NONE',  ( -1.266221515311538297E-16, 1.000000000000000000, -0.000000000000000000 ) ) ;
#1163 = ORIENTED_EDGE ( 'NONE', *, *, #3795, .T. ) ;
#1164 = VECTOR ( 'NONE', #1162, 1000.000000000000000 ) ;
#1165 = EDGE_CURVE ( 'NONE', #3089, #2767, #528, .T. ) ;
#1166 = CARTESIAN_POINT ( 'NONE',  ( -35.46242534221950393, 13.24437245649053452, 1.750000000000000000 ) ) ;
#1167 = ORIENTED_EDGE ( 'NONE', *, *, #4640, .F. ) ;
#1168 = CYLINDRICAL_SURFACE ( 'NONE', #5613, 0.5999999999999998668 ) ;
#1169 = VERTEX_POINT ( 'NONE', #582 ) ;
#1170 = VECTOR ( 'NONE', #1869, 1000.000000000000000 ) ;
#1171 = CARTESIAN_POINT ( 'NONE',  ( 0.000000000000000000, -1.468755504214548147, -2.000000000000000000 ) ) ;
#1172 = EDGE_CURVE ( 'NONE', #1654, #2564, #4871, .T. ) ;
#1173 = LINE ( 'NONE', #5074, #3656 ) ;
#1174 = CARTESIAN_POINT ( 'NONE',  ( -4.600000000000004974, -21.50000000000000000, 0.3999999999999978018 ) ) ;
#1175 = CIRCLE ( 'NONE', #5153, 0.5999999999999998668 ) ;
#1176 = PLANE ( 'NONE',  #2653 ) ;
#1177 = DIRECTION ( 'NONE',  ( 0.000000000000000000, 0.000000000000000000, -1.000000000000000000 ) ) ;
#1178 = ORIENTED_EDGE ( 'NONE', *, *, #1412, .T. ) ;
#1179 = CARTESIAN_POINT ( 'NONE',  ( -62.26002644001162167, 1.881244495785452386, -0.8500000000000009770 ) ) ;
#1180 = ORIENTED_EDGE ( 'NONE', *, *, #3043, .T. ) ;
#1181 = EDGE_CURVE ( 'NONE', #3100, #5311, #1997, .T. ) ;
#1182 = PLANE ( 'NONE',  #3787 ) ;
#1183 = FACE_OUTER_BOUND ( 'NONE', #5002, .T. ) ;
#1184 = CARTESIAN_POINT ( 'NONE',  ( -52.95155156584890221, -12.75562754350946193, 1.200000000000000178 ) ) ;
#1185 = ORIENTED_EDGE ( 'NONE', *, *, #2319, .F. ) ;
#1186 = ORIENTED_EDGE ( 'NONE', *, *, #748, .T. ) ;
#1187 = AXIS2_PLACEMENT_3D ( 'NONE', #3207, #1857, #4926 ) ;
#1188 = ORIENTED_EDGE ( 'NONE', *, *, #1317, .F. ) ;
#1189 = PLANE ( 'NONE',  #3141 ) ;
#1190 = CARTESIAN_POINT ( 'NONE',  ( -20.71242534221949683, -20.15562754350945696, 0.7000000000000000666 ) ) ;
#1191 = CARTESIAN_POINT ( 'NONE',  ( -20.71242534221950393, 19.64437245649053310, 2.200000000000000178 ) ) ;
#1192 = ORIENTED_EDGE ( 'NONE', *, *, #3982, .F. ) ;
#1193 = EDGE_CURVE ( 'NONE', #1129, #5642, #1394, .T. ) ;
#1194 = CARTESIAN_POINT ( 'NONE',  ( -22.31242534221949469, -20.15562754350945696, 2.200000000000000178 ) ) ;
#1195 = ORIENTED_EDGE ( 'NONE', *, *, #2179, .F. ) ;
#1196 = CARTESIAN_POINT ( 'NONE',  ( -16.40000000000000213, 21.50000000000000000, 4.699999999999999289 ) ) ;
#1197 = ORIENTED_EDGE ( 'NONE', *, *, #817, .F. ) ;
#1198 = CARTESIAN_POINT ( 'NONE',  ( -55.21242534221949683, -20.15562754350945696, 0.7000000000000000666 ) ) ;
#1199 = EDGE_CURVE ( 'NONE', #782, #3877, #2772, .T. ) ;
#1200 = EDGE_LOOP ( 'NONE', ( #727, #3015, #4292, #4846, #929 ) ) ;
#1201 = DIRECTION ( 'NONE',  ( -0.000000000000000000, 1.000000000000000000, -0.000000000000000000 ) ) ;
#1202 = DIRECTION ( 'NONE',  ( 0.000000000000000000, 0.000000000000000000, -1.000000000000000000 ) ) ;
#1203 = VECTOR ( 'NONE', #4679, 1000.000000000000000 ) ;
#1204 = VECTOR ( 'NONE', #4247, 1000.000000000000000 ) ;
#1205 = PLANE ( 'NONE',  #5206 ) ;
#1206 = DIRECTION ( 'NONE',  ( -1.000000000000000000, 0.000000000000000000, 0.000000000000000000 ) ) ;
#1207 = EDGE_CURVE ( 'NONE', #2165, #3906, #1881, .T. ) ;
#1208 = CARTESIAN_POINT ( 'NONE',  ( -18.00000000000000355, 21.50000000000000000, 0.000000000000000000 ) ) ;
#1209 = VECTOR ( 'NONE', #5010, 1000.000000000000000 ) ;
#1210 = ORIENTED_EDGE ( 'NONE', *, *, #1193, .T. ) ;
#1211 = FACE_OUTER_BOUND ( 'NONE', #5429, .T. ) ;
#1212 = ORIENTED_EDGE ( 'NONE', *, *, #1398, .T. ) ;
#1213 = FACE_OUTER_BOUND ( 'NONE', #3916, .T. ) ;
#1214 = PLANE ( 'NONE',  #1696 ) ;
#1215 = AXIS2_PLACEMENT_3D ( 'NONE', #1468, #1035, #2814 ) ;
#1216 = LINE ( 'NONE', #4803, #3961 ) ;
#1217 = EDGE_CURVE ( 'NONE', #4231, #4137, #1912, .T. ) ;
#1218 = ORIENTED_EDGE ( 'NONE', *, *, #347, .F. ) ;
#1219 = ORIENTED_EDGE ( 'NONE', *, *, #1717, .F. ) ;
#1220 = EDGE_LOOP ( 'NONE', ( #450, #3687, #127, #2917 ) ) ;
#1221 = DIRECTION ( 'NONE',  ( 0.000000000000000000, 1.000000000000000000, 0.000000000000000000 ) ) ;
#1222 = DIRECTION ( 'NONE',  ( 0.000000000000000000, 0.000000000000000000, -1.000000000000000000 ) ) ;
#1223 = CARTESIAN_POINT ( 'NONE',  ( 16.39999999999999147, 19.89999999999999858, 4.699999999999999289 ) ) ;
#1224 = EDGE_CURVE ( 'NONE', #2291, #130, #2717, .T. ) ;
#1225 = PLANE ( 'NONE',  #3848 ) ;
#1226 = EDGE_LOOP ( 'NONE', ( #1665, #5309, #1860, #4960, #4718, #4024, #1275, #686, #5578, #1133, #2951, #1663, #737, #1336, #3584, #971 ) ) ;
#1227 = LINE ( 'NONE', #4757, #3822 ) ;
#1228 = EDGE_LOOP ( 'NONE', ( #2541, #877, #3860, #3907, #56 ) ) ;
#1229 = VERTEX_POINT ( 'NONE', #2296 ) ;
#1230 = CARTESIAN_POINT ( 'NONE',  ( 7.000000000000002665, 20.49999999999999645, 5.200000000000001066 ) ) ;
#1231 = AXIS2_PLACEMENT_3D ( 'NONE', #405, #3811, #1617 ) ;
#1232 = DIRECTION ( 'NONE',  ( 0.000000000000000000, -1.000000000000000000, 0.000000000000000000 ) ) ;
#1233 = EDGE_CURVE ( 'NONE', #4253, #875, #713, .T. ) ;
#1234 = DIRECTION ( 'NONE',  ( -0.000000000000000000, -0.000000000000000000, 1.000000000000000000 ) ) ;
#1235 = CARTESIAN_POINT ( 'NONE',  ( 0.000000000000000000, 20.24437245649053452, 1.200000000000000178 ) ) ;
#1236 = FACE_OUTER_BOUND ( 'NONE', #767, .T. ) ;
#1237 = ORIENTED_EDGE ( 'NONE', *, *, #111, .T. ) ;
#1238 = PLANE ( 'NONE',  #5121 ) ;
#1239 = ORIENTED_EDGE ( 'NONE', *, *, #939, .T. ) ;
#1240 = EDGE_CURVE ( 'NONE', #4879, #4137, #2324, .T. ) ;
#1241 = CARTESIAN_POINT ( 'NONE',  ( -54.71242534221950393, 4.444372456490531142, -1.000000000000000000 ) ) ;
#1242 = DIRECTION ( 'NONE',  ( 0.000000000000000000, -0.000000000000000000, 1.000000000000000000 ) ) ;
#1243 = LINE ( 'NONE', #2998, #83 ) ;
#1244 = ORIENTED_EDGE ( 'NONE', *, *, #4286, .T. ) ;
#1245 = ORIENTED_EDGE ( 'NONE', *, *, #368, .F. ) ;
#1246 = ORIENTED_EDGE ( 'NONE', *, *, #4299, .F. ) ;
#1247 = CARTESIAN_POINT ( 'NONE',  ( 15.94999999999999574, 18.01159792783948888, 5.200000000000001066 ) ) ;
#1248 = EDGE_CURVE ( 'NONE', #5359, #2050, #5103, .T. ) ;
#1249 = CARTESIAN_POINT ( 'NONE',  ( -14.97297864182803551, -18.79999999999999361, 5.200000000000001066 ) ) ;
#1250 = VECTOR ( 'NONE', #3981, 1000.000000000000000 ) ;
#1251 = CARTESIAN_POINT ( 'NONE',  ( -62.26002644001162167, -0.4187555042145471029, -0.8500000000000011990 ) ) ;
#1252 = VECTOR ( 'NONE', #5064, 1000.000000000000000 ) ;
#1253 = CARTESIAN_POINT ( 'NONE',  ( -64.26002644001162878, 10.03124449578545274, -2.000000000000000000 ) ) ;
#1254 = EDGE_LOOP ( 'NONE', ( #324, #5413, #2259, #1598, #3496, #2523, #2042 ) ) ;
#1255 = EDGE_CURVE ( 'NONE', #302, #3214, #4043, .T. ) ;
#1256 = ORIENTED_EDGE ( 'NONE', *, *, #2138, .F. ) ;
#1257 = DIRECTION ( 'NONE',  ( 0.000000000000000000, 0.000000000000000000, -1.000000000000000000 ) ) ;
#1258 = ORIENTED_EDGE ( 'NONE', *, *, #2768, .T. ) ;
#1259 = AXIS2_PLACEMENT_3D ( 'NONE', #2412, #5169, #4238 ) ;
#1260 = DIRECTION ( 'NONE',  ( 0.000000000000000000, -0.000000000000000000, 1.000000000000000000 ) ) ;
#1261 = LINE ( 'NONE', #5286, #612 ) ;
#1262 = DIRECTION ( 'NONE',  ( -1.000000000000000000, 0.000000000000000000, 0.000000000000000000 ) ) ;
#1263 = DIRECTION ( 'NONE',  ( -1.000000000000000000, 0.000000000000000000, 0.000000000000000000 ) ) ;
#1264 = VECTOR ( 'NONE', #5536, 1000.000000000000000 ) ;
#1265 = CARTESIAN_POINT ( 'NONE',  ( 3.250000000000000000, -20.49999999999999645, 1.750000000000001776 ) ) ;
#1266 = EDGE_CURVE ( 'NONE', #2035, #4433, #4466, .T. ) ;
#1267 = EDGE_LOOP ( 'NONE', ( #182, #3557, #4282, #982 ) ) ;
#1268 = CARTESIAN_POINT ( 'NONE',  ( -55.71242534221949683, 0.000000000000000000, 1.200000000000000178 ) ) ;
#1269 = VERTEX_POINT ( 'NONE', #3205 ) ;
#1270 = VECTOR ( 'NONE', #1148, 1000.000000000000000 ) ;
#1271 = VECTOR ( 'NONE', #5638, 1000.000000000000000 ) ;
#1272 = CARTESIAN_POINT ( 'NONE',  ( -64.26002644001162878, -1.468755504214548147, -2.000000000000000000 ) ) ;
#1273 = LINE ( 'NONE', #1302, #746 ) ;
#1274 = CARTESIAN_POINT ( 'NONE',  ( -18.00000000000000355, -5.899999999999998579, 1.000000000000000000 ) ) ;
#1275 = ORIENTED_EDGE ( 'NONE', *, *, #1172, .F. ) ;
#1276 = ORIENTED_EDGE ( 'NONE', *, *, #4594, .F. ) ;
#1277 = EDGE_CURVE ( 'NONE', #2905, #4253, #4981, .T. ) ;
#1278 = ORIENTED_EDGE ( 'NONE', *, *, #3736, .T. ) ;
#1279 = DIRECTION ( 'NONE',  ( 1.000000000000000000, 0.000000000000000000, 0.000000000000000000 ) ) ;
#1280 = ORIENTED_EDGE ( 'NONE', *, *, #4001, .F. ) ;
#1281 = LINE ( 'NONE', #5214, #4285 ) ;
#1282 = AXIS2_PLACEMENT_3D ( 'NONE', #1388, #2685, #2738 ) ;
#1283 = CARTESIAN_POINT ( 'NONE',  ( -13.69999999999999751, 10.90000000000000036, 5.699999999999999289 ) ) ;
#1284 = EDGE_CURVE ( 'NONE', #875, #2800, #991, .T. ) ;
#1285 = DIRECTION ( 'NONE',  ( 1.000000000000000000, 0.000000000000000000, 0.000000000000000000 ) ) ;
#1286 = ORIENTED_EDGE ( 'NONE', *, *, #4293, .T. ) ;
#1287 = VECTOR ( 'NONE', #447, 1000.000000000000000 ) ;
#1288 = EDGE_LOOP ( 'NONE', ( #2803, #1290, #2598, #2263 ) ) ;
#1289 = FILL_AREA_STYLE ('',( #420 ) ) ;
#1290 = ORIENTED_EDGE ( 'NONE', *, *, #1005, .F. ) ;
#1291 = EDGE_CURVE ( 'NONE', #1579, #5640, #1528, .T. ) ;
#1292 = FACE_OUTER_BOUND ( 'NONE', #1452, .T. ) ;
#1293 = FACE_OUTER_BOUND ( 'NONE', #4382, .T. ) ;
#1294 = SURFACE_STYLE_USAGE ( .BOTH. , #3543 ) ;
#1295 = DIRECTION ( 'NONE',  ( 1.000000000000000000, 0.000000000000000000, 0.000000000000000000 ) ) ;
#1296 = EDGE_CURVE ( 'NONE', #782, #5642, #608, .T. ) ;
#1297 = DIRECTION ( 'NONE',  ( 1.000000000000000000, -0.000000000000000000, -0.000000000000000000 ) ) ;
#1298 = VERTEX_POINT ( 'NONE', #4568 ) ;
#1299 = CARTESIAN_POINT ( 'NONE',  ( -56.71242534221949683, 21.24437245649053452, 0.000000000000000000 ) ) ;
#1300 = ORIENTED_EDGE ( 'NONE', *, *, #2001, .F. ) ;
#1301 = VECTOR ( 'NONE', #2790, 1000.000000000000000 ) ;
#1302 = CARTESIAN_POINT ( 'NONE',  ( -18.00000000000000355, -18.49999999999999645, 2.000000000000000000 ) ) ;
#1303 = VECTOR ( 'NONE', #4744, 1000.000000000000000 ) ;
#1304 = CARTESIAN_POINT ( 'NONE',  ( 17.99999999999999645, 19.89999999999999858, 6.200000000000000178 ) ) ;
#1305 = AXIS2_PLACEMENT_3D ( 'NONE', #695, #584, #2451 ) ;
#1306 = ORIENTED_EDGE ( 'NONE', *, *, #3707, .F. ) ;
#1307 = ORIENTED_EDGE ( 'NONE', *, *, #1948, .T. ) ;
#1308 = ORIENTED_EDGE ( 'NONE', *, *, #4203, .T. ) ;
#1309 = PLANE ( 'NONE',  #4993 ) ;
#1310 = ORIENTED_EDGE ( 'NONE', *, *, #3154, .F. ) ;
#1311 = DIRECTION ( 'NONE',  ( 1.000000000000000000, 1.266221515311538543E-16, 0.000000000000000000 ) ) ;
#1312 = EDGE_CURVE ( 'NONE', #1515, #3640, #2396, .T. ) ;
#1313 = DIRECTION ( 'NONE',  ( 1.000000000000000000, 0.000000000000000000, -0.000000000000000000 ) ) ;
#1314 = CIRCLE ( 'NONE', #1215, 0.6959219873088288155 ) ;
#1315 = FACE_OUTER_BOUND ( 'NONE', #2233, .T. ) ;
#1316 = ORIENTED_EDGE ( 'NONE', *, *, #3922, .F. ) ;
#1317 = EDGE_CURVE ( 'NONE', #4231, #4917, #3478, .T. ) ;
#1318 = VERTEX_POINT ( 'NONE', #3697 ) ;
#1319 = FACE_OUTER_BOUND ( 'NONE', #3034, .T. ) ;
#1320 = EDGE_LOOP ( 'NONE', ( #5096, #5221, #3298, #3120 ) ) ;
#1321 = DIRECTION ( 'NONE',  ( 1.000000000000000000, 0.000000000000000000, 0.000000000000000000 ) ) ;
#1322 = DIRECTION ( 'NONE',  ( -1.000000000000000000, 0.000000000000000000, 0.000000000000000000 ) ) ;
#1323 = EDGE_CURVE ( 'NONE', #5311, #4688, #5031, .T. ) ;
#1324 = DIRECTION ( 'NONE',  ( -1.613696256722611405E-16, 1.000000000000000000, 0.000000000000000000 ) ) ;
#1325 = LINE ( 'NONE', #5695, #1271 ) ;
#1326 = EDGE_LOOP ( 'NONE', ( #1768, #3747, #2981, #1582 ) ) ;
#1327 = CARTESIAN_POINT ( 'NONE',  ( -7.999999999999994671, 20.49999999999999645, 5.200000000000001066 ) ) ;
#1328 = ORIENTED_EDGE ( 'NONE', *, *, #190, .T. ) ;
#1329 = EDGE_CURVE ( 'NONE', #2900, #3463, #4596, .T. ) ;
#1330 = AXIS2_PLACEMENT_3D ( 'NONE', #1368, #5301, #500 ) ;
#1331 = DIRECTION ( 'NONE',  ( -0.000000000000000000, -0.000000000000000000, -1.000000000000000000 ) ) ;
#1332 = ORIENTED_EDGE ( 'NONE', *, *, #5660, .T. ) ;
#1333 = ORIENTED_EDGE ( 'NONE', *, *, #86, .F. ) ;
#1334 = VERTEX_POINT ( 'NONE', #636 ) ;
#1335 = LINE ( 'NONE', #4054, #2400 ) ;
#1336 = ORIENTED_EDGE ( 'NONE', *, *, #2198, .F. ) ;
#1337 = VECTOR ( 'NONE', #2534, 1000.000000000000000 ) ;
#1338 = CARTESIAN_POINT ( 'NONE',  ( -55.11242534221950251, 19.64437245649053310, 2.200000000000000178 ) ) ;
#1339 = CARTESIAN_POINT ( 'NONE',  ( -16.39999999999999503, -19.89999999999999858, 4.200000000000000178 ) ) ;
#1340 = LINE ( 'NONE', #3127, #1091 ) ;
#1341 = CARTESIAN_POINT ( 'NONE',  ( -16.99999999999999289, -5.899999999999997691, 0.000000000000000000 ) ) ;
#1342 = EDGE_CURVE ( 'NONE', #3727, #3863, #1021, .T. ) ;
#1343 = VERTEX_POINT ( 'NONE', #2475 ) ;
#1344 = VECTOR ( 'NONE', #1828, 1000.000000000000000 ) ;
#1345 = EDGE_LOOP ( 'NONE', ( #3209, #1574, #5358, #2353 ) ) ;
#1346 = CARTESIAN_POINT ( 'NONE',  ( 14.27960312803934606, -21.50000000000000000, 4.679999999999997939 ) ) ;
#1347 = ORIENTED_EDGE ( 'NONE', *, *, #5558, .T. ) ;
#1348 = ADVANCED_FACE ( 'NONE', ( #1959 ), #2420, .F. ) ;
#1349 = DIRECTION ( 'NONE',  ( 0.000000000000000000, 0.000000000000000000, -1.000000000000000000 ) ) ;
#1350 = VECTOR ( 'NONE', #293, 1000.000000000000000 ) ;
#1351 = DIRECTION ( 'NONE',  ( 1.000000000000000000, 0.000000000000000000, 0.000000000000000000 ) ) ;
#1352 = DIRECTION ( 'NONE',  ( -0.000000000000000000, 0.000000000000000000, -1.000000000000000000 ) ) ;
#1353 = VECTOR ( 'NONE', #567, 1000.000000000000000 ) ;
#1354 = CARTESIAN_POINT ( 'NONE',  ( -62.26002644001162167, 7.981244495785452919, -2.150000000000000355 ) ) ;
#1355 = EDGE_LOOP ( 'NONE', ( #2003, #2065, #797, #1363, #1714, #2303, #1150, #4190, #4305, #4483, #2378, #4380, #2710, #1310, #58, #2601, #5284, #270, #4699, #4022, #2075, #3306, #5617, #1426, #5193, #1870, #4695, #719, #2019, #3000, #61, #2225, #5576, #4121, #2257, #4932 ) ) ;
#1356 = EDGE_CURVE ( 'NONE', #4047, #4635, #2683, .T. ) ;
#1357 = PLANE ( 'NONE',  #2076 ) ;
#1358 = ORIENTED_EDGE ( 'NONE', *, *, #4990, .T. ) ;
#1359 = VECTOR ( 'NONE', #2883, 1000.000000000000000 ) ;
#1360 = CARTESIAN_POINT ( 'NONE',  ( -53.33195776004129840, 20.24437245649053452, 1.200000000000000178 ) ) ;
#1361 = ORIENTED_EDGE ( 'NONE', *, *, #1785, .F. ) ;
#1362 = ORIENTED_EDGE ( 'NONE', *, *, #992, .F. ) ;
#1363 = ORIENTED_EDGE ( 'NONE', *, *, #3942, .F. ) ;
#1364 = ADVANCED_FACE ( 'NONE', ( #5469 ), #1934, .T. ) ;
#1365 = DIRECTION ( 'NONE',  ( -0.000000000000000000, -0.000000000000000000, -1.000000000000000000 ) ) ;
#1366 = EDGE_LOOP ( 'NONE', ( #4755, #1195, #3036, #3567 ) ) ;
#1367 = VECTOR ( 'NONE', #928, 1000.000000000000000 ) ;
#1368 = CARTESIAN_POINT ( 'NONE',  ( -51.40698321814510763, -19.75562754350946193, -1.000000000000000000 ) ) ;
#1369 = CARTESIAN_POINT ( 'NONE',  ( -62.76002644001162167, -1.468755504214548147, -2.000000000000000000 ) ) ;
#1370 = DIRECTION ( 'NONE',  ( 0.000000000000000000, 0.000000000000000000, 1.000000000000000000 ) ) ;
#1371 = CARTESIAN_POINT ( 'NONE',  ( -16.39999999999999147, -20.49999999999999645, 4.200000000000000178 ) ) ;
#1372 = ORIENTED_EDGE ( 'NONE', *, *, #3948, .F. ) ;
#1373 = VECTOR ( 'NONE', #2874, 1000.000000000000000 ) ;
#1374 = EDGE_CURVE ( 'NONE', #2021, #1074, #2764, .T. ) ;
#1375 = VERTEX_POINT ( 'NONE', #2909 ) ;
#1376 = VERTEX_POINT ( 'NONE', #221 ) ;
#1377 = AXIS2_PLACEMENT_3D ( 'NONE', #2267, #993, #4494 ) ;
#1378 = CARTESIAN_POINT ( 'NONE',  ( -62.26002644001162167, -1.468755504214548147, -2.000000000000000000 ) ) ;
#1379 = LINE ( 'NONE', #3162, #5666 ) ;
#1380 = LINE ( 'NONE', #2676, #2977 ) ;
#1381 = CARTESIAN_POINT ( 'NONE',  ( -20.71242534221950393, 19.64437245649053310, 0.000000000000000000 ) ) ;
#1382 = EDGE_CURVE ( 'NONE', #1579, #2479, #4683, .T. ) ;
#1383 = LINE ( 'NONE', #3546, #1367 ) ;
#1384 = ORIENTED_EDGE ( 'NONE', *, *, #5583, .F. ) ;
#1385 = LINE ( 'NONE', #1299, #1614 ) ;
#1386 = ORIENTED_EDGE ( 'NONE', *, *, #1662, .F. ) ;
#1387 = EDGE_CURVE ( 'NONE', #5677, #1604, #285, .T. ) ;
#1388 = CARTESIAN_POINT ( 'NONE',  ( -62.76002644001162167, 0.000000000000000000, 0.000000000000000000 ) ) ;
#1389 = ORIENTED_EDGE ( 'NONE', *, *, #3828, .T. ) ;
#1390 = ORIENTED_EDGE ( 'NONE', *, *, #1084, .T. ) ;
#1391 = DIRECTION ( 'NONE',  ( 0.000000000000000000, -0.000000000000000000, -1.000000000000000000 ) ) ;
#1392 = ORIENTED_EDGE ( 'NONE', *, *, #3258, .T. ) ;
#1393 = AXIS2_PLACEMENT_3D ( 'NONE', #3407, #1279, #5184 ) ;
#1394 = LINE ( 'NONE', #1421, #3014 ) ;
#1395 = DIRECTION ( 'NONE',  ( -0.000000000000000000, -0.000000000000000000, 1.000000000000000000 ) ) ;
#1396 = LINE ( 'NONE', #944, #3232 ) ;
#1397 = ORIENTED_EDGE ( 'NONE', *, *, #3315, .T. ) ;
#1398 = EDGE_CURVE ( 'NONE', #334, #1646, #5522, .T. ) ;
#1399 = ORIENTED_EDGE ( 'NONE', *, *, #3701, .F. ) ;
#1400 = VECTOR ( 'NONE', #2470, 1000.000000000000000 ) ;
#1401 = DIRECTION ( 'NONE',  ( 0.000000000000000000, 0.000000000000000000, -1.000000000000000000 ) ) ;
#1402 = EDGE_LOOP ( 'NONE', ( #496, #217, #2450, #3752, #773 ) ) ;
#1403 = DIRECTION ( 'NONE',  ( 1.000000000000000000, 0.000000000000000000, 0.000000000000000000 ) ) ;
#1404 = CARTESIAN_POINT ( 'NONE',  ( -62.76002644001162167, 10.03124449578545274, -2.000000000000000000 ) ) ;
#1405 = CARTESIAN_POINT ( 'NONE',  ( -16.99999999999999289, -18.49999999999999645, 2.000000000000000000 ) ) ;
#1406 = FACE_OUTER_BOUND ( 'NONE', #5520, .T. ) ;
#1407 = AXIS2_PLACEMENT_3D ( 'NONE', #4884, #1842, #977 ) ;
#1408 = DIRECTION ( 'NONE',  ( -1.000000000000000000, 0.000000000000000000, 0.000000000000000000 ) ) ;
#1409 = CARTESIAN_POINT ( 'NONE',  ( -16.25074157420720056, -18.41820355284585276, 4.200000000000000178 ) ) ;
#1410 = ORIENTED_EDGE ( 'NONE', *, *, #513, .F. ) ;
#1411 = CARTESIAN_POINT ( 'NONE',  ( -56.71242534221949683, -20.75562754350946193, 2.200000000000000178 ) ) ;
#1412 = EDGE_CURVE ( 'NONE', #2204, #3785, #5084, .T. ) ;
#1413 = AXIS2_PLACEMENT_3D ( 'NONE', #3658, #1459, #4991 ) ;
#1414 = CYLINDRICAL_SURFACE ( 'NONE', #1006, 1.500000000000001332 ) ;
#1415 = VERTEX_POINT ( 'NONE', #2016 ) ;
#1416 = DIRECTION ( 'NONE',  ( -1.000000000000000000, 9.770476330584008399E-17, 0.000000000000000000 ) ) ;
#1417 = CARTESIAN_POINT ( 'NONE',  ( -34.11242534221948119, 20.24437245649053452, 2.199999999999803890 ) ) ;
#1418 = EDGE_CURVE ( 'NONE', #5297, #1140, #4251, .T. ) ;
#1419 = VECTOR ( 'NONE', #3985, 1000.000000000000000 ) ;
#1420 = FACE_OUTER_BOUND ( 'NONE', #2867, .T. ) ;
#1421 = CARTESIAN_POINT ( 'NONE',  ( -51.40698321814510763, -20.75562754350946193, 2.200000000000000178 ) ) ;
#1422 = DIRECTION ( 'NONE',  ( 0.000000000000000000, -0.000000000000000000, 1.000000000000000000 ) ) ;
#1423 = LINE ( 'NONE', #1451, #751 ) ;
#1424 = EDGE_CURVE ( 'NONE', #4720, #4777, #3338, .T. ) ;
#1425 = ORIENTED_EDGE ( 'NONE', *, *, #1131, .F. ) ;
#1426 = ORIENTED_EDGE ( 'NONE', *, *, #5322, .F. ) ;
#1427 = LINE ( 'NONE', #4064, #333 ) ;
#1428 = ORIENTED_EDGE ( 'NONE', *, *, #1974, .T. ) ;
#1429 = CARTESIAN_POINT ( 'NONE',  ( 14.87941555592569287, -18.79999999999999361, 4.200000000000000178 ) ) ;
#1430 = AXIS2_PLACEMENT_3D ( 'NONE', #1545, #3247, #573 ) ;
#1431 = DIRECTION ( 'NONE',  ( 0.000000000000000000, -0.000000000000000000, 1.000000000000000000 ) ) ;
#1432 = CARTESIAN_POINT ( 'NONE',  ( -56.68211918788940551, 17.24437245649053452, 1.000000000000000000 ) ) ;
#1433 = AXIS2_PLACEMENT_3D ( 'NONE', #395, #4008, #1349 ) ;
#1434 = PLANE ( 'NONE',  #3577 ) ;
#1435 = ORIENTED_EDGE ( 'NONE', *, *, #1747, .F. ) ;
#1436 = VECTOR ( 'NONE', #511, 1000.000000000000000 ) ;
#1437 = DIRECTION ( 'NONE',  ( -1.000000000000000000, 0.000000000000000000, 0.000000000000000000 ) ) ;
#1438 = VECTOR ( 'NONE', #1161, 1000.000000000000000 ) ;
#1439 = DIRECTION ( 'NONE',  ( -1.000000000000000000, 0.000000000000000000, 0.000000000000000000 ) ) ;
#1440 = LINE ( 'NONE', #2762, #5515 ) ;
#1441 = ADVANCED_FACE ( 'NONE', ( #1475 ), #3903, .T. ) ;
#1442 = ORIENTED_EDGE ( 'NONE', *, *, #4286, .F. ) ;
#1443 = DIRECTION ( 'NONE',  ( -0.000000000000000000, -0.000000000000000000, 1.000000000000000000 ) ) ;
#1444 = ORIENTED_EDGE ( 'NONE', *, *, #4959, .T. ) ;
#1445 = VECTOR ( 'NONE', #3292, 1000.000000000000000 ) ;
#1446 = DIRECTION ( 'NONE',  ( 0.000000000000000000, 0.000000000000000000, -1.000000000000000000 ) ) ;
#1447 = DIRECTION ( 'NONE',  ( -1.000000000000000000, 0.000000000000000000, 0.000000000000000000 ) ) ;
#1448 = LINE ( 'NONE', #3845, #5354 ) ;
#1449 = EDGE_CURVE ( 'NONE', #946, #3794, #346, .T. ) ;
#1450 = VECTOR ( 'NONE', #26, 1000.000000000000000 ) ;
#1451 = CARTESIAN_POINT ( 'NONE',  ( -53.33195776004129840, 19.24437245649053096, -1.000000000000000000 ) ) ;
#1452 = EDGE_LOOP ( 'NONE', ( #3304, #4464, #3090, #2713 ) ) ;
#1453 = VECTOR ( 'NONE', #5024, 1000.000000000000000 ) ;
#1454 = ORIENTED_EDGE ( 'NONE', *, *, #4081, .T. ) ;
#1455 = EDGE_CURVE ( 'NONE', #2215, #5686, #2996, .T. ) ;
#1456 = FACE_OUTER_BOUND ( 'NONE', #3061, .T. ) ;
#1457 = EDGE_LOOP ( 'NONE', ( #4914, #1702, #4371, #5591 ) ) ;
#1458 = FACE_OUTER_BOUND ( 'NONE', #5595, .T. ) ;
#1459 = DIRECTION ( 'NONE',  ( 0.000000000000000000, 4.904724113624902537E-17, -1.000000000000000000 ) ) ;
#1460 = FACE_OUTER_BOUND ( 'NONE', #5306, .T. ) ;
#1461 = ADVANCED_FACE ( 'NONE', ( #2567 ), #3226, .T. ) ;
#1462 = CIRCLE ( 'NONE', #2108, 0.5999999999999998668 ) ;
#1463 = EDGE_CURVE ( 'NONE', #1318, #233, #1273, .T. ) ;
#1464 = PLANE ( 'NONE',  #5146 ) ;
#1465 = AXIS2_PLACEMENT_3D ( 'NONE', #2148, #3911, #5681 ) ;
#1466 = ORIENTED_EDGE ( 'NONE', *, *, #4843, .T. ) ;
#1467 = CARTESIAN_POINT ( 'NONE',  ( -22.31242534221949469, -20.15562754350945696, 0.000000000000000000 ) ) ;
#1468 = CARTESIAN_POINT ( 'NONE',  ( -15.55481958689837363, -18.41820355284585276, 5.200000000000001066 ) ) ;
#1469 = EDGE_CURVE ( 'NONE', #3785, #891, #3402, .T. ) ;
#1470 = PLANE ( 'NONE',  #5720 ) ;
#1471 = ORIENTED_EDGE ( 'NONE', *, *, #2879, .T. ) ;
#1472 = DIRECTION ( 'NONE',  ( 1.000000000000000000, 0.000000000000000000, -0.000000000000000000 ) ) ;
#1473 = DIRECTION ( 'NONE',  ( -0.000000000000000000, 1.000000000000000000, -0.000000000000000000 ) ) ;
#1474 = CARTESIAN_POINT ( 'NONE',  ( -55.11242534221950251, -20.15562754350946051, 0.7000000000000000666 ) ) ;
#1475 = FACE_OUTER_BOUND ( 'NONE', #3312, .T. ) ;
#1476 = CARTESIAN_POINT ( 'NONE',  ( -52.95155156584890221, -11.75562754350946015, 1.200000000000000178 ) ) ;
#1477 = CARTESIAN_POINT ( 'NONE',  ( -55.11242534221950251, -20.15562754350946051, 0.7000000000000000666 ) ) ;
#1478 = CIRCLE ( 'NONE', #648, 0.09999999999999939493 ) ;
#1479 = AXIS2_PLACEMENT_3D ( 'NONE', #2594, #3430, #5266 ) ;
#1480 = EDGE_CURVE ( 'NONE', #1646, #4731, #2047, .T. ) ;
#1481 = EDGE_LOOP ( 'NONE', ( #2964, #5037, #909, #5554 ) ) ;
#1482 = DIRECTION ( 'NONE',  ( 1.000000000000000000, 1.613696256722611652E-16, -0.000000000000000000 ) ) ;
#1483 = AXIS2_PLACEMENT_3D ( 'NONE', #477, #2242, #70 ) ;
#1484 = DIRECTION ( 'NONE',  ( -0.000000000000000000, -0.000000000000000000, 1.000000000000000000 ) ) ;
#1485 = ORIENTED_EDGE ( 'NONE', *, *, #592, .T. ) ;
#1486 = EDGE_CURVE ( 'NONE', #5415, #5640, #1962, .T. ) ;
#1487 = DIRECTION ( 'NONE',  ( -1.000000000000000000, 0.000000000000000000, 0.000000000000000000 ) ) ;
#1488 = CARTESIAN_POINT ( 'NONE',  ( -62.76002644001162167, 1.881244495785452386, -0.8500000000000009770 ) ) ;
#1489 = DIRECTION ( 'NONE',  ( -0.000000000000000000, -0.000000000000000000, 1.000000000000000000 ) ) ;
#1490 = VERTEX_POINT ( 'NONE', #2968 ) ;
#1491 = DIRECTION ( 'NONE',  ( 1.613696256722611405E-16, -1.000000000000000000, 0.000000000000000000 ) ) ;
#1492 = AXIS2_PLACEMENT_3D ( 'NONE', #4242, #1177, #2528 ) ;
#1493 = EDGE_CURVE ( 'NONE', #769, #3400, #5384, .T. ) ;
#1494 = DIRECTION ( 'NONE',  ( -1.000000000000000000, 0.000000000000000000, -0.000000000000000000 ) ) ;
#1495 = FACE_OUTER_BOUND ( 'NONE', #1320, .T. ) ;
#1496 = EDGE_LOOP ( 'NONE', ( #3353, #4488, #4558, #1945 ) ) ;
#1497 = DIRECTION ( 'NONE',  ( 0.000000000000000000, -0.000000000000000000, 1.000000000000000000 ) ) ;
#1498 = ORIENTED_EDGE ( 'NONE', *, *, #1635, .F. ) ;
#1499 = EDGE_CURVE ( 'NONE', #5717, #5630, #2140, .T. ) ;
#1500 = DIRECTION ( 'NONE',  ( 1.743440679373676056E-16, -1.000000000000000000, 0.000000000000000000 ) ) ;
#1501 = DIRECTION ( 'NONE',  ( 0.000000000000000000, 0.000000000000000000, -1.000000000000000000 ) ) ;
#1502 = LINE ( 'NONE', #502, #2114 ) ;
#1503 = PLANE ( 'NONE',  #4256 ) ;
#1504 = LINE ( 'NONE', #2827, #518 ) ;
#1505 = EDGE_LOOP ( 'NONE', ( #3873, #1921, #3, #1899, #2759 ) ) ;
#1506 = DIRECTION ( 'NONE',  ( 0.000000000000000000, 0.000000000000000000, 1.000000000000000000 ) ) ;
#1507 = EDGE_CURVE ( 'NONE', #1602, #2473, #5673, .T. ) ;
#1508 = DIRECTION ( 'NONE',  ( 0.000000000000000000, -1.000000000000000000, 0.000000000000000000 ) ) ;
#1509 = VERTEX_POINT ( 'NONE', #3459 ) ;
#1510 = LINE ( 'NONE', #3266, #1600 ) ;
#1511 = DIRECTION ( 'NONE',  ( -0.000000000000000000, -0.000000000000000000, -1.000000000000000000 ) ) ;
#1512 = CARTESIAN_POINT ( 'NONE',  ( -41.96242534221950393, 13.24437245649053452, 0.3999999999999975797 ) ) ;
#1513 = EDGE_CURVE ( 'NONE', #2381, #4375, #3373, .T. ) ;
#1514 = AXIS2_PLACEMENT_3D ( 'NONE', #2256, #4942, #984 ) ;
#1515 = VERTEX_POINT ( 'NONE', #2622 ) ;
#1516 = DIRECTION ( 'NONE',  ( 0.000000000000000000, 0.000000000000000000, -1.000000000000000000 ) ) ;
#1517 = CARTESIAN_POINT ( 'NONE',  ( -55.71242534221949683, -15.25562754350946371, -1.000000000000000000 ) ) ;
#1518 = AXIS2_PLACEMENT_3D ( 'NONE', #4275, #5203, #3369 ) ;
#1519 = DIRECTION ( 'NONE',  ( 1.000000000000000000, 0.000000000000000000, 0.000000000000000000 ) ) ;
#1520 = DIRECTION ( 'NONE',  ( 1.000000000000000000, 1.613696256722611405E-16, -0.000000000000000000 ) ) ;
#1521 = EDGE_CURVE ( 'NONE', #3400, #2035, #2166, .T. ) ;
#1522 = VECTOR ( 'NONE', #1542, 1000.000000000000000 ) ;
#1523 = ORIENTED_EDGE ( 'NONE', *, *, #5665, .T. ) ;
#1524 = VERTEX_POINT ( 'NONE', #2079 ) ;
#1525 = CARTESIAN_POINT ( 'NONE',  ( -47.24545865296283154, 20.24437245649053452, 0.000000000000000000 ) ) ;
#1526 = ORIENTED_EDGE ( 'NONE', *, *, #3685, .T. ) ;
#1527 = CARTESIAN_POINT ( 'NONE',  ( 13.70000000000000107, 10.90000000000000036, 5.200000000000000178 ) ) ;
#1528 = LINE ( 'NONE', #1586, #1270 ) ;
#1529 = DIRECTION ( 'NONE',  ( 0.000000000000000000, -0.000000000000000000, 1.000000000000000000 ) ) ;
#1530 = ADVANCED_FACE ( 'NONE', ( #3028 ), #1214, .F. ) ;
#1531 = ADVANCED_FACE ( 'NONE', ( #2536 ), #3058, .T. ) ;
#1532 = VECTOR ( 'NONE', #5124, 1000.000000000000000 ) ;
#1533 = LINE ( 'NONE', #1045, #5185 ) ;
#1534 = LINE ( 'NONE', #4690, #5597 ) ;
#1535 = ORIENTED_EDGE ( 'NONE', *, *, #3684, .T. ) ;
#1536 = CIRCLE ( 'NONE', #5432, 1.200000000000000178 ) ;
#1537 = CARTESIAN_POINT ( 'NONE',  ( 14.87941555592569287, -18.79999999999999361, 5.200000000000001066 ) ) ;
#1538 = LINE ( 'NONE', #5503, #1359 ) ;
#1539 = VECTOR ( 'NONE', #942, 1000.000000000000000 ) ;
#1540 = VERTEX_POINT ( 'NONE', #5645 ) ;
#1541 = VECTOR ( 'NONE', #5076, 1000.000000000000000 ) ;
#1542 = DIRECTION ( 'NONE',  ( 9.770476330584008399E-17, 1.000000000000000000, -0.000000000000000000 ) ) ;
#1543 = CARTESIAN_POINT ( 'NONE',  ( -22.31242534221949825, 19.64437245649053310, 2.200000000000000178 ) ) ;
#1544 = EDGE_LOOP ( 'NONE', ( #4908, #4404, #2727, #3227 ) ) ;
#1545 = CARTESIAN_POINT ( 'NONE',  ( -62.26002644001162167, -1.468755504214548147, -1.000000000000000000 ) ) ;
#1546 = CYLINDRICAL_SURFACE ( 'NONE', #3469, 1.500000000000001332 ) ;
#1547 = ADVANCED_FACE ( 'NONE', ( #4369, #3930 ), #4398, .T. ) ;
#1548 = AXIS2_PLACEMENT_3D ( 'NONE', #3461, #2111, #3876 ) ;
#1549 = CARTESIAN_POINT ( 'NONE',  ( -21.71242534221950038, -3.503725949910877432E-15, 1.200000000000000178 ) ) ;
#1550 = CARTESIAN_POINT ( 'NONE',  ( -16.99999999999999289, -18.49999999999999645, 0.000000000000000000 ) ) ;
#1551 = EDGE_LOOP ( 'NONE', ( #4606, #62, #3583, #4986, #820, #3798, #722, #2784 ) ) ;
#1552 = DIRECTION ( 'NONE',  ( 0.000000000000000000, -0.000000000000000000, 1.000000000000000000 ) ) ;
#1553 = EDGE_LOOP ( 'NONE', ( #3897, #2510, #3623, #5099 ) ) ;
#1554 = CIRCLE ( 'NONE', #1465, 1.600000000000000755 ) ;
#1555 = ADVANCED_FACE ( 'NONE', ( #1183 ), #436, .F. ) ;
#1556 = CARTESIAN_POINT ( 'NONE',  ( -26.71242534221950393, -12.75562754350946193, 1.200000000000000178 ) ) ;
#1557 = DIRECTION ( 'NONE',  ( -1.000000000000000000, 0.000000000000000000, 0.000000000000000000 ) ) ;
#1558 = CYLINDRICAL_SURFACE ( 'NONE', #3122, 0.6959219873088288155 ) ;
#1559 = ORIENTED_EDGE ( 'NONE', *, *, #2437, .F. ) ;
#1560 = VERTEX_POINT ( 'NONE', #1762 ) ;
#1561 = FACE_OUTER_BOUND ( 'NONE', #3498, .T. ) ;
#1562 = ADVANCED_FACE ( 'NONE', ( #3963 ), #276, .F. ) ;
#1563 = PLANE ( 'NONE',  #606 ) ;
#1564 = ORIENTED_EDGE ( 'NONE', *, *, #3307, .F. ) ;
#1565 = LINE ( 'NONE', #3792, #1532 ) ;
#1566 = DIRECTION ( 'NONE',  ( -1.000000000000000000, 0.000000000000000000, 0.000000000000000000 ) ) ;
#1567 = VECTOR ( 'NONE', #3091, 1000.000000000000000 ) ;
#1568 = ORIENTED_EDGE ( 'NONE', *, *, #1894, .T. ) ;
#1569 = ADVANCED_FACE ( 'NONE', ( #3421 ), #1205, .F. ) ;
#1570 = AXIS2_PLACEMENT_3D ( 'NONE', #5147, #251, #3810 ) ;
#1571 = FACE_OUTER_BOUND ( 'NONE', #935, .T. ) ;
#1572 = CIRCLE ( 'NONE', #4723, 0.5999999999999998668 ) ;
#1573 = CARTESIAN_POINT ( 'NONE',  ( -62.76002644001162167, 9.031244495785450965, 0.2000000000000005107 ) ) ;
#1574 = ORIENTED_EDGE ( 'NONE', *, *, #870, .T. ) ;
#1575 = CARTESIAN_POINT ( 'NONE',  ( -17.99999999999999645, -17.49999999999999645, 1.000000000000000000 ) ) ;
#1576 = CARTESIAN_POINT ( 'NONE',  ( -62.76002644001162167, 1.881244495785453053, -2.150000000000000799 ) ) ;
#1577 = CARTESIAN_POINT ( 'NONE',  ( -28.76858636361750143, 20.24437245649053452, 0.000000000000000000 ) ) ;
#1578 = LINE ( 'NONE', #4675, #715 ) ;
#1579 = VERTEX_POINT ( 'NONE', #5572 ) ;
#1580 = PLANE ( 'NONE',  #4544 ) ;
#1581 = ADVANCED_FACE ( 'NONE', ( #2959 ), #777, .T. ) ;
#1582 = ORIENTED_EDGE ( 'NONE', *, *, #1342, .T. ) ;
#1583 = DIRECTION ( 'NONE',  ( -0.000000000000000000, 0.000000000000000000, -1.000000000000000000 ) ) ;
#1584 = VERTEX_POINT ( 'NONE', #1577 ) ;
#1585 = DIRECTION ( 'NONE',  ( -1.000000000000000000, 0.000000000000000000, 0.000000000000000000 ) ) ;
#1586 = CARTESIAN_POINT ( 'NONE',  ( -64.26002644001162878, 10.03124449578545274, 0.000000000000000000 ) ) ;
#1587 = DIRECTION ( 'NONE',  ( 0.000000000000000000, 1.000000000000000000, 0.000000000000000000 ) ) ;
#1588 = VERTEX_POINT ( 'NONE', #5542 ) ;
#1589 = ORIENTED_EDGE ( 'NONE', *, *, #2719, .F. ) ;
#1590 = EDGE_CURVE ( 'NONE', #3993, #132, #1672, .T. ) ;
#1591 = ORIENTED_EDGE ( 'NONE', *, *, #1887, .F. ) ;
#1592 = DIRECTION ( 'NONE',  ( -0.000000000000000000, -0.000000000000000000, -1.000000000000000000 ) ) ;
#1593 = DIRECTION ( 'NONE',  ( 0.000000000000000000, -0.000000000000000000, -1.000000000000000000 ) ) ;
#1594 = ORIENTED_EDGE ( 'NONE', *, *, #2896, .F. ) ;
#1595 = CARTESIAN_POINT ( 'NONE',  ( -62.76002644001162167, 1.881244495785453053, -2.150000000000000799 ) ) ;
#1596 = EDGE_CURVE ( 'NONE', #2701, #4260, #1608, .T. ) ;
#1597 = DIRECTION ( 'NONE',  ( -0.000000000000000000, -0.000000000000000000, 1.000000000000000000 ) ) ;
#1598 = ORIENTED_EDGE ( 'NONE', *, *, #4778, .T. ) ;
#1599 = VECTOR ( 'NONE', #1262, 1000.000000000000000 ) ;
#1600 = VECTOR ( 'NONE', #5042, 1000.000000000000000 ) ;
#1601 = FACE_BOUND ( 'NONE', #650, .T. ) ;
#1602 = VERTEX_POINT ( 'NONE', #2131 ) ;
#1603 = CARTESIAN_POINT ( 'NONE',  ( -55.11242534221950251, 19.64437245649053310, 0.7000000000000000666 ) ) ;
#1604 = VERTEX_POINT ( 'NONE', #5170 ) ;
#1605 = DIRECTION ( 'NONE',  ( 0.000000000000000000, 0.000000000000000000, -1.000000000000000000 ) ) ;
#1606 = VECTOR ( 'NONE', #2031, 1000.000000000000000 ) ;
#1607 = FACE_OUTER_BOUND ( 'NONE', #1226, .T. ) ;
#1608 = LINE ( 'NONE', #3394, #1599 ) ;
#1609 = CARTESIAN_POINT ( 'NONE',  ( -21.71242534221950393, 12.36579373369079882, -1.000000000000000000 ) ) ;
#1610 = CARTESIAN_POINT ( 'NONE',  ( -20.71242534221950393, 21.24437245649053452, 0.000000000000000000 ) ) ;
#1611 = VERTEX_POINT ( 'NONE', #5137 ) ;
#1612 = FACE_OUTER_BOUND ( 'NONE', #4252, .T. ) ;
#1613 = EDGE_LOOP ( 'NONE', ( #3012, #1163, #4650, #1245 ) ) ;
#1614 = VECTOR ( 'NONE', #1847, 1000.000000000000000 ) ;
#1615 = CARTESIAN_POINT ( 'NONE',  ( -3.250000000000001332, -19.49999999999999645, 1.750000000000001776 ) ) ;
#1616 = VECTOR ( 'NONE', #4809, 1000.000000000000000 ) ;
#1617 = DIRECTION ( 'NONE',  ( -1.000000000000000000, 0.000000000000000000, -0.000000000000000000 ) ) ;
#1618 = ADVANCED_FACE ( 'NONE', ( #835 ), #3912, .T. ) ;
#1619 = CYLINDRICAL_SURFACE ( 'NONE', #3210, 0.6188099003126921183 ) ;
#1620 = VERTEX_POINT ( 'NONE', #2894 ) ;
#1621 = ORIENTED_EDGE ( 'NONE', *, *, #597, .F. ) ;
#1622 = ORIENTED_EDGE ( 'NONE', *, *, #954, .T. ) ;
#1623 = LINE ( 'NONE', #1686, #5078 ) ;
#1624 = VECTOR ( 'NONE', #110, 1000.000000000000000 ) ;
#1625 = DIRECTION ( 'NONE',  ( 1.613696256722611405E-16, -1.000000000000000000, 0.000000000000000000 ) ) ;
#1626 = EDGE_CURVE ( 'NONE', #4276, #178, #5198, .T. ) ;
#1627 = VECTOR ( 'NONE', #4847, 1000.000000000000000 ) ;
#1628 = CARTESIAN_POINT ( 'NONE',  ( 17.00000000000000711, -19.89999999999999147, 2.100000000000000089 ) ) ;
#1629 = EDGE_LOOP ( 'NONE', ( #1001, #5437, #5566, #4236, #4066 ) ) ;
#1630 = CARTESIAN_POINT ( 'NONE',  ( -62.26002644001162167, 9.031244495785450965, -2.000000000000000000 ) ) ;
#1631 = VECTOR ( 'NONE', #5197, 1000.000000000000000 ) ;
#1632 = ORIENTED_EDGE ( 'NONE', *, *, #3992, .F. ) ;
#1633 = VECTOR ( 'NONE', #5594, 1000.000000000000000 ) ;
#1634 = CARTESIAN_POINT ( 'NONE',  ( -34.11242534221949541, 13.24437245649053452, 0.4000000000000045741 ) ) ;
#1635 = EDGE_CURVE ( 'NONE', #3336, #2551, #5605, .T. ) ;
#1636 = ORIENTED_EDGE ( 'NONE', *, *, #592, .F. ) ;
#1637 = ORIENTED_EDGE ( 'NONE', *, *, #3509, .T. ) ;
#1638 = VECTOR ( 'NONE', #5318, 1000.000000000000000 ) ;
#1639 = LINE ( 'NONE', #3391, #5496 ) ;
#1640 = DIRECTION ( 'NONE',  ( -0.7071067811865437980, -0.7071067811865512365, 0.000000000000000000 ) ) ;
#1641 = FACE_OUTER_BOUND ( 'NONE', #1267, .T. ) ;
#1642 = EDGE_CURVE ( 'NONE', #1343, #2197, #243, .T. ) ;
#1643 = EDGE_CURVE ( 'NONE', #3677, #3055, #2526, .T. ) ;
#1644 = FACE_OUTER_BOUND ( 'NONE', #1794, .T. ) ;
#1645 = LINE ( 'NONE', #5545, #4456 ) ;
#1646 = VERTEX_POINT ( 'NONE', #3330 ) ;
#1647 = DIRECTION ( 'NONE',  ( 0.000000000000000000, -0.000000000000000000, 1.000000000000000000 ) ) ;
#1648 = ORIENTED_EDGE ( 'NONE', *, *, #3931, .F. ) ;
#1649 = TOROIDAL_SURFACE ( 'NONE', #255, 0.1000000000000000472, 1.500000000000000000 ) ;
#1651 = ADVANCED_FACE ( 'NONE', ( #5636 ), #1137, .F. ) ;
#1650 = PLANE ( 'NONE',  #3314 ) ;
#1652 = DIRECTION ( 'NONE',  ( 0.000000000000000000, -1.000000000000000000, 0.000000000000000000 ) ) ;
#1653 = FACE_OUTER_BOUND ( 'NONE', #1613, .T. ) ;
#1654 = VERTEX_POINT ( 'NONE', #4673 ) ;
#1655 = ORIENTED_EDGE ( 'NONE', *, *, #3713, .T. ) ;
#1656 = AXIS2_PLACEMENT_3D ( 'NONE', #5653, #2210, #2178 ) ;
#1657 = VERTEX_POINT ( 'NONE', #305 ) ;
#1658 = CYLINDRICAL_SURFACE ( 'NONE', #1393, 1.000000000000000000 ) ;
#1659 = DIRECTION ( 'NONE',  ( 0.000000000000000000, 1.000000000000000000, -0.000000000000000000 ) ) ;
#1660 = DIRECTION ( 'NONE',  ( -0.000000000000000000, -0.000000000000000000, -1.000000000000000000 ) ) ;
#1661 = CARTESIAN_POINT ( 'NONE',  ( 0.000000000000000000, 20.24437245649053452, 1.200000000000000178 ) ) ;
#1662 = EDGE_CURVE ( 'NONE', #962, #3555, #805, .T. ) ;
#1663 = ORIENTED_EDGE ( 'NONE', *, *, #1342, .F. ) ;
#1664 = CARTESIAN_POINT ( 'NONE',  ( -55.11242534221950251, 19.74437245649053096, 2.200000000000000178 ) ) ;
#1665 = ORIENTED_EDGE ( 'NONE', *, *, #2272, .F. ) ;
#1666 = CARTESIAN_POINT ( 'NONE',  ( -16.99999999999999645, -6.899999999999997691, 1.000000000000000000 ) ) ;
#1667 = ORIENTED_EDGE ( 'NONE', *, *, #3641, .F. ) ;
#1668 = ADVANCED_FACE ( 'NONE', ( #2559 ), #4705, .F. ) ;
#1669 = CARTESIAN_POINT ( 'NONE',  ( -64.26002644001162878, 9.031244495785450965, 0.000000000000000000 ) ) ;
#1670 = DIRECTION ( 'NONE',  ( 0.000000000000000000, -1.885568995626964533E-16, 1.000000000000000000 ) ) ;
#1671 = AXIS2_PLACEMENT_3D ( 'NONE', #4947, #2262, #2236 ) ;
#1672 = LINE ( 'NONE', #5228, #3899 ) ;
#1673 = DIRECTION ( 'NONE',  ( -1.000000000000000000, 0.000000000000000000, 0.000000000000000000 ) ) ;
#1674 = DIRECTION ( 'NONE',  ( 0.000000000000000000, 0.000000000000000000, -1.000000000000000000 ) ) ;
#1675 = ORIENTED_EDGE ( 'NONE', *, *, #5570, .F. ) ;
#1676 = EDGE_CURVE ( 'NONE', #5684, #946, #3803, .T. ) ;
#1677 = DIRECTION ( 'NONE',  ( -1.000000000000000000, 0.000000000000000000, 0.000000000000000000 ) ) ;
#1678 = ORIENTED_EDGE ( 'NONE', *, *, #3898, .F. ) ;
#1679 = CARTESIAN_POINT ( 'NONE',  ( -21.71242534221950393, -19.24221205310341176, 1.200000000000000178 ) ) ;
#1680 = CARTESIAN_POINT ( 'NONE',  ( -28.76858636361750143, 19.24437245649053452, 1.200000000000000178 ) ) ;
#1681 = CARTESIAN_POINT ( 'NONE',  ( -21.71242534221950393, -0.6342062663092004060, 1.200000000000000178 ) ) ;
#1682 = ORIENTED_EDGE ( 'NONE', *, *, #4843, .F. ) ;
#1683 = ORIENTED_EDGE ( 'NONE', *, *, #1032, .F. ) ;
#1684 = ORIENTED_EDGE ( 'NONE', *, *, #2879, .F. ) ;
#1685 = PRODUCT_DEFINITION ( 'æœ', '', #386, #2889 ) ;
#1686 = CARTESIAN_POINT ( 'NONE',  ( 7.000000000000004441, 18.60000000000000142, 5.200000000000001066 ) ) ;
#1687 = DIRECTION ( 'NONE',  ( -0.000000000000000000, 0.000000000000000000, -1.000000000000000000 ) ) ;
#1688 = CARTESIAN_POINT ( 'NONE',  ( -18.00000000000000355, 21.50000000000000000, 6.200000000000000178 ) ) ;
#1689 = DIRECTION ( 'NONE',  ( -0.000000000000000000, -0.000000000000000000, 1.000000000000000000 ) ) ;
#1690 = ORIENTED_EDGE ( 'NONE', *, *, #3579, .T. ) ;
#1691 = VECTOR ( 'NONE', #5186, 1000.000000000000000 ) ;
#1692 = ADVANCED_FACE ( 'NONE', ( #1641 ), #2221, .F. ) ;
#1693 = ORIENTED_EDGE ( 'NONE', *, *, #4179, .F. ) ;
#1694 = CARTESIAN_POINT ( 'NONE',  ( -4.600000000000006750, -20.49999999999999645, 0.000000000000000000 ) ) ;
#1695 = LINE ( 'NONE', #5538, #5416 ) ;
#1696 = AXIS2_PLACEMENT_3D ( 'NONE', #785, #4802, #1242 ) ;
#1697 = CARTESIAN_POINT ( 'NONE',  ( -22.71242534221950393, -19.24221205310341176, -1.000000000000000000 ) ) ;
#1698 = DIRECTION ( 'NONE',  ( 0.000000000000000000, 1.000000000000000000, 0.000000000000000000 ) ) ;
#1699 = EDGE_CURVE ( 'NONE', #4427, #1917, #5723, .T. ) ;
#1700 = LINE ( 'NONE', #3451, #3670 ) ;
#1701 = CARTESIAN_POINT ( 'NONE',  ( -3.250000000000001332, -21.50000000000000000, 0.3999999999999978018 ) ) ;
#1702 = ORIENTED_EDGE ( 'NONE', *, *, #2593, .T. ) ;
#1703 = DIRECTION ( 'NONE',  ( -0.000000000000000000, 0.000000000000000000, -1.000000000000000000 ) ) ;
#1704 = ORIENTED_EDGE ( 'NONE', *, *, #775, .F. ) ;
#1705 = CARTESIAN_POINT ( 'NONE',  ( -62.26002644001162167, 9.031244495785450965, 0.2000000000000005107 ) ) ;
#1706 = DIRECTION ( 'NONE',  ( -1.000000000000000000, -0.000000000000000000, -0.000000000000000000 ) ) ;
#1707 = EDGE_CURVE ( 'NONE', #1229, #2751, #5693, .T. ) ;
#1708 = DIRECTION ( 'NONE',  ( 0.000000000000000000, -1.000000000000000000, 0.000000000000000000 ) ) ;
#1709 = VERTEX_POINT ( 'NONE', #2645 ) ;
#1710 = MANIFOLD_SOLID_BREP ( '\X2\570689d2\X0\11', #1056 ) ;
#1711 = VERTEX_POINT ( 'NONE', #3574 ) ;
#1712 = ORIENTED_EDGE ( 'NONE', *, *, #4793, .F. ) ;
#1713 = CARTESIAN_POINT ( 'NONE',  ( -35.46242534221950393, 13.24437245649053452, 1.750000000000000000 ) ) ;
#1714 = ORIENTED_EDGE ( 'NONE', *, *, #939, .F. ) ;
#1715 = VECTOR ( 'NONE', #3580, 1000.000000000000000 ) ;
#1716 = LINE ( 'NONE', #622, #129 ) ;
#1717 = EDGE_CURVE ( 'NONE', #1711, #4688, #1380, .T. ) ;
#1718 = CIRCLE ( 'NONE', #2177, 0.6000000000000033085 ) ;
#1719 = LINE ( 'NONE', #4112, #2306 ) ;
#1720 = CARTESIAN_POINT ( 'NONE',  ( -62.76002644001162167, -0.4187555042145468809, -2.150000000000001243 ) ) ;
#1721 = EDGE_LOOP ( 'NONE', ( #3807, #1218, #5547, #960, #3849, #3341, #4550, #1057 ) ) ;
#1722 = ORIENTED_EDGE ( 'NONE', *, *, #211, .T. ) ;
#1723 = LINE ( 'NONE', #831, #4215 ) ;
#1724 = EDGE_LOOP ( 'NONE', ( #3413, #4899, #5026, #2152 ) ) ;
#1725 = LINE ( 'NONE', #3572, #3929 ) ;
#1726 = LINE ( 'NONE', #924, #3005 ) ;
#1727 = DIRECTION ( 'NONE',  ( -0.000000000000000000, 1.000000000000000000, -0.000000000000000000 ) ) ;
#1728 = DIRECTION ( 'NONE',  ( -0.000000000000000000, 0.000000000000000000, -1.000000000000000000 ) ) ;
#1729 = AXIS2_PLACEMENT_3D ( 'NONE', #1198, #363, #1257 ) ;
#1730 = FACE_OUTER_BOUND ( 'NONE', #3250, .T. ) ;
#1731 = ORIENTED_EDGE ( 'NONE', *, *, #4240, .F. ) ;
#1732 = PLANE ( 'NONE',  #3923 ) ;
#1733 = ORIENTED_EDGE ( 'NONE', *, *, #5476, .F. ) ;
#1734 = VECTOR ( 'NONE', #4952, 1000.000000000000000 ) ;
#1735 = ADVANCED_FACE ( 'NONE', ( #3483 ), #4422, .F. ) ;
#1736 = CIRCLE ( 'NONE', #1999, 1.600000000000000755 ) ;
#1737 = DIRECTION ( 'NONE',  ( -1.000000000000000000, 0.000000000000000000, 0.000000000000000000 ) ) ;
#1738 = ORIENTED_EDGE ( 'NONE', *, *, #2638, .T. ) ;
#1739 = VERTEX_POINT ( 'NONE', #4477 ) ;
#1740 = VERTEX_POINT ( 'NONE', #3514 ) ;
#1741 = DIRECTION ( 'NONE',  ( -0.000000000000000000, -1.000000000000000000, -0.000000000000000000 ) ) ;
#1742 = EDGE_LOOP ( 'NONE', ( #4920, #5585, #3871, #3427, #4062, #3503, #3879, #2285, #3237, #2972 ) ) ;
#1743 = ADVANCED_FACE ( 'NONE', ( #1406 ), #4911, .F. ) ;
#1744 = DIRECTION ( 'NONE',  ( 1.000000000000000000, 0.000000000000000000, 0.000000000000000000 ) ) ;
#1745 = CARTESIAN_POINT ( 'NONE',  ( -62.76002644001162167, 9.031244495785450965, -2.000000000000000000 ) ) ;
#1746 = DIRECTION ( 'NONE',  ( 0.000000000000000000, -1.000000000000000000, 0.000000000000000000 ) ) ;
#1747 = EDGE_CURVE ( 'NONE', #2012, #382, #486, .T. ) ;
#1748 = ORIENTED_EDGE ( 'NONE', *, *, #5701, .T. ) ;
#1749 = ORIENTED_EDGE ( 'NONE', *, *, #4142, .F. ) ;
#1750 = CARTESIAN_POINT ( 'NONE',  ( -62.26002644001162167, 9.031244495785450965, 0.2000000000000009548 ) ) ;
#1751 = ORIENTED_EDGE ( 'NONE', *, *, #1906, .T. ) ;
#1752 = DIRECTION ( 'NONE',  ( -1.000000000000000000, 0.000000000000000000, 0.000000000000000000 ) ) ;
#1753 = EDGE_CURVE ( 'NONE', #3398, #4443, #391, .T. ) ;
#1754 = CARTESIAN_POINT ( 'NONE',  ( -3.250000000000001332, -21.50000000000000000, 1.750000000000001776 ) ) ;
#1755 = DIRECTION ( 'NONE',  ( -0.000000000000000000, 0.000000000000000000, -1.000000000000000000 ) ) ;
#1756 = DIRECTION ( 'NONE',  ( 1.000000000000000000, -0.000000000000000000, 0.000000000000000000 ) ) ;
#1757 = VERTEX_POINT ( 'NONE', #4389 ) ;
#1758 = LINE ( 'NONE', #4859, #3558 ) ;
#1759 = ORIENTED_EDGE ( 'NONE', *, *, #1463, .T. ) ;
#1760 = AXIS2_PLACEMENT_3D ( 'NONE', #2205, #1416, #2714 ) ;
#1761 = AXIS2_PLACEMENT_3D ( 'NONE', #3780, #3672, #5552 ) ;
#1762 = CARTESIAN_POINT ( 'NONE',  ( -27.46433655495782844, -20.75562754350946193, 1.200000000000000178 ) ) ;
#1763 = LINE ( 'NONE', #1304, #2467 ) ;
#1764 = AXIS2_PLACEMENT_3D ( 'NONE', #2376, #1993, #3723 ) ;
#1765 = EDGE_CURVE ( 'NONE', #1169, #4265, #661, .T. ) ;
#1766 = VERTEX_POINT ( 'NONE', #50 ) ;
#1767 = ORIENTED_EDGE ( 'NONE', *, *, #4719, .F. ) ;
#1768 = ORIENTED_EDGE ( 'NONE', *, *, #4081, .F. ) ;
#1769 = CARTESIAN_POINT ( 'NONE',  ( -62.76002644001162167, -0.4187555042145468809, -2.150000000000001243 ) ) ;
#1770 = ORIENTED_EDGE ( 'NONE', *, *, #1224, .F. ) ;
#1771 = DIRECTION ( 'NONE',  ( 1.000000000000000000, 0.000000000000000000, 0.000000000000000000 ) ) ;
#1772 = CARTESIAN_POINT ( 'NONE',  ( -43.31242534221950535, 20.24437245649053452, 2.200000000000000178 ) ) ;
#1773 = CARTESIAN_POINT ( 'NONE',  ( -56.71242534221949683, 17.24437245649053452, 0.000000000000000000 ) ) ;
#1774 = EDGE_CURVE ( 'NONE', #4833, #4193, #4823, .T. ) ;
#1775 = AXIS2_PLACEMENT_3D ( 'NONE', #2389, #3248, #1519 ) ;
#1776 = DIRECTION ( 'NONE',  ( 0.000000000000000000, 0.000000000000000000, -1.000000000000000000 ) ) ;
#1777 = ORIENTED_EDGE ( 'NONE', *, *, #5382, .F. ) ;
#1778 = ORIENTED_EDGE ( 'NONE', *, *, #1165, .T. ) ;
#1779 = EDGE_CURVE ( 'NONE', #1789, #4470, #2726, .T. ) ;
#1780 = DIRECTION ( 'NONE',  ( 1.000000000000000000, 0.000000000000000000, 0.000000000000000000 ) ) ;
#1781 = VERTEX_POINT ( 'NONE', #397 ) ;
#1782 = DIRECTION ( 'NONE',  ( 1.000000000000000000, -0.000000000000000000, -0.000000000000000000 ) ) ;
#1783 = DIRECTION ( 'NONE',  ( 1.000000000000000000, 0.000000000000000000, -0.000000000000000000 ) ) ;
#1784 = CARTESIAN_POINT ( 'NONE',  ( -26.71242534221950393, -12.75562754350946193, 1.200000000000000178 ) ) ;
#1785 = EDGE_CURVE ( 'NONE', #4801, #1620, #2159, .T. ) ;
#1786 = CARTESIAN_POINT ( 'NONE',  ( -56.71242534221949683, 21.24437245649053452, 0.000000000000000000 ) ) ;
#1787 = ORIENTED_EDGE ( 'NONE', *, *, #2788, .T. ) ;
#1788 = DIRECTION ( 'NONE',  ( 0.000000000000000000, -0.000000000000000000, 1.000000000000000000 ) ) ;
#1789 = VERTEX_POINT ( 'NONE', #2407 ) ;
#1790 = VECTOR ( 'NONE', #4752, 1000.000000000000000 ) ;
#1791 = DIRECTION ( 'NONE',  ( 0.000000000000000000, 0.000000000000000000, -1.000000000000000000 ) ) ;
#1792 = ORIENTED_EDGE ( 'NONE', *, *, #4468, .T. ) ;
#1793 = VERTEX_POINT ( 'NONE', #4070 ) ;
#1794 = EDGE_LOOP ( 'NONE', ( #1523, #5161, #2059, #4338 ) ) ;
#1795 = DIRECTION ( 'NONE',  ( -1.000000000000000000, -0.000000000000000000, -0.000000000000000000 ) ) ;
#1796 = ORIENTED_EDGE ( 'NONE', *, *, #1521, .T. ) ;
#1797 = EDGE_CURVE ( 'NONE', #381, #5640, #3683, .T. ) ;
#1798 = CARTESIAN_POINT ( 'NONE',  ( -55.71242534221949683, 4.444372456490531142, -1.000000000000000000 ) ) ;
#1799 = DIRECTION ( 'NONE',  ( 1.000000000000000000, 0.000000000000000000, 0.000000000000000000 ) ) ;
#1800 = CARTESIAN_POINT ( 'NONE',  ( -30.21242534221950393, -11.75562754350946371, -0.1999999999999998723 ) ) ;
#1801 = LINE ( 'NONE', #42, #3788 ) ;
#1802 = VERTEX_POINT ( 'NONE', #1923 ) ;
#1803 = ADVANCED_FACE ( 'NONE', ( #2309 ), #1947, .F. ) ;
#1804 = VECTOR ( 'NONE', #1500, 1000.000000000000000 ) ;
#1805 = ORIENTED_EDGE ( 'NONE', *, *, #4569, .F. ) ;
#1806 = CARTESIAN_POINT ( 'NONE',  ( 15.55239533417512909, -21.50000000000000000, 3.779999999999998916 ) ) ;
#1807 = ORIENTED_EDGE ( 'NONE', *, *, #2664, .T. ) ;
#1808 = DIRECTION ( 'NONE',  ( 0.000000000000000000, 0.000000000000000000, -1.000000000000000000 ) ) ;
#1809 = EDGE_CURVE ( 'NONE', #130, #2255, #2781, .T. ) ;
#1810 = CARTESIAN_POINT ( 'NONE',  ( 16.39999999999999147, 19.89999999999999858, 6.200000000000000178 ) ) ;
#1811 =( NAMED_UNIT ( * ) SI_UNIT ( $, .STERADIAN. ) SOLID_ANGLE_UNIT ( ) );
#1812 = DIRECTION ( 'NONE',  ( 1.613696256722611405E-16, -1.000000000000000000, 0.000000000000000000 ) ) ;
#1813 = AXIS2_PLACEMENT_3D ( 'NONE', #2454, #1482, #2352 ) ;
#1814 = DIRECTION ( 'NONE',  ( 1.000000000000000000, -0.000000000000000000, -0.000000000000000000 ) ) ;
#1815 = ORIENTED_EDGE ( 'NONE', *, *, #2191, .T. ) ;
#1816 = CARTESIAN_POINT ( 'NONE',  ( -18.00000000000000355, 19.89999999999999858, 4.699999999999999289 ) ) ;
#1817 = ORIENTED_EDGE ( 'NONE', *, *, #1039, .F. ) ;
#1818 = EDGE_CURVE ( 'NONE', #2636, #4276, #1900, .T. ) ;
#1819 = VECTOR ( 'NONE', #1689, 1000.000000000000000 ) ;
#1820 = FACE_OUTER_BOUND ( 'NONE', #1930, .T. ) ;
#1821 = EDGE_LOOP ( 'NONE', ( #4245, #989, #3443, #5482, #2521, #2810, #2287, #4220 ) ) ;
#1822 = VERTEX_POINT ( 'NONE', #4555 ) ;
#1823 = ORIENTED_EDGE ( 'NONE', *, *, #967, .F. ) ;
#1824 = DIRECTION ( 'NONE',  ( 0.000000000000000000, 0.000000000000000000, -1.000000000000000000 ) ) ;
#1825 = VERTEX_POINT ( 'NONE', #5480 ) ;
#1826 = VECTOR ( 'NONE', #2735, 1000.000000000000000 ) ;
#1827 = EDGE_CURVE ( 'NONE', #2381, #468, #2656, .T. ) ;
#1828 = DIRECTION ( 'NONE',  ( -0.000000000000000000, -0.000000000000000000, -1.000000000000000000 ) ) ;
#1829 = CARTESIAN_POINT ( 'NONE',  ( 16.40000000000000568, -20.49999999999999645, 4.200000000000000178 ) ) ;
#1830 = DIRECTION ( 'NONE',  ( 0.000000000000000000, 1.000000000000000000, 0.000000000000000000 ) ) ;
#1831 = DIRECTION ( 'NONE',  ( -0.000000000000000000, 0.000000000000000000, -1.000000000000000000 ) ) ;
#1832 = ORIENTED_EDGE ( 'NONE', *, *, #4299, .T. ) ;
#1833 = VECTOR ( 'NONE', #958, 1000.000000000000000 ) ;
#1834 = ORIENTED_EDGE ( 'NONE', *, *, #2936, .T. ) ;
#1835 = DIRECTION ( 'NONE',  ( 1.000000000000000000, 1.743440679373676303E-16, -0.000000000000000000 ) ) ;
#1836 = EDGE_CURVE ( 'NONE', #1121, #4808, #5044, .T. ) ;
#1837 = VERTEX_POINT ( 'NONE', #2358 ) ;
#1838 = CARTESIAN_POINT ( 'NONE',  ( -21.71242534221950038, -3.503725949910877432E-15, 0.000000000000000000 ) ) ;
#1839 = CIRCLE ( 'NONE', #2667, 1.199999999999999734 ) ;
#1840 = DIRECTION ( 'NONE',  ( 0.000000000000000000, 0.000000000000000000, -1.000000000000000000 ) ) ;
#1841 = DIRECTION ( 'NONE',  ( 1.000000000000000000, -0.000000000000000000, 0.000000000000000000 ) ) ;
#1842 = DIRECTION ( 'NONE',  ( -0.000000000000000000, 1.000000000000000000, 0.000000000000000000 ) ) ;
#1843 = CARTESIAN_POINT ( 'NONE',  ( 13.70000000000000107, 10.90000000000000036, 5.699999999999999289 ) ) ;
#1844 = CARTESIAN_POINT ( 'NONE',  ( -63.87272810539087686, 3.781244495785452298, -1.500000000000000000 ) ) ;
#1845 = ADVANCED_FACE ( 'NONE', ( #1460 ), #1867, .F. ) ;
#1846 = ORIENTED_EDGE ( 'NONE', *, *, #3719, .T. ) ;
#1847 = DIRECTION ( 'NONE',  ( 1.000000000000000000, 0.000000000000000000, 0.000000000000000000 ) ) ;
#1848 = PLANE ( 'NONE',  #1282 ) ;
#1849 = ADVANCED_FACE ( 'NONE', ( #4965 ), #5070, .T. ) ;
#1850 = EDGE_LOOP ( 'NONE', ( #4432, #5450, #3474, #3023 ) ) ;
#1851 = DIRECTION ( 'NONE',  ( 1.000000000000000000, 0.000000000000000000, 0.000000000000000000 ) ) ;
#1852 = ORIENTED_EDGE ( 'NONE', *, *, #2431, .T. ) ;
#1853 = CIRCLE ( 'NONE', #3606, 1.499999999999999556 ) ;
#1854 = CARTESIAN_POINT ( 'NONE',  ( -51.40698321814510763, -19.75562754350946193, 1.200000000000000178 ) ) ;
#1855 = AXIS2_PLACEMENT_3D ( 'NONE', #4623, #4164, #5498 ) ;
#1856 = DIRECTION ( 'NONE',  ( 1.000000000000000000, -0.000000000000000000, -0.000000000000000000 ) ) ;
#1857 = DIRECTION ( 'NONE',  ( 0.000000000000000000, 0.000000000000000000, -1.000000000000000000 ) ) ;
#1858 = FACE_OUTER_BOUND ( 'NONE', #5134, .T. ) ;
#1859 = ORIENTED_EDGE ( 'NONE', *, *, #533, .F. ) ;
#1860 = ORIENTED_EDGE ( 'NONE', *, *, #5643, .F. ) ;
#1861 = CARTESIAN_POINT ( 'NONE',  ( -21.71242534221950038, -3.503725949910877432E-15, 0.000000000000000000 ) ) ;
#1862 = ORIENTED_EDGE ( 'NONE', *, *, #437, .F. ) ;
#1863 = DIRECTION ( 'NONE',  ( -1.000000000000000000, -0.000000000000000000, -0.000000000000000000 ) ) ;
#1864 = DIRECTION ( 'NONE',  ( 0.000000000000000000, 0.000000000000000000, -1.000000000000000000 ) ) ;
#1865 = CARTESIAN_POINT ( 'NONE',  ( -48.16930226743011190, -12.75562754350946193, -1.199999999999999734 ) ) ;
#1866 = EDGE_CURVE ( 'NONE', #2098, #2943, #5455, .T. ) ;
#1867 = PLANE ( 'NONE',  #5690 ) ;
#1868 = LINE ( 'NONE', #459, #2274 ) ;
#1869 = DIRECTION ( 'NONE',  ( 0.000000000000000000, 0.000000000000000000, -1.000000000000000000 ) ) ;
#1870 = ORIENTED_EDGE ( 'NONE', *, *, #4026, .F. ) ;
#1871 = DIRECTION ( 'NONE',  ( 0.000000000000000000, 0.000000000000000000, -1.000000000000000000 ) ) ;
#1872 = ADVANCED_FACE ( 'NONE', ( #3243 ), #2808, .F. ) ;
#1873 = LINE ( 'NONE', #3635, #574 ) ;
#1874 = CARTESIAN_POINT ( 'NONE',  ( -55.11242534221950251, -21.75562754350946193, 2.200000000000000178 ) ) ;
#1875 = ORIENTED_EDGE ( 'NONE', *, *, #3823, .F. ) ;
#1876 = DIRECTION ( 'NONE',  ( -1.000000000000000000, -1.084202172485510942E-15, 0.000000000000000000 ) ) ;
#1877 = LINE ( 'NONE', #1417, #4018 ) ;
#1878 = AXIS2_PLACEMENT_3D ( 'NONE', #3449, #2586, #3363 ) ;
#1879 = EDGE_CURVE ( 'NONE', #1611, #5319, #4532, .T. ) ;
#1880 = PLANE ( 'NONE',  #2321 ) ;
#1881 = LINE ( 'NONE', #501, #4219 ) ;
#1882 = LINE ( 'NONE', #152, #634 ) ;
#1883 = VECTOR ( 'NONE', #4232, 1000.000000000000000 ) ;
#1884 = CARTESIAN_POINT ( 'NONE',  ( 22.41086937588510608, -13.36873375215415827, 2.579999999999999627 ) ) ;
#1885 = ORIENTED_EDGE ( 'NONE', *, *, #2137, .F. ) ;
#1886 = EDGE_CURVE ( 'NONE', #2900, #3336, #3217, .T. ) ;
#1887 = EDGE_CURVE ( 'NONE', #1837, #901, #3733, .T. ) ;
#1888 = ORIENTED_EDGE ( 'NONE', *, *, #1493, .T. ) ;
#1889 = CIRCLE ( 'NONE', #4654, 0.5999999999999998668 ) ;
#1890 = CARTESIAN_POINT ( 'NONE',  ( -22.31242534221949825, 21.24437245649053452, 0.000000000000000000 ) ) ;
#1891 = ORIENTED_EDGE ( 'NONE', *, *, #5322, .T. ) ;
#1892 = LINE ( 'NONE', #1920, #153 ) ;
#1893 = VECTOR ( 'NONE', #57, 1000.000000000000000 ) ;
#1894 = EDGE_CURVE ( 'NONE', #901, #1415, #623, .T. ) ;
#1895 = LINE ( 'NONE', #3134, #2368 ) ;
#1896 = DIRECTION ( 'NONE',  ( -1.613696256722611405E-16, 1.000000000000000000, 0.000000000000000000 ) ) ;
#1897 = VECTOR ( 'NONE', #3133, 1000.000000000000000 ) ;
#1898 = FACE_OUTER_BOUND ( 'NONE', #4860, .T. ) ;
#1899 = ORIENTED_EDGE ( 'NONE', *, *, #4233, .F. ) ;
#1900 = CIRCLE ( 'NONE', #4119, 1.000000000000000000 ) ;
#1901 = CYLINDRICAL_SURFACE ( 'NONE', #1430, 1.200000000000000178 ) ;
#1902 = AXIS2_PLACEMENT_3D ( 'NONE', #1014, #1932, #2343 ) ;
#1903 = VECTOR ( 'NONE', #587, 1000.000000000000000 ) ;
#1904 = CARTESIAN_POINT ( 'NONE',  ( -18.00000000000000355, -17.49999999999999645, 2.000000000000000000 ) ) ;
#1905 = LINE ( 'NONE', #521, #5061 ) ;
#1906 = EDGE_CURVE ( 'NONE', #846, #5467, #647, .T. ) ;
#1907 = VERTEX_POINT ( 'NONE', #927 ) ;
#1908 = DIRECTION ( 'NONE',  ( -1.000000000000000000, 0.000000000000000000, 0.000000000000000000 ) ) ;
#1909 = CARTESIAN_POINT ( 'NONE',  ( -16.40000000000000213, 19.99999999999999645, 4.699999999999999289 ) ) ;
#1910 = VECTOR ( 'NONE', #2149, 1000.000000000000000 ) ;
#1911 = CARTESIAN_POINT ( 'NONE',  ( -21.71242534221950038, -3.503725949910877432E-15, 0.000000000000000000 ) ) ;
#1912 = LINE ( 'NONE', #5302, #1539 ) ;
#1913 = DIRECTION ( 'NONE',  ( -1.000000000000000000, -0.000000000000000000, -0.000000000000000000 ) ) ;
#1914 = EDGE_CURVE ( 'NONE', #4316, #2943, #2222, .T. ) ;
#1915 = VECTOR ( 'NONE', #3735, 1000.000000000000000 ) ;
#1916 = PLANE ( 'NONE',  #3050 ) ;
#1917 = VERTEX_POINT ( 'NONE', #1843 ) ;
#1918 = CARTESIAN_POINT ( 'NONE',  ( -16.50000000000000000, 19.89999999999999858, 4.699999999999999289 ) ) ;
#1919 = EDGE_CURVE ( 'NONE', #2905, #3640, #4939, .T. ) ;
#1920 = CARTESIAN_POINT ( 'NONE',  ( -28.76858636361750143, 20.24437245649053452, -1.000000000000000000 ) ) ;
#1921 = ORIENTED_EDGE ( 'NONE', *, *, #1809, .F. ) ;
#1922 = DIRECTION ( 'NONE',  ( -0.000000000000000000, -0.000000000000000000, 1.000000000000000000 ) ) ;
#1923 = CARTESIAN_POINT ( 'NONE',  ( 4.600000000000000533, -20.49999999999999645, 0.4000000000000007438 ) ) ;
#1924 = DIRECTION ( 'NONE',  ( -0.000000000000000000, 1.000000000000000000, -0.000000000000000000 ) ) ;
#1925 = CIRCLE ( 'NONE', #3765, 1.200000000000001066 ) ;
#1926 = ORIENTED_EDGE ( 'NONE', *, *, #720, .T. ) ;
#1927 = CARTESIAN_POINT ( 'NONE',  ( -62.26002644001162167, -1.468755504214547258, 0.2000000000000000111 ) ) ;
#1928 = DIRECTION ( 'NONE',  ( 1.613696256722611405E-16, -1.000000000000000000, 0.000000000000000000 ) ) ;
#1929 = DIRECTION ( 'NONE',  ( -1.000000000000000000, 0.000000000000000000, 0.000000000000000000 ) ) ;
#1930 = EDGE_LOOP ( 'NONE', ( #948, #578, #1399, #2983 ) ) ;
#1931 = PLANE ( 'NONE',  #3782 ) ;
#1932 = DIRECTION ( 'NONE',  ( 0.000000000000000000, -9.427844978134822666E-17, 1.000000000000000000 ) ) ;
#1933 = DIRECTION ( 'NONE',  ( 1.000000000000000000, -0.000000000000000000, -0.000000000000000000 ) ) ;
#1934 = CYLINDRICAL_SURFACE ( 'NONE', #474, 1.600000000000000755 ) ;
#1935 = EDGE_CURVE ( 'NONE', #1973, #2021, #2646, .T. ) ;
#1936 = CARTESIAN_POINT ( 'NONE',  ( 16.39999999999999147, 19.89999999999999858, 4.200000000000000178 ) ) ;
#1937 = DIRECTION ( 'NONE',  ( -0.000000000000000000, -0.000000000000000000, -1.000000000000000000 ) ) ;
#1938 = VECTOR ( 'NONE', #3817, 1000.000000000000000 ) ;
#1939 = VECTOR ( 'NONE', #1093, 1000.000000000000000 ) ;
#1940 = EDGE_CURVE ( 'NONE', #891, #2126, #1073, .T. ) ;
#1941 = ORIENTED_EDGE ( 'NONE', *, *, #4681, .F. ) ;
#1942 = DIRECTION ( 'NONE',  ( -1.000000000000000000, -1.743440679373676303E-16, 0.000000000000000000 ) ) ;
#1943 = AXIS2_PLACEMENT_3D ( 'NONE', #1477, #1095, #2849 ) ;
#1944 = DIRECTION ( 'NONE',  ( -0.000000000000000000, 1.000000000000000000, -0.000000000000000000 ) ) ;
#1945 = ORIENTED_EDGE ( 'NONE', *, *, #4124, .T. ) ;
#1946 = DIRECTION ( 'NONE',  ( -0.000000000000000000, -0.000000000000000000, -1.000000000000000000 ) ) ;
#1947 = PLANE ( 'NONE',  #149 ) ;
#1948 = EDGE_CURVE ( 'NONE', #3928, #4731, #2732, .T. ) ;
#1949 = VECTOR ( 'NONE', #1928, 1000.000000000000000 ) ;
#1950 = CARTESIAN_POINT ( 'NONE',  ( -56.68822965872612230, 6.379347236375234154, 0.9732915827714073709 ) ) ;
#1951 = ORIENTED_EDGE ( 'NONE', *, *, #2664, .F. ) ;
#1952 = FACE_OUTER_BOUND ( 'NONE', #4157, .T. ) ;
#1953 = DIRECTION ( 'NONE',  ( 0.000000000000000000, -0.000000000000000000, -1.000000000000000000 ) ) ;
#1954 = CARTESIAN_POINT ( 'NONE',  ( 14.59999999999999787, -20.49999999999999645, 4.200000000000000178 ) ) ;
#1955 = VERTEX_POINT ( 'NONE', #2706 ) ;
#1956 = DIRECTION ( 'NONE',  ( 9.130123557772691753E-16, -1.000000000000000000, 0.000000000000000000 ) ) ;
#1957 = ORIENTED_EDGE ( 'NONE', *, *, #4967, .F. ) ;
#1958 = DIRECTION ( 'NONE',  ( 1.613696256722611405E-16, -1.000000000000000000, 0.000000000000000000 ) ) ;
#1959 = FACE_OUTER_BOUND ( 'NONE', #2724, .T. ) ;
#1960 = DIRECTION ( 'NONE',  ( 1.000000000000000000, -0.000000000000000000, 0.000000000000000000 ) ) ;
#1961 = DIRECTION ( 'NONE',  ( -1.000000000000000000, 0.000000000000000000, 0.000000000000000000 ) ) ;
#1962 = CIRCLE ( 'NONE', #4931, 0.3999999999999975797 ) ;
#1963 = EDGE_CURVE ( 'NONE', #2126, #1611, #952, .T. ) ;
#1964 = CARTESIAN_POINT ( 'NONE',  ( -47.24545865296283154, 19.24437245649053096, -1.000000000000000000 ) ) ;
#1965 = VERTEX_POINT ( 'NONE', #5316 ) ;
#1966 = CARTESIAN_POINT ( 'NONE',  ( -30.21242534221950393, -12.75562754350946193, -0.1999999999999998723 ) ) ;
#1967 = CARTESIAN_POINT ( 'NONE',  ( -62.76002644001162167, -0.4187555042145471029, -0.8500000000000011990 ) ) ;
#1968 = EDGE_CURVE ( 'NONE', #2853, #888, #3986, .T. ) ;
#1969 = ORIENTED_EDGE ( 'NONE', *, *, #3853, .T. ) ;
#1970 = CARTESIAN_POINT ( 'NONE',  ( -62.26002644001162167, -1.468755504214547258, -3.200000000000000178 ) ) ;
#1971 = CARTESIAN_POINT ( 'NONE',  ( -16.39999999999999503, -21.50000000000000000, 0.000000000000000000 ) ) ;
#1972 = AXIS2_PLACEMENT_3D ( 'NONE', #5669, #1647, #3808 ) ;
#1973 = VERTEX_POINT ( 'NONE', #4044 ) ;
#1974 = EDGE_CURVE ( 'NONE', #4135, #4231, #3545, .T. ) ;
#1975 = PLANE ( 'NONE',  #4943 ) ;
#1976 = DIRECTION ( 'NONE',  ( 0.7071067811865494601, -0.7071067811865455743, 0.000000000000000000 ) ) ;
#1977 = AXIS2_PLACEMENT_3D ( 'NONE', #3360, #3891, #5661 ) ;
#1978 = SHAPE_DEFINITION_REPRESENTATION ( #5637, #3231 ) ;
#1979 = CARTESIAN_POINT ( 'NONE',  ( 15.55239533417512909, -21.50000000000000000, 6.200000000000000178 ) ) ;
#1980 = VECTOR ( 'NONE', #1812, 1000.000000000000000 ) ;
#1981 = VERTEX_POINT ( 'NONE', #2401 ) ;
#1982 = EDGE_CURVE ( 'NONE', #1318, #2098, #1868, .T. ) ;
#1983 = CARTESIAN_POINT ( 'NONE',  ( -27.46433655495782844, -20.75562754350946193, -1.000000000000000000 ) ) ;
#1984 = EDGE_LOOP ( 'NONE', ( #4004, #4652, #5291, #491, #3119 ) ) ;
#1985 = DIRECTION ( 'NONE',  ( 0.000000000000000000, 0.000000000000000000, -1.000000000000000000 ) ) ;
#1986 = CARTESIAN_POINT ( 'NONE',  ( -22.71242534221950393, 12.36579373369079882, -1.000000000000000000 ) ) ;
#1987 = DIRECTION ( 'NONE',  ( -0.000000000000000000, 1.000000000000000000, 0.000000000000000000 ) ) ;
#1988 = EDGE_LOOP ( 'NONE', ( #2661, #4281, #1435, #3548 ) ) ;
#1989 = AXIS2_PLACEMENT_3D ( 'NONE', #3108, #2675, #2129 ) ;
#1990 = AXIS2_PLACEMENT_3D ( 'NONE', #103, #2275, #2752 ) ;
#1991 = ORIENTED_EDGE ( 'NONE', *, *, #3186, .F. ) ;
#1992 = ADVANCED_FACE ( 'NONE', ( #82 ), #3603, .F. ) ;
#1993 = DIRECTION ( 'NONE',  ( -0.000000000000000000, 0.000000000000000000, -1.000000000000000000 ) ) ;
#1994 = CARTESIAN_POINT ( 'NONE',  ( 18.00000000000000355, -17.77960312803930520, 3.779999999999999361 ) ) ;
#1995 = ORIENTED_EDGE ( 'NONE', *, *, #739, .T. ) ;
#1996 = LINE ( 'NONE', #5451, #698 ) ;
#1997 = CIRCLE ( 'NONE', #3285, 1.200000000000000178 ) ;
#1998 = ORIENTED_EDGE ( 'NONE', *, *, #925, .T. ) ;
#1999 = AXIS2_PLACEMENT_3D ( 'NONE', #213, #2499, #1139 ) ;
#2000 = LINE ( 'NONE', #1634, #3636 ) ;
#2001 = EDGE_CURVE ( 'NONE', #4922, #454, #5378, .T. ) ;
#2002 = PLANE ( 'NONE',  #2288 ) ;
#2003 = ORIENTED_EDGE ( 'NONE', *, *, #5300, .F. ) ;
#2004 = PLANE ( 'NONE',  #4489 ) ;
#2005 = DIRECTION ( 'NONE',  ( 0.000000000000000000, 0.000000000000000000, -1.000000000000000000 ) ) ;
#2006 = CARTESIAN_POINT ( 'NONE',  ( -20.71242534221949683, -20.15562754350945696, 0.000000000000000000 ) ) ;
#2007 = VECTOR ( 'NONE', #4458, 1000.000000000000000 ) ;
#2008 = ADVANCED_FACE ( 'NONE', ( #897 ), #52, .F. ) ;
#2009 = LINE ( 'NONE', #5105, #5250 ) ;
#2010 = ORIENTED_EDGE ( 'NONE', *, *, #5043, .F. ) ;
#2011 = DIRECTION ( 'NONE',  ( -0.000000000000000000, 1.000000000000000000, -0.000000000000000000 ) ) ;
#2012 = VERTEX_POINT ( 'NONE', #200 ) ;
#2013 = LINE ( 'NONE', #3746, #273 ) ;
#2014 = EDGE_LOOP ( 'NONE', ( #3767, #1210, #4414, #5047 ) ) ;
#2015 = DIRECTION ( 'NONE',  ( -0.000000000000000000, -1.000000000000000000, -0.000000000000000000 ) ) ;
#2016 = CARTESIAN_POINT ( 'NONE',  ( -54.71242534221950393, -15.25562754350946371, -1.000000000000000000 ) ) ;
#2017 = EDGE_CURVE ( 'NONE', #5630, #4747, #4853, .T. ) ;
#2018 = DIRECTION ( 'NONE',  ( 0.000000000000000000, 1.000000000000000000, 0.000000000000000000 ) ) ;
#2019 = ORIENTED_EDGE ( 'NONE', *, *, #506, .T. ) ;
#2020 = ORIENTED_EDGE ( 'NONE', *, *, #2364, .F. ) ;
#2021 = VERTEX_POINT ( 'NONE', #3163 ) ;
#2022 = DIRECTION ( 'NONE',  ( -1.000000000000000000, 0.000000000000000000, 0.000000000000000000 ) ) ;
#2023 = EDGE_CURVE ( 'NONE', #5281, #5489, #4950, .T. ) ;
#2024 = CARTESIAN_POINT ( 'NONE',  ( -33.17042946784389557, 19.24437245649053452, -1.000000000000000000 ) ) ;
#2025 = VERTEX_POINT ( 'NONE', #1381 ) ;
#2026 = CARTESIAN_POINT ( 'NONE',  ( -14.97297864182803551, -18.79999999999999361, 5.200000000000001066 ) ) ;
#2027 = CARTESIAN_POINT ( 'NONE',  ( 18.00000000000000000, -17.77960312803930165, 1.680000000000002602 ) ) ;
#2028 = VECTOR ( 'NONE', #3968, 1000.000000000000000 ) ;
#2029 = ORIENTED_EDGE ( 'NONE', *, *, #275, .F. ) ;
#2030 = VECTOR ( 'NONE', #5111, 1000.000000000000000 ) ;
#2031 = DIRECTION ( 'NONE',  ( 0.000000000000000000, 0.000000000000000000, -1.000000000000000000 ) ) ;
#2032 = CIRCLE ( 'NONE', #279, 0.3999999999999975797 ) ;
#2033 = VERTEX_POINT ( 'NONE', #3136 ) ;
#2034 = FACE_OUTER_BOUND ( 'NONE', #4474, .T. ) ;
#2035 = VERTEX_POINT ( 'NONE', #4912 ) ;
#2036 = DIRECTION ( 'NONE',  ( 0.000000000000000000, 1.000000000000000000, 0.000000000000000000 ) ) ;
#2037 = ADVANCED_FACE ( 'NONE', ( #4478 ), #978, .T. ) ;
#2038 = CARTESIAN_POINT ( 'NONE',  ( 16.39999999999999503, 20.49999999999999645, 4.200000000000000178 ) ) ;
#2039 = DIRECTION ( 'NONE',  ( -1.000000000000000000, 0.000000000000000000, 0.000000000000000000 ) ) ;
#2040 = CARTESIAN_POINT ( 'NONE',  ( -55.71242534221949683, 4.444372456490531142, 0.000000000000000000 ) ) ;
#2041 = DIRECTION ( 'NONE',  ( 1.613696256722611652E-16, -1.000000000000000000, -0.000000000000000000 ) ) ;
#2042 = ORIENTED_EDGE ( 'NONE', *, *, #757, .T. ) ;
#2043 = LINE ( 'NONE', #4365, #3690 ) ;
#2044 = EDGE_LOOP ( 'NONE', ( #3975, #2876, #2765, #717 ) ) ;
#2045 = EDGE_CURVE ( 'NONE', #2113, #5297, #1504, .T. ) ;
#2046 = DIRECTION ( 'NONE',  ( 0.000000000000000000, -1.000000000000000000, 0.000000000000000000 ) ) ;
#2047 = LINE ( 'NONE', #5178, #4378 ) ;
#2048 = FACE_OUTER_BOUND ( 'NONE', #3597, .T. ) ;
#2049 = ORIENTED_EDGE ( 'NONE', *, *, #4493, .F. ) ;
#2050 = VERTEX_POINT ( 'NONE', #228 ) ;
#2051 = ORIENTED_EDGE ( 'NONE', *, *, #471, .F. ) ;
#2052 = FACE_OUTER_BOUND ( 'NONE', #5586, .T. ) ;
#2053 = EDGE_CURVE ( 'NONE', #4543, #759, #5157, .T. ) ;
#2054 = LINE ( 'NONE', #646, #5574 ) ;
#2055 = DIRECTION ( 'NONE',  ( -1.000000000000000000, -0.000000000000000000, -0.000000000000000000 ) ) ;
#2056 = ORIENTED_EDGE ( 'NONE', *, *, #4556, .T. ) ;
#2057 = CARTESIAN_POINT ( 'NONE',  ( -55.71242534221949683, 5.644372456490533096, 0.000000000000000000 ) ) ;
#2058 = EDGE_CURVE ( 'NONE', #5340, #4876, #4319, .T. ) ;
#2059 = ORIENTED_EDGE ( 'NONE', *, *, #428, .T. ) ;
#2060 = EDGE_CURVE ( 'NONE', #72, #4209, #1097, .T. ) ;
#2061 = VECTOR ( 'NONE', #3148, 1000.000000000000000 ) ;
#2062 = DIRECTION ( 'NONE',  ( -0.000000000000000000, -0.000000000000000000, -1.000000000000000000 ) ) ;
#2063 = ORIENTED_EDGE ( 'NONE', *, *, #21, .F. ) ;
#2064 = LINE ( 'NONE', #3505, #912 ) ;
#2065 = ORIENTED_EDGE ( 'NONE', *, *, #925, .F. ) ;
#2066 = CARTESIAN_POINT ( 'NONE',  ( 0.000000000000000000, -20.75562754350946193, 1.200000000000000178 ) ) ;
#2068 = EDGE_CURVE ( 'NONE', #1415, #1766, #733, .T. ) ;
#2067 = AXIS2_PLACEMENT_3D ( 'NONE', #3887, #4631, #4901 ) ;
#2069 = LINE ( 'NONE', #5136, #2183 ) ;
#2070 = CARTESIAN_POINT ( 'NONE',  ( -28.76858636361750143, 20.24437245649053452, 1.200000000000000178 ) ) ;
#2071 = CARTESIAN_POINT ( 'NONE',  ( -56.71242534221949683, 19.64437245649053310, 0.000000000000000000 ) ) ;
#2072 = PLANE ( 'NONE',  #1492 ) ;
#2073 = ORIENTED_EDGE ( 'NONE', *, *, #3713, .F. ) ;
#2074 = LINE ( 'NONE', #2164, #5220 ) ;
#2075 = ORIENTED_EDGE ( 'NONE', *, *, #4142, .T. ) ;
#2076 = AXIS2_PLACEMENT_3D ( 'NONE', #1411, #490, #4890 ) ;
#2077 = LINE ( 'NONE', #3779, #1303 ) ;
#2078 = AXIS2_PLACEMENT_3D ( 'NONE', #5274, #1311, #2631 ) ;
#2079 = CARTESIAN_POINT ( 'NONE',  ( -56.71242534221949683, -20.15562754350945696, 0.000000000000000000 ) ) ;
#2080 = DIRECTION ( 'NONE',  ( -1.000000000000000000, 0.000000000000000000, 0.000000000000000000 ) ) ;
#2081 = EDGE_CURVE ( 'NONE', #2430, #3794, #794, .T. ) ;
#2082 = ORIENTED_EDGE ( 'NONE', *, *, #3844, .T. ) ;
#2083 = EDGE_LOOP ( 'NONE', ( #4678, #4416, #3937, #3934 ) ) ;
#2084 = EDGE_LOOP ( 'NONE', ( #801, #3809, #463, #373 ) ) ;
#2085 = DIRECTION ( 'NONE',  ( -0.000000000000000000, 1.000000000000000000, -0.000000000000000000 ) ) ;
#2086 = CARTESIAN_POINT ( 'NONE',  ( -16.39999999999999503, -21.50000000000000000, 4.699999999999999289 ) ) ;
#2087 = VECTOR ( 'NONE', #3680, 1000.000000000000000 ) ;
#2088 = CARTESIAN_POINT ( 'NONE',  ( 18.00000000000000000, -19.05239533417509179, 4.679999999999997051 ) ) ;
#2089 = EDGE_CURVE ( 'NONE', #875, #4316, #1534, .T. ) ;
#2090 = FACE_OUTER_BOUND ( 'NONE', #3041, .T. ) ;
#2091 = AXIS2_PLACEMENT_3D ( 'NONE', #3573, #591, #4125 ) ;
#2092 = VERTEX_POINT ( 'NONE', #323 ) ;
#2093 = AXIS2_PLACEMENT_3D ( 'NONE', #1720, #4728, #449 ) ;
#2094 = CARTESIAN_POINT ( 'NONE',  ( 14.27960312803935317, -21.50000000000000000, 2.579999999999999627 ) ) ;
#2095 = ORIENTED_EDGE ( 'NONE', *, *, #3622, .T. ) ;
#2096 = ADVANCED_FACE ( 'NONE', ( #4288 ), #1563, .F. ) ;
#2097 = FACE_OUTER_BOUND ( 'NONE', #17, .T. ) ;
#2098 = VERTEX_POINT ( 'NONE', #5122 ) ;
#2099 = AXIS2_PLACEMENT_3D ( 'NONE', #1666, #5659, #3889 ) ;
#2100 = DIRECTION ( 'NONE',  ( 1.000000000000000000, 0.000000000000000000, 0.000000000000000000 ) ) ;
#2101 = CARTESIAN_POINT ( 'NONE',  ( -7.999999999999994671, 20.49999999999999645, 4.200000000000000178 ) ) ;
#2102 = DIRECTION ( 'NONE',  ( -1.266221515311538543E-16, 1.000000000000000000, 0.000000000000000000 ) ) ;
#2103 = CARTESIAN_POINT ( 'NONE',  ( 16.40000000000000568, -20.49999999999999645, 0.000000000000000000 ) ) ;
#2104 = LINE ( 'NONE', #3774, #4916 ) ;
#2105 = ORIENTED_EDGE ( 'NONE', *, *, #2001, .T. ) ;
#2106 = CARTESIAN_POINT ( 'NONE',  ( -22.71242534221950393, -0.6342062663092004060, -1.000000000000000000 ) ) ;
#2107 = ORIENTED_EDGE ( 'NONE', *, *, #1120, .T. ) ;
#2108 = AXIS2_PLACEMENT_3D ( 'NONE', #5674, #31, #348 ) ;
#2109 = CARTESIAN_POINT ( 'NONE',  ( -64.26002644001162878, 4.081244495785451676, -3.000000000000000000 ) ) ;
#2110 = DIRECTION ( 'NONE',  ( -0.000000000000000000, -0.000000000000000000, -1.000000000000000000 ) ) ;
#2111 = DIRECTION ( 'NONE',  ( -1.000000000000000000, 0.000000000000000000, -0.000000000000000000 ) ) ;
#2112 = EDGE_LOOP ( 'NONE', ( #2914, #5326, #1846, #4776 ) ) ;
#2113 = VERTEX_POINT ( 'NONE', #666 ) ;
#2114 = VECTOR ( 'NONE', #1395, 1000.000000000000000 ) ;
#2115 = ORIENTED_EDGE ( 'NONE', *, *, #3885, .F. ) ;
#2116 = CARTESIAN_POINT ( 'NONE',  ( 13.70000000000000462, -16.49999999999999645, 5.699999999999999289 ) ) ;
#2117 = EDGE_CURVE ( 'NONE', #2853, #5297, #2426, .T. ) ;
#2118 = PLANE ( 'NONE',  #3075 ) ;
#2119 = CARTESIAN_POINT ( 'NONE',  ( 17.00000000000000000, -19.89999999999999147, 4.200000000000000178 ) ) ;
#2120 = LINE ( 'NONE', #826, #1910 ) ;
#2121 = EDGE_LOOP ( 'NONE', ( #3539, #728, #5351, #3777 ) ) ;
#2122 = EDGE_CURVE ( 'NONE', #811, #2517, #3177, .T. ) ;
#2123 = DIRECTION ( 'NONE',  ( -1.000000000000000000, -1.613696256722611652E-16, 0.000000000000000000 ) ) ;
#2124 = ORIENTED_EDGE ( 'NONE', *, *, #1940, .F. ) ;
#2125 = CARTESIAN_POINT ( 'NONE',  ( -17.99999999999999645, -19.89999999999999503, 6.200000000000000178 ) ) ;
#2126 = VERTEX_POINT ( 'NONE', #2452 ) ;
#2127 = DIRECTION ( 'NONE',  ( 0.000000000000000000, -1.734723475976807094E-15, -1.000000000000000000 ) ) ;
#2128 = EDGE_CURVE ( 'NONE', #4253, #525, #4259, .T. ) ;
#2129 = DIRECTION ( 'NONE',  ( 0.000000000000000000, -0.000000000000000000, 1.000000000000000000 ) ) ;
#2130 = CIRCLE ( 'NONE', #3609, 1.600000000000000755 ) ;
#2131 = CARTESIAN_POINT ( 'NONE',  ( 16.39999999999999147, 21.50000000000000000, 0.000000000000000000 ) ) ;
#2132 = CARTESIAN_POINT ( 'NONE',  ( 16.40000000000000213, -19.89999999999998792, 4.200000000000000178 ) ) ;
#2133 = DIRECTION ( 'NONE',  ( 0.000000000000000000, -0.000000000000000000, 1.000000000000000000 ) ) ;
#2134 = ORIENTED_EDGE ( 'NONE', *, *, #5570, .T. ) ;
#2135 = DIRECTION ( 'NONE',  ( 0.000000000000000000, 0.000000000000000000, -1.000000000000000000 ) ) ;
#2136 = ORIENTED_EDGE ( 'NONE', *, *, #5259, .T. ) ;
#2137 = EDGE_CURVE ( 'NONE', #2025, #1781, #3757, .T. ) ;
#2138 = EDGE_CURVE ( 'NONE', #811, #4254, #3317, .T. ) ;
#2139 = DIRECTION ( 'NONE',  ( -0.000000000000000000, -0.000000000000000000, 1.000000000000000000 ) ) ;
#2140 = LINE ( 'NONE', #756, #3715 ) ;
#2141 = LINE ( 'NONE', #4341, #2832 ) ;
#2142 = ORIENTED_EDGE ( 'NONE', *, *, #4179, .T. ) ;
#2143 = ORIENTED_EDGE ( 'NONE', *, *, #4166, .F. ) ;
#2144 = ORIENTED_EDGE ( 'NONE', *, *, #5365, .F. ) ;
#2145 = FACE_OUTER_BOUND ( 'NONE', #3069, .T. ) ;
#2146 = AXIS2_PLACEMENT_3D ( 'NONE', #5315, #4010, #4361 ) ;
#2147 = CARTESIAN_POINT ( 'NONE',  ( -64.26002644001162878, 3.681244495785451765, 0.000000000000000000 ) ) ;
#2148 = CARTESIAN_POINT ( 'NONE',  ( -16.39999999999999503, -19.89999999999999858, 4.699999999999999289 ) ) ;
#2149 = DIRECTION ( 'NONE',  ( 0.7071067811865473507, 0.7071067811865477948, -0.000000000000000000 ) ) ;
#2150 = VERTEX_POINT ( 'NONE', #1628 ) ;
#2151 = AXIS2_PLACEMENT_3D ( 'NONE', #1865, #5402, #1431 ) ;
#2152 = ORIENTED_EDGE ( 'NONE', *, *, #78, .T. ) ;
#2153 = CARTESIAN_POINT ( 'NONE',  ( 16.39999999999999147, 19.99999999999999645, 4.699999999999999289 ) ) ;
#2154 = ADVANCED_FACE ( 'NONE', ( #4227 ), #2947, .F. ) ;
#2155 = ORIENTED_EDGE ( 'NONE', *, *, #326, .T. ) ;
#2156 = DIRECTION ( 'NONE',  ( 0.000000000000000000, 1.000000000000000000, -0.000000000000000000 ) ) ;
#2157 = VECTOR ( 'NONE', #1706, 1000.000000000000000 ) ;
#2158 = CARTESIAN_POINT ( 'NONE',  ( -21.71242534221950393, 12.36579373369079882, 0.000000000000000000 ) ) ;
#2159 = LINE ( 'NONE', #3295, #227 ) ;
#2160 = CARTESIAN_POINT ( 'NONE',  ( -22.21242534221950038, 19.64437245649053310, 2.200000000000000178 ) ) ;
#2161 = EDGE_CURVE ( 'NONE', #178, #3060, #261, .T. ) ;
#2162 = DIRECTION ( 'NONE',  ( -8.673617379883981830E-15, 0.000000000000000000, -1.000000000000000000 ) ) ;
#2163 = ORIENTED_EDGE ( 'NONE', *, *, #3218, .T. ) ;
#2164 = CARTESIAN_POINT ( 'NONE',  ( -22.31242534221949825, 20.24437245649053452, 2.200000000000000178 ) ) ;
#2165 = VERTEX_POINT ( 'NONE', #766 ) ;
#2166 = LINE ( 'NONE', #2506, #499 ) ;
#2167 = AXIS2_PLACEMENT_3D ( 'NONE', #2986, #1670, #5635 ) ;
#2168 = LINE ( 'NONE', #874, #4792 ) ;
#2169 = EDGE_CURVE ( 'NONE', #2021, #2174, #4657, .T. ) ;
#2170 = VERTEX_POINT ( 'NONE', #5624 ) ;
#2171 = ORIENTED_EDGE ( 'NONE', *, *, #3070, .F. ) ;
#2172 = ORIENTED_EDGE ( 'NONE', *, *, #2969, .F. ) ;
#2173 = DIRECTION ( 'NONE',  ( 0.000000000000000000, 0.000000000000000000, -1.000000000000000000 ) ) ;
#2174 = VERTEX_POINT ( 'NONE', #699 ) ;
#2175 = VECTOR ( 'NONE', #3663, 1000.000000000000000 ) ;
#2176 = DIRECTION ( 'NONE',  ( -0.000000000000000000, 0.000000000000000000, 1.000000000000000000 ) ) ;
#2177 = AXIS2_PLACEMENT_3D ( 'NONE', #508, #2278, #4039 ) ;
#2178 = DIRECTION ( 'NONE',  ( -1.000000000000000000, 0.000000000000000000, 0.000000000000000000 ) ) ;
#2179 = EDGE_CURVE ( 'NONE', #2748, #3343, #172, .T. ) ;
#2180 = VECTOR ( 'NONE', #2252, 1000.000000000000000 ) ;
#2181 = FACE_OUTER_BOUND ( 'NONE', #3926, .T. ) ;
#2182 = ORIENTED_EDGE ( 'NONE', *, *, #3410, .T. ) ;
#2183 = VECTOR ( 'NONE', #3393, 1000.000000000000000 ) ;
#2184 = AXIS2_PLACEMENT_3D ( 'NONE', #3291, #4146, #230 ) ;
#2185 = ORIENTED_EDGE ( 'NONE', *, *, #4793, .T. ) ;
#2186 =( NAMED_UNIT ( * ) SI_UNIT ( $, .STERADIAN. ) SOLID_ANGLE_UNIT ( ) );
#2187 = EDGE_LOOP ( 'NONE', ( #507, #2592, #1568, #3949 ) ) ;
#2188 = VECTOR ( 'NONE', #1566, 1000.000000000000000 ) ;
#2189 = CARTESIAN_POINT ( 'NONE',  ( -28.76858636361750143, 20.24437245649053452, -1.000000000000000000 ) ) ;
#2190 = CARTESIAN_POINT ( 'NONE',  ( 15.55239533417512909, -21.50000000000000000, 3.779999999999998916 ) ) ;
#2191 = EDGE_CURVE ( 'NONE', #5686, #4863, #4902, .T. ) ;
#2192 = FILL_AREA_STYLE_COLOUR ( '', #5658 ) ;
#2193 = DIRECTION ( 'NONE',  ( -1.613696256722611652E-16, 1.000000000000000000, -0.000000000000000000 ) ) ;
#2194 = VECTOR ( 'NONE', #84, 1000.000000000000000 ) ;
#2195 = ORIENTED_EDGE ( 'NONE', *, *, #906, .T. ) ;
#2196 = CARTESIAN_POINT ( 'NONE',  ( -56.71242534221949683, 21.24437245649053452, 0.000000000000000000 ) ) ;
#2197 = VERTEX_POINT ( 'NONE', #1283 ) ;
#2198 = EDGE_CURVE ( 'NONE', #4406, #2406, #5628, .T. ) ;
#2199 = AXIS2_PLACEMENT_3D ( 'NONE', #2132, #2615, #5608 ) ;
#2200 = DIRECTION ( 'NONE',  ( 0.000000000000000000, 0.000000000000000000, -1.000000000000000000 ) ) ;
#2201 = CARTESIAN_POINT ( 'NONE',  ( 16.40000000000000568, -20.49999999999999645, 2.100000000000000089 ) ) ;
#2202 = ORIENTED_EDGE ( 'NONE', *, *, #1240, .F. ) ;
#2203 = ORIENTED_EDGE ( 'NONE', *, *, #1317, .T. ) ;
#2204 = VERTEX_POINT ( 'NONE', #4839 ) ;
#2205 = CARTESIAN_POINT ( 'NONE',  ( -15.95000000000000284, 17.66412788751637564, 5.200000000000001066 ) ) ;
#2206 = EDGE_LOOP ( 'NONE', ( #2687, #1594, #2652, #32 ) ) ;
#2207 = ADVANCED_FACE ( 'NONE', ( #2603 ), #883, .F. ) ;
#2208 = CARTESIAN_POINT ( 'NONE',  ( -15.95000873316724643, 18.29609250885616945, 4.200000000000000178 ) ) ;
#2209 = VECTOR ( 'NONE', #3552, 1000.000000000000000 ) ;
#2210 = DIRECTION ( 'NONE',  ( 0.000000000000000000, 0.000000000000000000, -1.000000000000000000 ) ) ;
#2211 = AXIS2_PLACEMENT_3D ( 'NONE', #1688, #4000, #13 ) ;
#2212 = CARTESIAN_POINT ( 'NONE',  ( 14.27960312803934961, -21.50000000000000000, 3.779999999999999361 ) ) ;
#2213 = EDGE_LOOP ( 'NONE', ( #1361, #2679, #4816, #1152 ) ) ;
#2214 = ADVANCED_FACE ( 'NONE', ( #4812 ), #2576, .T. ) ;
#2215 = VERTEX_POINT ( 'NONE', #4348 ) ;
#2216 = SURFACE_STYLE_FILL_AREA ( #4036 ) ;
#2217 = ORIENTED_EDGE ( 'NONE', *, *, #4293, .F. ) ;
#2218 = UNCERTAINTY_MEASURE_WITH_UNIT (LENGTH_MEASURE( 1.000000000000000082E-05 ), #4852, 'distance_accuracy_value', 'NONE');
#2219 = DIRECTION ( 'NONE',  ( -1.000000000000000000, 0.000000000000000000, -0.000000000000000000 ) ) ;
#2220 = DIRECTION ( 'NONE',  ( 0.000000000000000000, -0.000000000000000000, -1.000000000000000000 ) ) ;
#2221 = PLANE ( 'NONE',  #1407 ) ;
#2222 = LINE ( 'NONE', #512, #1155 ) ;
#2223 = CARTESIAN_POINT ( 'NONE',  ( -55.71242534221949683, 4.444372456490531142, 1.200000000000000178 ) ) ;
#2224 = EDGE_CURVE ( 'NONE', #2748, #1602, #4377, .T. ) ;
#2225 = ORIENTED_EDGE ( 'NONE', *, *, #5148, .F. ) ;
#2226 = DIRECTION ( 'NONE',  ( -1.000000000000000000, 0.000000000000000000, 0.000000000000000000 ) ) ;
#2227 = ORIENTED_EDGE ( 'NONE', *, *, #3828, .F. ) ;
#2228 = VECTOR ( 'NONE', #4158, 1000.000000000000000 ) ;
#2229 = AXIS2_PLACEMENT_3D ( 'NONE', #3256, #4188, #252 ) ;
#2230 = CARTESIAN_POINT ( 'NONE',  ( -22.21242534221949683, -20.15562754350945696, 2.200000000000000178 ) ) ;
#2231 = VECTOR ( 'NONE', #5424, 1000.000000000000000 ) ;
#2232 = EDGE_LOOP ( 'NONE', ( #645, #876, #2530, #5668 ) ) ;
#2233 = EDGE_LOOP ( 'NONE', ( #5699, #3084, #2607, #1792, #3327, #4691, #4896, #4454 ) ) ;
#2234 = EDGE_CURVE ( 'NONE', #752, #1298, #88, .T. ) ;
#2235 = ORIENTED_EDGE ( 'NONE', *, *, #997, .T. ) ;
#2236 = DIRECTION ( 'NONE',  ( -1.000000000000000000, 0.000000000000000000, 0.000000000000000000 ) ) ;
#2237 = ORIENTED_EDGE ( 'NONE', *, *, #5388, .T. ) ;
#2238 = PLANE ( 'NONE',  #600 ) ;
#2239 = CARTESIAN_POINT ( 'NONE',  ( -34.50800684872588420, 21.09257714773788450, 1.365954410770758187 ) ) ;
#2240 = PLANE ( 'NONE',  #455 ) ;
#2241 = EDGE_CURVE ( 'NONE', #2150, #3727, #3972, .T. ) ;
#2242 = DIRECTION ( 'NONE',  ( 0.000000000000000000, -0.000000000000000000, -1.000000000000000000 ) ) ;
#2243 = ORIENTED_EDGE ( 'NONE', *, *, #4109, .F. ) ;
#2244 = ORIENTED_EDGE ( 'NONE', *, *, #21, .T. ) ;
#2245 = SURFACE_SIDE_STYLE ('',( #2216 ) ) ;
#2246 = ORIENTED_EDGE ( 'NONE', *, *, #1753, .F. ) ;
#2247 = EDGE_CURVE ( 'NONE', #1620, #4616, #3882, .T. ) ;
#2248 = ADVANCED_FACE ( 'NONE', ( #5713 ), #3533, .F. ) ;
#2249 = CARTESIAN_POINT ( 'NONE',  ( -35.46242534221950393, 20.81558672077196093, 1.750000000000000000 ) ) ;
#2250 = CYLINDRICAL_SURFACE ( 'NONE', #5392, 1.600000000000000755 ) ;
#2251 = DIRECTION ( 'NONE',  ( 1.000000000000000000, 0.000000000000000000, 0.000000000000000000 ) ) ;
#2252 = DIRECTION ( 'NONE',  ( -1.000000000000000000, 0.000000000000000000, -0.000000000000000000 ) ) ;
#2253 = LINE ( 'NONE', #1354, #3280 ) ;
#2254 = EDGE_CURVE ( 'NONE', #4688, #2722, #1839, .T. ) ;
#2255 = VERTEX_POINT ( 'NONE', #5276 ) ;
#2256 = CARTESIAN_POINT ( 'NONE',  ( 16.40000000000000213, -19.89999999999998792, 6.200000000000000178 ) ) ;
#2257 = ORIENTED_EDGE ( 'NONE', *, *, #2017, .T. ) ;
#2258 = CARTESIAN_POINT ( 'NONE',  ( -64.26002644001162878, 4.081244495785451676, 0.000000000000000000 ) ) ;
#2259 = ORIENTED_EDGE ( 'NONE', *, *, #4811, .T. ) ;
#2260 = ORIENTED_EDGE ( 'NONE', *, *, #176, .T. ) ;
#2261 = ORIENTED_EDGE ( 'NONE', *, *, #2122, .T. ) ;
#2262 = DIRECTION ( 'NONE',  ( 0.000000000000000000, 0.000000000000000000, -1.000000000000000000 ) ) ;
#2263 = ORIENTED_EDGE ( 'NONE', *, *, #401, .F. ) ;
#2264 = CARTESIAN_POINT ( 'NONE',  ( -56.68211918788940551, 0.000000000000000000, 1.000000000000000000 ) ) ;
#2265 = DIRECTION ( 'NONE',  ( -1.613696256722611405E-16, 1.000000000000000000, -0.000000000000000000 ) ) ;
#2266 = EDGE_CURVE ( 'NONE', #4879, #2381, #3962, .T. ) ;
#2267 = CARTESIAN_POINT ( 'NONE',  ( -16.49999999999999289, -19.89999999999999858, 4.699999999999999289 ) ) ;
#2268 = AXIS2_PLACEMENT_3D ( 'NONE', #596, #4154, #189 ) ;
#2269 = FACE_OUTER_BOUND ( 'NONE', #3775, .T. ) ;
#2270 = VERTEX_POINT ( 'NONE', #1251 ) ;
#2271 = VECTOR ( 'NONE', #5374, 1000.000000000000000 ) ;
#2272 = EDGE_CURVE ( 'NONE', #4209, #5584, #5303, .T. ) ;
#2273 = ORIENTED_EDGE ( 'NONE', *, *, #2191, .F. ) ;
#2274 = VECTOR ( 'NONE', #4451, 1000.000000000000000 ) ;
#2275 = DIRECTION ( 'NONE',  ( 0.000000000000000000, 1.000000000000000000, 0.000000000000000000 ) ) ;
#2276 = ORIENTED_EDGE ( 'NONE', *, *, #3448, .T. ) ;
#2277 = DIRECTION ( 'NONE',  ( -1.000000000000000000, 0.000000000000000000, -0.000000000000000000 ) ) ;
#2278 = DIRECTION ( 'NONE',  ( -0.000000000000000000, -0.000000000000000000, 1.000000000000000000 ) ) ;
#2279 = DIRECTION ( 'NONE',  ( -1.000000000000000000, 0.000000000000000000, 0.000000000000000000 ) ) ;
#2280 = FILL_AREA_STYLE ('',( #2192 ) ) ;
#2281 = EDGE_CURVE ( 'NONE', #3377, #4, #1340, .T. ) ;
#2282 = CARTESIAN_POINT ( 'NONE',  ( 16.99999999999999289, -18.10000000000000142, 4.200000000000000178 ) ) ;
#2283 = VECTOR ( 'NONE', #295, 1000.000000000000000 ) ;
#2284 = LINE ( 'NONE', #2223, #1638 ) ;
#2285 = ORIENTED_EDGE ( 'NONE', *, *, #1914, .T. ) ;
#2286 = CYLINDRICAL_SURFACE ( 'NONE', #1514, 1.600000000000000755 ) ;
#2287 = ORIENTED_EDGE ( 'NONE', *, *, #2638, .F. ) ;
#2288 = AXIS2_PLACEMENT_3D ( 'NONE', #1055, #4585, #624 ) ;
#2289 = LINE ( 'NONE', #4019, #4053 ) ;
#2290 = VECTOR ( 'NONE', #2265, 1000.000000000000000 ) ;
#2291 = VERTEX_POINT ( 'NONE', #943 ) ;
#2292 = CARTESIAN_POINT ( 'NONE',  ( -62.26002644001162167, -2.668755504214548324, -0.9999999999999997780 ) ) ;
#2293 = VERTEX_POINT ( 'NONE', #915 ) ;
#2294 = AXIS2_PLACEMENT_3D ( 'NONE', #2588, #4391, #4362 ) ;
#2295 = CARTESIAN_POINT ( 'NONE',  ( -16.49999999999999289, -19.89999999999999503, 6.200000000000000178 ) ) ;
#2296 = CARTESIAN_POINT ( 'NONE',  ( -53.33195776004129840, 19.24437245649053096, 1.200000000000000178 ) ) ;
#2297 = CARTESIAN_POINT ( 'NONE',  ( -22.71242534221950393, 12.36579373369079882, -1.000000000000000000 ) ) ;
#2298 = CARTESIAN_POINT ( 'NONE',  ( 14.27960312803935317, -21.50000000000000000, 2.579999999999999627 ) ) ;
#2299 = EDGE_CURVE ( 'NONE', #341, #1907, #3395, .T. ) ;
#2300 = ORIENTED_EDGE ( 'NONE', *, *, #257, .F. ) ;
#2301 = AXIS2_PLACEMENT_3D ( 'NONE', #3168, #1011, #985 ) ;
#2302 = ORIENTED_EDGE ( 'NONE', *, *, #3118, .F. ) ;
#2303 = ORIENTED_EDGE ( 'NONE', *, *, #3915, .F. ) ;
#2304 = DIRECTION ( 'NONE',  ( -1.000000000000000000, -0.000000000000000000, -0.000000000000000000 ) ) ;
#2305 = ADVANCED_FACE ( 'NONE', ( #476 ), #2240, .F. ) ;
#2306 = VECTOR ( 'NONE', #1913, 1000.000000000000000 ) ;
#2307 = DIRECTION ( 'NONE',  ( -1.000000000000000000, -0.000000000000000000, 0.000000000000000000 ) ) ;
#2308 = FACE_OUTER_BOUND ( 'NONE', #5126, .T. ) ;
#2309 = FACE_OUTER_BOUND ( 'NONE', #3914, .T. ) ;
#2310 = CARTESIAN_POINT ( 'NONE',  ( -47.24545865296283154, 20.24437245649053807, -1.000000000000000000 ) ) ;
#2311 = LINE ( 'NONE', #2782, #2194 ) ;
#2312 = ORIENTED_EDGE ( 'NONE', *, *, #4626, .F. ) ;
#2313 = EDGE_CURVE ( 'NONE', #454, #572, #1554, .T. ) ;
#2314 = FACE_OUTER_BOUND ( 'NONE', #2328, .T. ) ;
#2315 = LINE ( 'NONE', #1874, #3294 ) ;
#2316 = VECTOR ( 'NONE', #1013, 1000.000000000000000 ) ;
#2317 = ORIENTED_EDGE ( 'NONE', *, *, #830, .T. ) ;
#2318 = LINE ( 'NONE', #469, #3884 ) ;
#2319 = EDGE_CURVE ( 'NONE', #1588, #5311, #1719, .T. ) ;
#2320 = LINE ( 'NONE', #604, #3935 ) ;
#2321 = AXIS2_PLACEMENT_3D ( 'NONE', #220, #5007, #1985 ) ;
#2322 = DIRECTION ( 'NONE',  ( 1.266221515311538543E-16, -1.000000000000000000, 0.000000000000000000 ) ) ;
#2323 = VECTOR ( 'NONE', #2326, 1000.000000000000000 ) ;
#2324 = LINE ( 'NONE', #3561, #2739 ) ;
#2325 = DIRECTION ( 'NONE',  ( 0.000000000000000000, 0.000000000000000000, -1.000000000000000000 ) ) ;
#2326 = DIRECTION ( 'NONE',  ( -0.000000000000000000, 1.000000000000000000, -0.000000000000000000 ) ) ;
#2327 = ORIENTED_EDGE ( 'NONE', *, *, #4886, .F. ) ;
#2328 = EDGE_LOOP ( 'NONE', ( #2819, #2501, #2312, #1212 ) ) ;
#2329 = DIRECTION ( 'NONE',  ( -0.000000000000000000, 0.000000000000000000, 1.000000000000000000 ) ) ;
#2330 = ORIENTED_EDGE ( 'NONE', *, *, #2712, .F. ) ;
#2331 = LINE ( 'NONE', #2589, #2544 ) ;
#2332 = CARTESIAN_POINT ( 'NONE',  ( -64.26002644001162878, 3.481244495785452475, -3.000000000000000000 ) ) ;
#2333 = CARTESIAN_POINT ( 'NONE',  ( -55.71242534221949683, 4.444372456490531142, -1.000000000000000000 ) ) ;
#2334 = EDGE_CURVE ( 'NONE', #1082, #4519, #4796, .T. ) ;
#2335 = FACE_OUTER_BOUND ( 'NONE', #5293, .T. ) ;
#2336 = VERTEX_POINT ( 'NONE', #1043 ) ;
#2337 = PLANE ( 'NONE',  #4756 ) ;
#2338 = DIRECTION ( 'NONE',  ( -1.000000000000000000, 0.000000000000000000, 0.000000000000000000 ) ) ;
#2339 = EDGE_CURVE ( 'NONE', #572, #602, #3128, .T. ) ;
#2340 = CARTESIAN_POINT ( 'NONE',  ( 16.39999999999999147, 21.50000000000000000, 4.699999999999999289 ) ) ;
#2341 = ORIENTED_EDGE ( 'NONE', *, *, #2462, .F. ) ;
#2342 = FACE_OUTER_BOUND ( 'NONE', #4827, .T. ) ;
#2343 = DIRECTION ( 'NONE',  ( 0.000000000000000000, -1.000000000000000000, -9.427844978134822666E-17 ) ) ;
#2344 = VECTOR ( 'NONE', #4938, 1000.000000000000000 ) ;
#2345 = CARTESIAN_POINT ( 'NONE',  ( 16.50000000000000000, -19.89999999999998792, 6.200000000000000178 ) ) ;
#2346 = CARTESIAN_POINT ( 'NONE',  ( -51.40698321814510763, -20.75562754350946193, 1.200000000000000178 ) ) ;
#2347 = ADVANCED_FACE ( 'NONE', ( #3175 ), #2718, .F. ) ;
#2348 = CARTESIAN_POINT ( 'NONE',  ( -62.76002644001162167, 9.031244495785450965, -1.000000000000000000 ) ) ;
#2349 = AXIS2_PLACEMENT_3D ( 'NONE', #2952, #2123, #770 ) ;
#2350 = CYLINDRICAL_SURFACE ( 'NONE', #1305, 1.500000000000000000 ) ;
#2351 = ORIENTED_EDGE ( 'NONE', *, *, #2670, .F. ) ;
#2352 = DIRECTION ( 'NONE',  ( -1.613696256722611652E-16, 1.000000000000000000, 0.000000000000000000 ) ) ;
#2353 = ORIENTED_EDGE ( 'NONE', *, *, #1507, .T. ) ;
#2354 = LINE ( 'NONE', #1429, #2637 ) ;
#2355 = AXIS2_PLACEMENT_3D ( 'NONE', #5073, #4101, #4972 ) ;
#2356 = AXIS2_PLACEMENT_3D ( 'NONE', #4057, #4900, #4838 ) ;
#2357 = LINE ( 'NONE', #1003, #3909 ) ;
#2358 = CARTESIAN_POINT ( 'NONE',  ( -55.71242534221949683, 4.444372456490531142, -1.000000000000000000 ) ) ;
#2359 = CARTESIAN_POINT ( 'NONE',  ( -4.600000000000004974, -21.50000000000000000, 0.3999999999999978018 ) ) ;
#2360 = ORIENTED_EDGE ( 'NONE', *, *, #4367, .T. ) ;
#2361 = B_SPLINE_CURVE_WITH_KNOTS ( 'NONE', 3,
 ( #3624, #4229, #3728, #157, #4169, #2404, #2428, #264, #617, #5012 ),
 .UNSPECIFIED., .F., .F.,
 ( 4, 2, 2, 2, 4 ),
 ( 5.421010862427522170E-19, 0.0004660897287623408814, 0.0009321794575246812207, 0.001398269186287021560, 0.001864358915049361791 ),
 .UNSPECIFIED. ) ;
#2362 = VECTOR ( 'NONE', #5530, 1000.000000000000000 ) ;
#2363 = CARTESIAN_POINT ( 'NONE',  ( -55.11242534221950251, -21.75562754350946193, 0.7000000000000000666 ) ) ;
#2364 = EDGE_CURVE ( 'NONE', #4193, #3377, #3673, .T. ) ;
#2365 = VECTOR ( 'NONE', #642, 1000.000000000000000 ) ;
#2366 = CARTESIAN_POINT ( 'NONE',  ( -52.95155156584890221, -11.75562754350946015, -1.199999999999999734 ) ) ;
#2367 = CARTESIAN_POINT ( 'NONE',  ( -15.95000000000000639, -17.84536862590730522, 5.200000000000001066 ) ) ;
#2368 = VECTOR ( 'NONE', #1052, 999.9999999999998863 ) ;
#2369 = ORIENTED_EDGE ( 'NONE', *, *, #4929, .T. ) ;
#2370 = DIRECTION ( 'NONE',  ( 0.000000000000000000, 1.000000000000000000, 0.000000000000000000 ) ) ;
#2371 = FACE_OUTER_BOUND ( 'NONE', #2740, .T. ) ;
#2372 = ADVANCED_FACE ( 'NONE', ( #3618 ), #5032, .T. ) ;
#2373 = LINE ( 'NONE', #2418, #1061 ) ;
#2374 = DIRECTION ( 'NONE',  ( -0.000000000000000000, -0.000000000000000000, 1.000000000000000000 ) ) ;
#2375 = DIRECTION ( 'NONE',  ( -0.000000000000000000, -0.000000000000000000, 1.000000000000000000 ) ) ;
#2376 = CARTESIAN_POINT ( 'NONE',  ( 0.000000000000000000, 0.000000000000000000, 0.000000000000000000 ) ) ;
#2377 = ADVANCED_FACE ( 'NONE', ( #3257 ), #1069, .F. ) ;
#2378 = ORIENTED_EDGE ( 'NONE', *, *, #190, .F. ) ;
#2379 = DIRECTION ( 'NONE',  ( 1.000000000000000000, 0.000000000000000000, 0.000000000000000000 ) ) ;
#2380 = LINE ( 'NONE', #4148, #4584 ) ;
#2381 = VERTEX_POINT ( 'NONE', #4982 ) ;
#2382 = AXIS2_PLACEMENT_3D ( 'NONE', #3029, #465, #2596 ) ;
#2383 = DIRECTION ( 'NONE',  ( 1.000000000000000000, -0.000000000000000000, -0.000000000000000000 ) ) ;
#2384 = DIRECTION ( 'NONE',  ( -0.000000000000000000, -1.000000000000000000, -0.000000000000000000 ) ) ;
#2385 = CARTESIAN_POINT ( 'NONE',  ( -56.68211918788940551, 6.644372456490533096, 1.000000000000000000 ) ) ;
#2386 = AXIS2_PLACEMENT_3D ( 'NONE', #1936, #3698, #5470 ) ;
#2387 = ORIENTED_EDGE ( 'NONE', *, *, #3517, .T. ) ;
#2388 = CARTESIAN_POINT ( 'NONE',  ( -56.71242534221949683, 5.644372456490533096, 0.000000000000000000 ) ) ;
#2389 = CARTESIAN_POINT ( 'NONE',  ( 0.000000000000000000, 0.000000000000000000, 0.000000000000000000 ) ) ;
#2390 = DIRECTION ( 'NONE',  ( 0.000000000000000000, 0.000000000000000000, -1.000000000000000000 ) ) ;
#2391 = EDGE_CURVE ( 'NONE', #759, #334, #3593, .T. ) ;
#2392 = VERTEX_POINT ( 'NONE', #1476 ) ;
#2393 = DIRECTION ( 'NONE',  ( -1.000000000000000000, 0.000000000000000000, 0.000000000000000000 ) ) ;
#2394 = CARTESIAN_POINT ( 'NONE',  ( -15.95000873316724643, 18.29609250885616945, 5.200000000000001066 ) ) ;
#2395 = PLANE ( 'NONE',  #4856 ) ;
#2396 = LINE ( 'NONE', #724, #4966 ) ;
#2397 = DIRECTION ( 'NONE',  ( 0.000000000000000000, 0.000000000000000000, -1.000000000000000000 ) ) ;
#2398 = EDGE_CURVE ( 'NONE', #4777, #5642, #4030, .T. ) ;
#2399 = DIRECTION ( 'NONE',  ( 0.7071067811865477948, -0.7071067811865473507, 0.000000000000000000 ) ) ;
#2400 = VECTOR ( 'NONE', #3588, 1000.000000000000000 ) ;
#2401 = CARTESIAN_POINT ( 'NONE',  ( 7.000000000000002665, 20.49999999999999645, 5.200000000000001066 ) ) ;
#2402 = VERTEX_POINT ( 'NONE', #4087 ) ;
#2403 = ADVANCED_FACE ( 'NONE', ( #4522 ), #3234, .F. ) ;
#2404 = CARTESIAN_POINT ( 'NONE',  ( -42.68807762249411297, 20.98631338647559730, 1.547803112824526872 ) ) ;
#2405 = CARTESIAN_POINT ( 'NONE',  ( -21.71242534221950393, 12.36579373369079882, -1.000000000000000000 ) ) ;
#2406 = VERTEX_POINT ( 'NONE', #125 ) ;
#2407 = CARTESIAN_POINT ( 'NONE',  ( -55.21242534221950393, -20.15562754350945696, 2.200000000000000178 ) ) ;
#2408 = AXIS2_PLACEMENT_3D ( 'NONE', #718, #2989, #3367 ) ;
#2409 = CARTESIAN_POINT ( 'NONE',  ( -56.71242534221949683, 5.930229613636248232, 0.7000000000000000666 ) ) ;
#2410 = ORIENTED_EDGE ( 'NONE', *, *, #1084, .F. ) ;
#2411 = DIRECTION ( 'NONE',  ( 0.000000000000000000, 0.000000000000000000, -1.000000000000000000 ) ) ;
#2412 = CARTESIAN_POINT ( 'NONE',  ( -62.76002644001162167, 5.681244495785453097, -2.149999999999999911 ) ) ;
#2413 = FACE_OUTER_BOUND ( 'NONE', #2548, .T. ) ;
#2414 = EDGE_LOOP ( 'NONE', ( #945, #860, #625, #2300 ) ) ;
#2415 = ORIENTED_EDGE ( 'NONE', *, *, #4392, .T. ) ;
#2416 = LINE ( 'NONE', #145, #5647 ) ;
#2417 = CYLINDRICAL_SURFACE ( 'NONE', #3551, 1.350000000000004752 ) ;
#2418 = CARTESIAN_POINT ( 'NONE',  ( 15.13529148945094072, 18.60000000000000142, 5.200000000000001066 ) ) ;
#2419 = AXIS2_PLACEMENT_3D ( 'NONE', #1028, #2730, #4505 ) ;
#2420 = PLANE ( 'NONE',  #3507 ) ;
#2421 = CARTESIAN_POINT ( 'NONE',  ( -62.76002644001162167, 10.03124449578545274, -1.000000000000000000 ) ) ;
#2422 = EDGE_LOOP ( 'NONE', ( #3290, #619, #1153, #856 ) ) ;
#2423 = CARTESIAN_POINT ( 'NONE',  ( -16.99999999999999289, -5.899999999999997691, 2.000000000000000000 ) ) ;
#2424 = AXIS2_PLACEMENT_3D ( 'NONE', #367, #2466, #4239 ) ;
#2425 = EDGE_CURVE ( 'NONE', #535, #3988, #1925, .T. ) ;
#2426 = LINE ( 'NONE', #3347, #5226 ) ;
#2427 = ORIENTED_EDGE ( 'NONE', *, *, #1968, .F. ) ;
#2428 = CARTESIAN_POINT ( 'NONE',  ( -42.55801253797724826, 20.93037153747268064, 1.620754996819353311 ) ) ;
#2429 = CARTESIAN_POINT ( 'NONE',  ( -21.71242534221950393, 12.36579373369079882, 1.200000000000000178 ) ) ;
#2430 = VERTEX_POINT ( 'NONE', #4570 ) ;
#2431 = EDGE_CURVE ( 'NONE', #4922, #5518, #922, .T. ) ;
#2432 = FACE_OUTER_BOUND ( 'NONE', #1355, .T. ) ;
#2433 = CARTESIAN_POINT ( 'NONE',  ( -51.40698321814510763, -19.75562754350946193, -1.000000000000000000 ) ) ;
#2434 = CIRCLE ( 'NONE', #1059, 0.1000000000000028644 ) ;
#2435 = VERTEX_POINT ( 'NONE', #5364 ) ;
#2436 = PLANE ( 'NONE',  #3646 ) ;
#2437 = EDGE_CURVE ( 'NONE', #34, #2580, #4892, .T. ) ;
#2438 = CARTESIAN_POINT ( 'NONE',  ( -21.71242534221950393, -19.24221205310341176, -1.000000000000000000 ) ) ;
#2439 = AXIS2_PLACEMENT_3D ( 'NONE', #1575, #4703, #2036 ) ;
#2440 = DIRECTION ( 'NONE',  ( -0.000000000000000000, 0.000000000000000000, 1.000000000000000000 ) ) ;
#2441 = DIRECTION ( 'NONE',  ( 0.000000000000000000, -0.000000000000000000, 1.000000000000000000 ) ) ;
#2442 = ORIENTED_EDGE ( 'NONE', *, *, #4005, .T. ) ;
#2443 = FACE_OUTER_BOUND ( 'NONE', #2014, .T. ) ;
#2444 = ORIENTED_EDGE ( 'NONE', *, *, #4768, .T. ) ;
#2445 = CARTESIAN_POINT ( 'NONE',  ( -16.99999999999999289, -19.89999999999999858, 4.200000000000000178 ) ) ;
#2446 = CARTESIAN_POINT ( 'NONE',  ( -55.11242534221950251, 19.64437245649053310, 0.000000000000000000 ) ) ;
#2447 = ORIENTED_EDGE ( 'NONE', *, *, #1356, .F. ) ;
#2448 = VECTOR ( 'NONE', #2829, 1000.000000000000000 ) ;
#2449 = EDGE_LOOP ( 'NONE', ( #4904, #2442, #3479, #2029 ) ) ;
#2450 = ORIENTED_EDGE ( 'NONE', *, *, #3076, .F. ) ;
#2451 = DIRECTION ( 'NONE',  ( 0.000000000000000000, 0.000000000000000000, -1.000000000000000000 ) ) ;
#2452 = CARTESIAN_POINT ( 'NONE',  ( -30.21242534221950393, -12.75562754350946193, 1.200000000000000178 ) ) ;
#2453 = ORIENTED_EDGE ( 'NONE', *, *, #2712, .T. ) ;
#2454 = CARTESIAN_POINT ( 'NONE',  ( -18.00000000000000355, 21.50000000000000000, 6.200000000000000178 ) ) ;
#2455 = EDGE_CURVE ( 'NONE', #3596, #1611, #1882, .T. ) ;
#2456 = CARTESIAN_POINT ( 'NONE',  ( -47.24545865296283154, 20.24437245649053807, -1.000000000000000000 ) ) ;
#2457 = AXIS2_PLACEMENT_3D ( 'NONE', #2446, #3282, #1557 ) ;
#2458 = ORIENTED_EDGE ( 'NONE', *, *, #3789, .F. ) ;
#2459 = VECTOR ( 'NONE', #4614, 1000.000000000000000 ) ;
#2460 = CARTESIAN_POINT ( 'NONE',  ( -62.76002644001162167, -2.668755504214548324, -1.000000000000000222 ) ) ;
#2461 = CARTESIAN_POINT ( 'NONE',  ( -22.31242534221949825, 19.64437245649053310, 2.200000000000000178 ) ) ;
#2462 = EDGE_CURVE ( 'NONE', #5068, #4149, #4547, .T. ) ;
#2463 = EDGE_LOOP ( 'NONE', ( #1648, #4835, #389, #3442 ) ) ;
#2464 = CARTESIAN_POINT ( 'NONE',  ( 23.04726547895300115, -14.00512985522204801, 2.579999999999999627 ) ) ;
#2465 = DIRECTION ( 'NONE',  ( -1.000000000000000000, 0.000000000000000000, 0.000000000000000000 ) ) ;
#2466 = DIRECTION ( 'NONE',  ( -1.000000000000000000, 0.000000000000000000, 0.000000000000000000 ) ) ;
#2467 = VECTOR ( 'NONE', #5239, 1000.000000000000000 ) ;
#2468 = LINE ( 'NONE', #1979, #1453 ) ;
#2469 = EDGE_CURVE ( 'NONE', #2935, #1740, #1502, .T. ) ;
#2470 = DIRECTION ( 'NONE',  ( 0.000000000000000000, 0.000000000000000000, 1.000000000000000000 ) ) ;
#2471 = ORIENTED_EDGE ( 'NONE', *, *, #5300, .T. ) ;
#2472 = LINE ( 'NONE', #2563, #745 ) ;
#2473 = VERTEX_POINT ( 'NONE', #5421 ) ;
#2474 = CARTESIAN_POINT ( 'NONE',  ( -15.95000000000000639, -17.84536862590730522, 5.200000000000001066 ) ) ;
#2475 = CARTESIAN_POINT ( 'NONE',  ( -13.69999999999999751, 10.90000000000000036, 5.200000000000000178 ) ) ;
#2476 = CARTESIAN_POINT ( 'NONE',  ( 17.99999999999999645, 19.89999999999999858, 0.000000000000000000 ) ) ;
#2477 = EDGE_LOOP ( 'NONE', ( #788, #3166, #2669, #4834 ) ) ;
#2478 = EDGE_CURVE ( 'NONE', #4260, #2905, #1448, .T. ) ;
#2479 = VERTEX_POINT ( 'NONE', #1119 ) ;
#2480 = VERTEX_POINT ( 'NONE', #4163 ) ;
#2481 = CARTESIAN_POINT ( 'NONE',  ( -21.71242534221950393, -0.6342062663092004060, -1.000000000000000000 ) ) ;
#2482 = CARTESIAN_POINT ( 'NONE',  ( -21.71242534221949683, -16.19705362128172510, 0.000000000000000000 ) ) ;
#2483 = CARTESIAN_POINT ( 'NONE',  ( 18.00000000000000355, -19.05239533417509534, 3.779999999999998916 ) ) ;
#2484 = ORIENTED_EDGE ( 'NONE', *, *, #3457, .T. ) ;
#2485 = ADVANCED_FACE ( 'NONE', ( #1653 ), #3403, .T. ) ;
#2486 = CARTESIAN_POINT ( 'NONE',  ( -4.566666666666664653, -7.366666666666660035, -3.433333333333335791 ) ) ;
#2487 = LINE ( 'NONE', #5125, #1164 ) ;
#2488 = VECTOR ( 'NONE', #2741, 1000.000000000000000 ) ;
#2489 = VERTEX_POINT ( 'NONE', #5179 ) ;
#2490 = DIRECTION ( 'NONE',  ( 0.000000000000000000, 0.000000000000000000, -1.000000000000000000 ) ) ;
#2491 = AXIS2_PLACEMENT_3D ( 'NONE', #2774, #2696, #126 ) ;
#2492 = VERTEX_POINT ( 'NONE', #286 ) ;
#2493 = CARTESIAN_POINT ( 'NONE',  ( -17.99999999999999645, -21.50000000000000000, 6.200000000000000178 ) ) ;
#2494 = ORIENTED_EDGE ( 'NONE', *, *, #5396, .F. ) ;
#2495 = LINE ( 'NONE', #4268, #1151 ) ;
#2496 = PLANE ( 'NONE',  #1259 ) ;
#2497 = ADVANCED_FACE ( 'NONE', ( #2048 ), #1649, .T. ) ;
#2498 = DIRECTION ( 'NONE',  ( 0.000000000000000000, 0.000000000000000000, -1.000000000000000000 ) ) ;
#2499 = DIRECTION ( 'NONE',  ( 0.000000000000000000, -0.000000000000000000, -1.000000000000000000 ) ) ;
#2500 = LINE ( 'NONE', #1208, #1949 ) ;
#2501 = ORIENTED_EDGE ( 'NONE', *, *, #1948, .F. ) ;
#2502 = CYLINDRICAL_SURFACE ( 'NONE', #1972, 1.600000000000000755 ) ;
#2503 = VERTEX_POINT ( 'NONE', #4249 ) ;
#2504 = EDGE_CURVE ( 'NONE', #5202, #1524, #5495, .T. ) ;
#2505 = LINE ( 'NONE', #814, #2030 ) ;
#2506 = CARTESIAN_POINT ( 'NONE',  ( 15.13529148945094072, 18.60000000000000142, 5.200000000000001066 ) ) ;
#2507 = CYLINDRICAL_SURFACE ( 'NONE', #4887, 0.6000000000000033085 ) ;
#2508 = ORIENTED_EDGE ( 'NONE', *, *, #5057, .F. ) ;
#2509 = ORIENTED_EDGE ( 'NONE', *, *, #4574, .F. ) ;
#2510 = ORIENTED_EDGE ( 'NONE', *, *, #1626, .T. ) ;
#2511 = CARTESIAN_POINT ( 'NONE',  ( -22.31242534221949469, -20.15562754350945696, 0.7000000000000000666 ) ) ;
#2512 = EDGE_CURVE ( 'NONE', #1376, #5518, #197, .T. ) ;
#2513 = CYLINDRICAL_SURFACE ( 'NONE', #3541, 0.3999999999999975797 ) ;
#2514 = CARTESIAN_POINT ( 'NONE',  ( -22.31242534221949825, 21.24437245649053452, 0.7000000000000000666 ) ) ;
#2515 = EDGE_LOOP ( 'NONE', ( #2688, #789, #1690, #2244, #4106 ) ) ;
#2516 = LINE ( 'NONE', #3945, #5335 ) ;
#2517 = VERTEX_POINT ( 'NONE', #316 ) ;
#2518 = ADVANCED_FACE ( 'NONE', ( #5114 ), #1558, .F. ) ;
#2519 = AXIS2_PLACEMENT_3D ( 'NONE', #2208, #37, #4376 ) ;
#2520 = LINE ( 'NONE', #5565, #3547 ) ;
#2521 = ORIENTED_EDGE ( 'NONE', *, *, #2703, .F. ) ;
#2522 = DIRECTION ( 'NONE',  ( 0.000000000000000000, 0.000000000000000000, 1.000000000000000000 ) ) ;
#2523 = ORIENTED_EDGE ( 'NONE', *, *, #4743, .T. ) ;
#2524 = CARTESIAN_POINT ( 'NONE',  ( -62.76002644001162167, 5.681244495785453097, -2.149999999999999911 ) ) ;
#2525 = CARTESIAN_POINT ( 'NONE',  ( -33.17042946784389557, 20.24437245649053452, 0.000000000000000000 ) ) ;
#2526 = LINE ( 'NONE', #2006, #5478 ) ;
#2527 = CYLINDRICAL_SURFACE ( 'NONE', #5509, 0.6000000000000033085 ) ;
#2528 = DIRECTION ( 'NONE',  ( -1.000000000000000000, 0.000000000000000000, -0.000000000000000000 ) ) ;
#2529 = EDGE_CURVE ( 'NONE', #165, #918, #2847, .T. ) ;
#2530 = ORIENTED_EDGE ( 'NONE', *, *, #2725, .F. ) ;
#2531 = LINE ( 'NONE', #1268, #1203 ) ;
#2532 = ORIENTED_EDGE ( 'NONE', *, *, #3795, .F. ) ;
#2533 = AXIS2_PLACEMENT_3D ( 'NONE', #4306, #1583, #1677 ) ;
#2534 = DIRECTION ( 'NONE',  ( -0.000000000000000000, 1.000000000000000000, -0.000000000000000000 ) ) ;
#2535 = AXIS2_PLACEMENT_3D ( 'NONE', #1474, #1446, #607 ) ;
#2536 = FACE_OUTER_BOUND ( 'NONE', #4586, .T. ) ;
#2537 = CARTESIAN_POINT ( 'NONE',  ( -62.76002644001162167, 7.981244495785452919, -2.150000000000000355 ) ) ;
#2538 = ORIENTED_EDGE ( 'NONE', *, *, #1126, .F. ) ;
#2539 = ORIENTED_EDGE ( 'NONE', *, *, #5514, .T. ) ;
#2540 = ADVANCED_FACE ( 'NONE', ( #2824 ), #690, .F. ) ;
#2541 = ORIENTED_EDGE ( 'NONE', *, *, #1707, .T. ) ;
#2542 = CARTESIAN_POINT ( 'NONE',  ( 15.94999999999999574, 18.01159792783948888, 4.200000000000000178 ) ) ;
#2543 = DIRECTION ( 'NONE',  ( -0.000000000000000000, 1.000000000000000000, -0.000000000000000000 ) ) ;
#2544 = VECTOR ( 'NONE', #1863, 1000.000000000000000 ) ;
#2545 = CARTESIAN_POINT ( 'NONE',  ( -16.99999999999999289, -5.899999999999997691, 2.000000000000000000 ) ) ;
#2546 = EDGE_CURVE ( 'NONE', #2751, #1646, #4684, .T. ) ;
#2547 = FACE_BOUND ( 'NONE', #5321, .T. ) ;
#2548 = EDGE_LOOP ( 'NONE', ( #3967, #1655, #2508, #3334 ) ) ;
#2549 = AXIS2_PLACEMENT_3D ( 'NONE', #1630, #3008, #855 ) ;
#2550 = DIRECTION ( 'NONE',  ( -0.000000000000000000, -0.000000000000000000, 1.000000000000000000 ) ) ;
#2551 = VERTEX_POINT ( 'NONE', #5150 ) ;
#2552 = CARTESIAN_POINT ( 'NONE',  ( -62.76002644001162167, 7.981244495785452919, -0.8499999999999998668 ) ) ;
#2553 = ADVANCED_FACE ( 'NONE', ( #725 ), #1619, .F. ) ;
#2554 = EDGE_CURVE ( 'NONE', #3638, #3596, #3284, .T. ) ;
#2555 = VERTEX_POINT ( 'NONE', #4189 ) ;
#2556 = VECTOR ( 'NONE', #1489, 1000.000000000000000 ) ;
#2557 = FACE_OUTER_BOUND ( 'NONE', #2232, .T. ) ;
#2558 = CARTESIAN_POINT ( 'NONE',  ( 23.04726547895300115, -14.00512985522204801, 2.579999999999999627 ) ) ;
#2559 = FACE_OUTER_BOUND ( 'NONE', #1629, .T. ) ;
#2560 = DIRECTION ( 'NONE',  ( -0.000000000000000000, 0.000000000000000000, -1.000000000000000000 ) ) ;
#2561 = LINE ( 'NONE', #1610, #2962 ) ;
#2562 = ORIENTED_EDGE ( 'NONE', *, *, #4421, .T. ) ;
#2563 = CARTESIAN_POINT ( 'NONE',  ( -64.26002644001162878, 10.03124449578545274, -3.000000000000000000 ) ) ;
#2564 = VERTEX_POINT ( 'NONE', #2476 ) ;
#2565 = VECTOR ( 'NONE', #2, 1000.000000000000000 ) ;
#2566 = CARTESIAN_POINT ( 'NONE',  ( -41.96242534221950393, 13.24437245649053452, 1.750000000000000666 ) ) ;
#2567 = FACE_OUTER_BOUND ( 'NONE', #1366, .T. ) ;
#2568 = CARTESIAN_POINT ( 'NONE',  ( 16.40000000000000568, -21.50000000000000000, 0.000000000000000000 ) ) ;
#2569 = VERTEX_POINT ( 'NONE', #1184 ) ;
#2570 = ORIENTED_EDGE ( 'NONE', *, *, #4929, .F. ) ;
#2571 = AXIS2_PLACEMENT_3D ( 'NONE', #3562, #3067, #853 ) ;
#2572 = ORIENTED_EDGE ( 'NONE', *, *, #4524, .F. ) ;
#2573 = DIRECTION ( 'NONE',  ( 0.000000000000000000, -0.000000000000000000, 1.000000000000000000 ) ) ;
#2574 = DIRECTION ( 'NONE',  ( 1.000000000000000000, -0.000000000000000000, 0.000000000000000000 ) ) ;
#2575 = ADVANCED_FACE ( 'NONE', ( #3781 ), #4621, .F. ) ;
#2576 = CYLINDRICAL_SURFACE ( 'NONE', #2571, 1.000000000000000000 ) ;
#2577 = CARTESIAN_POINT ( 'NONE',  ( -27.46433655495782844, -19.75562754350946193, 1.200000000000000178 ) ) ;
#2578 = ORIENTED_EDGE ( 'NONE', *, *, #205, .T. ) ;
#2579 = EDGE_CURVE ( 'NONE', #1140, #3493, #5553, .T. ) ;
#2580 = VERTEX_POINT ( 'NONE', #3812 ) ;
#2581 = ORIENTED_EDGE ( 'NONE', *, *, #1044, .F. ) ;
#2582 = CARTESIAN_POINT ( 'NONE',  ( -7.999999999999994671, 20.49999999999999645, 5.200000000000001066 ) ) ;
#2583 = VECTOR ( 'NONE', #3642, 1000.000000000000000 ) ;
#2584 = CARTESIAN_POINT ( 'NONE',  ( -16.40000000000000213, 19.89999999999999858, 4.200000000000000178 ) ) ;
#2585 = AXIS2_PLACEMENT_3D ( 'NONE', #5707, #5651, #732 ) ;
#2586 = DIRECTION ( 'NONE',  ( 0.000000000000000000, 1.000000000000000000, 0.000000000000000000 ) ) ;
#2587 = ADVANCED_FACE ( 'NONE', ( #3374 ), #2507, .F. ) ;
#2588 = CARTESIAN_POINT ( 'NONE',  ( -15.95000873316724643, 18.29609250885616945, 4.200000000000000178 ) ) ;
#2589 = CARTESIAN_POINT ( 'NONE',  ( -62.26002644001162167, -1.468755504214547258, 0.2000000000000000111 ) ) ;
#2590 = ORIENTED_EDGE ( 'NONE', *, *, #1172, .T. ) ;
#2591 = CYLINDRICAL_SURFACE ( 'NONE', #5033, 1.499999999999999556 ) ;
#2592 = ORIENTED_EDGE ( 'NONE', *, *, #1887, .T. ) ;
#2593 = EDGE_CURVE ( 'NONE', #72, #2636, #406, .T. ) ;
#2594 = CARTESIAN_POINT ( 'NONE',  ( 16.39999999999999147, 19.89999999999999858, 4.699999999999999289 ) ) ;
#2595 = AXIS2_PLACEMENT_3D ( 'NONE', #107, #3627, #4504 ) ;
#2596 = DIRECTION ( 'NONE',  ( 1.000000000000000000, 0.000000000000000000, 0.000000000000000000 ) ) ;
#2597 = ORIENTED_EDGE ( 'NONE', *, *, #2247, .T. ) ;
#2598 = ORIENTED_EDGE ( 'NONE', *, *, #5395, .F. ) ;
#2599 = ORIENTED_EDGE ( 'NONE', *, *, #3392, .F. ) ;
#2600 = CARTESIAN_POINT ( 'NONE',  ( -55.11242534221950251, -20.25562754350946193, 2.200000000000000178 ) ) ;
#2601 = ORIENTED_EDGE ( 'NONE', *, *, #5449, .F. ) ;
#2602 = DIRECTION ( 'NONE',  ( -0.000000000000000000, -0.000000000000000000, -1.000000000000000000 ) ) ;
#2603 = FACE_OUTER_BOUND ( 'NONE', #1821, .T. ) ;
#2604 = CARTESIAN_POINT ( 'NONE',  ( -55.71242534221949683, -0.000000000000000000, 0.000000000000000000 ) ) ;
#2605 = ADVANCED_FACE ( 'NONE', ( #3904 ), #4746, .F. ) ;
#2606 = ORIENTED_EDGE ( 'NONE', *, *, #3974, .F. ) ;
#2607 = ORIENTED_EDGE ( 'NONE', *, *, #4173, .T. ) ;
#2608 = PLANE ( 'NONE',  #161 ) ;
#2609 = ORIENTED_EDGE ( 'NONE', *, *, #959, .T. ) ;
#2610 = EDGE_CURVE ( 'NONE', #4447, #4603, #3762, .T. ) ;
#2611 = CARTESIAN_POINT ( 'NONE',  ( -62.76002644001162167, -1.468755504214548147, -1.000000000000000000 ) ) ;
#2612 = VECTOR ( 'NONE', #3095, 1000.000000000000000 ) ;
#2613 = DIRECTION ( 'NONE',  ( 0.000000000000000000, 0.000000000000000000, -1.000000000000000000 ) ) ;
#2614 = CARTESIAN_POINT ( 'NONE',  ( -55.11242534221950251, -20.15562754350946051, 2.200000000000000178 ) ) ;
#2615 = DIRECTION ( 'NONE',  ( -0.000000000000000000, -0.000000000000000000, -1.000000000000000000 ) ) ;
#2616 = VECTOR ( 'NONE', #4730, 1000.000000000000000 ) ;
#2617 = DIRECTION ( 'NONE',  ( 0.000000000000000000, -1.000000000000000000, -9.427844978134821433E-17 ) ) ;
#2618 = EDGE_LOOP ( 'NONE', ( #4441, #595, #4575, #288 ) ) ;
#2619 = EDGE_CURVE ( 'NONE', #5630, #5109, #5294, .T. ) ;
#2620 = DIRECTION ( 'NONE',  ( -1.000000000000000000, 0.000000000000000000, -0.000000000000000000 ) ) ;
#2621 = ORIENTED_EDGE ( 'NONE', *, *, #2670, .T. ) ;
#2622 = CARTESIAN_POINT ( 'NONE',  ( 16.99999999999999289, -18.10000000000000142, 2.100000000000000089 ) ) ;
#2623 = AXIS2_PLACEMENT_3D ( 'NONE', #834, #3920, #863 ) ;
#2624 = LINE ( 'NONE', #4399, #2750 ) ;
#2625 = ORIENTED_EDGE ( 'NONE', *, *, #1480, .F. ) ;
#2626 = EDGE_LOOP ( 'NONE', ( #4032, #2509, #4343, #461 ) ) ;
#2627 = VERTEX_POINT ( 'NONE', #3087 ) ;
#2628 = CARTESIAN_POINT ( 'NONE',  ( -47.24545865296283154, 20.24437245649053807, -1.000000000000000000 ) ) ;
#2629 = EDGE_LOOP ( 'NONE', ( #2415, #5240, #4394, #2410, #2979, #1891, #4804 ) ) ;
#2630 = AXIS2_PLACEMENT_3D ( 'NONE', #472, #3998, #4138 ) ;
#2631 = DIRECTION ( 'NONE',  ( -1.266221515311538543E-16, 1.000000000000000000, 0.000000000000000000 ) ) ;
#2632 = AXIS2_PLACEMENT_3D ( 'NONE', #1378, #2702, #4475 ) ;
#2633 = DIRECTION ( 'NONE',  ( 1.000000000000000000, 0.000000000000000000, 0.000000000000000000 ) ) ;
#2634 = VECTOR ( 'NONE', #4506, 1000.000000000000000 ) ;
#2635 = CARTESIAN_POINT ( 'NONE',  ( -55.21242534221949683, 0.000000000000000000, 2.200000000000000178 ) ) ;
#2636 = VERTEX_POINT ( 'NONE', #1274 ) ;
#2637 = VECTOR ( 'NONE', #3022, 1000.000000000000000 ) ;
#2638 = EDGE_CURVE ( 'NONE', #2165, #3368, #816, .T. ) ;
#2639 = ORIENTED_EDGE ( 'NONE', *, *, #4786, .T. ) ;
#2640 = SURFACE_STYLE_USAGE ( .BOTH. , #2245 ) ;
#2641 = VERTEX_POINT ( 'NONE', #2655 ) ;
#2642 = VECTOR ( 'NONE', #203, 1000.000000000000000 ) ;
#2643 = DIRECTION ( 'NONE',  ( -0.000000000000000000, -0.000000000000000000, 1.000000000000000000 ) ) ;
#2644 = CARTESIAN_POINT ( 'NONE',  ( -16.40000000000000213, 19.89999999999999858, 0.000000000000000000 ) ) ;
#2645 = CARTESIAN_POINT ( 'NONE',  ( -62.26002644001162167, 5.681244495785453097, -2.149999999999999911 ) ) ;
#2646 = LINE ( 'NONE', #4011, #4665 ) ;
#2647 = ADVANCED_FACE ( 'NONE', ( #4430 ), #786, .T. ) ;
#2648 = CARTESIAN_POINT ( 'NONE',  ( -17.99999999999999645, -21.50000000000000000, 0.000000000000000000 ) ) ;
#2649 = AXIS2_PLACEMENT_3D ( 'NONE', #1543, #594, #3357 ) ;
#2650 = EDGE_LOOP ( 'NONE', ( #393, #312, #879, #641 ) ) ;
#2651 = LINE ( 'NONE', #3083, #4025 ) ;
#2652 = ORIENTED_EDGE ( 'NONE', *, *, #3701, .T. ) ;
#2653 = AXIS2_PLACEMENT_3D ( 'NONE', #1609, #3365, #5141 ) ;
#2654 = EDGE_CURVE ( 'NONE', #2402, #811, #1216, .T. ) ;
#2655 = CARTESIAN_POINT ( 'NONE',  ( -22.31242534221949469, -21.75562754350946193, 0.7000000000000000666 ) ) ;
#2656 = B_SPLINE_CURVE_WITH_KNOTS ( 'NONE', 3,
 ( #5017, #593, #3709, #5403, #207, #1432 ),
 .UNSPECIFIED., .F., .F.,
 ( 4, 2, 4 ),
 ( 0.000000000000000000, 0.0003956050711093558078, 0.0007912101422187116156 ),
 .UNSPECIFIED. ) ;
#2657 = VERTEX_POINT ( 'NONE', #2230 ) ;
#2658 = ORIENTED_EDGE ( 'NONE', *, *, #4224, .T. ) ;
#2659 = ORIENTED_EDGE ( 'NONE', *, *, #5216, .T. ) ;
#2660 = LINE ( 'NONE', #497, #2950 ) ;
#2661 = ORIENTED_EDGE ( 'NONE', *, *, #3960, .T. ) ;
#2662 = CYLINDRICAL_SURFACE ( 'NONE', #4573, 0.7795671503096346378 ) ;
#2663 = CARTESIAN_POINT ( 'NONE',  ( 17.99999999999999645, 21.50000000000000000, 0.000000000000000000 ) ) ;
#2664 = EDGE_CURVE ( 'NONE', #90, #3382, #378, .T. ) ;
#2665 = ADVANCED_FACE ( 'NONE', ( #4311 ), #844, .F. ) ;
#2666 = CARTESIAN_POINT ( 'NONE',  ( -55.71242534221949683, 6.644372456490533096, 0.000000000000000000 ) ) ;
#2667 = AXIS2_PLACEMENT_3D ( 'NONE', #1745, #2633, #5336 ) ;
#2668 = PLANE ( 'NONE',  #4873 ) ;
#2669 = ORIENTED_EDGE ( 'NONE', *, *, #4224, .F. ) ;
#2670 = EDGE_CURVE ( 'NONE', #2564, #3343, #1763, .T. ) ;
#2671 = VERTEX_POINT ( 'NONE', #4832 ) ;
#2672 = CARTESIAN_POINT ( 'NONE',  ( -54.71242534221950393, 4.444372456490531142, -1.000000000000000000 ) ) ;
#2673 = EDGE_LOOP ( 'NONE', ( #4016, #2639, #4644, #4082 ) ) ;
#2674 = DIRECTION ( 'NONE',  ( 0.000000000000000000, 0.000000000000000000, -1.000000000000000000 ) ) ;
#2675 = DIRECTION ( 'NONE',  ( 0.000000000000000000, 1.000000000000000000, 0.000000000000000000 ) ) ;
#2676 = CARTESIAN_POINT ( 'NONE',  ( -62.26002644001162167, 9.031244495785450965, -3.200000000000000178 ) ) ;
#2677 = DIRECTION ( 'NONE',  ( -0.000000000000000000, -0.000000000000000000, 1.000000000000000000 ) ) ;
#2678 = DIRECTION ( 'NONE',  ( -1.000000000000000000, 0.000000000000000000, 0.000000000000000000 ) ) ;
#2679 = ORIENTED_EDGE ( 'NONE', *, *, #3211, .T. ) ;
#2680 = DIRECTION ( 'NONE',  ( -0.000000000000000000, -0.000000000000000000, -1.000000000000000000 ) ) ;
#2681 = EDGE_LOOP ( 'NONE', ( #3158, #2369, #5040, #421 ) ) ;
#2682 = AXIS2_PLACEMENT_3D ( 'NONE', #5298, #442, #1876 ) ;
#2683 = CIRCLE ( 'NONE', #3691, 1.000000000000000000 ) ;
#2684 = EDGE_CURVE ( 'NONE', #586, #4881, #1462, .T. ) ;
#2685 = DIRECTION ( 'NONE',  ( -1.000000000000000000, 0.000000000000000000, 0.000000000000000000 ) ) ;
#2686 = AXIS2_PLACEMENT_3D ( 'NONE', #3259, #2399, #2877 ) ;
#2687 = ORIENTED_EDGE ( 'NONE', *, *, #992, .T. ) ;
#2688 = ORIENTED_EDGE ( 'NONE', *, *, #1809, .T. ) ;
#2689 = ORIENTED_EDGE ( 'NONE', *, *, #3942, .T. ) ;
#2690 = CARTESIAN_POINT ( 'NONE',  ( -64.26002644001162878, 9.031244495785450965, -3.000000000000000000 ) ) ;
#2691 = ORIENTED_EDGE ( 'NONE', *, *, #2179, .T. ) ;
#2692 = EDGE_CURVE ( 'NONE', #1375, #1766, #2624, .T. ) ;
#2693 = CARTESIAN_POINT ( 'NONE',  ( -27.46433655495782844, -19.75562754350946193, -1.000000000000000000 ) ) ;
#2694 = DIRECTION ( 'NONE',  ( -0.000000000000000000, 1.000000000000000000, -0.000000000000000000 ) ) ;
#2695 = DIRECTION ( 'NONE',  ( -1.000000000000000000, -0.000000000000000000, 0.000000000000000000 ) ) ;
#2696 = DIRECTION ( 'NONE',  ( 1.000000000000000000, 0.000000000000000000, 0.000000000000000000 ) ) ;
#2697 = ADVANCED_FACE ( 'NONE', ( #5646 ), #4370, .F. ) ;
#2698 = ORIENTED_EDGE ( 'NONE', *, *, #997, .F. ) ;
#2699 = EDGE_LOOP ( 'NONE', ( #5087, #1995, #671, #5477 ) ) ;
#2700 = CARTESIAN_POINT ( 'NONE',  ( 16.99999999999999289, 19.89999999999999858, 4.200000000000000178 ) ) ;
#2701 = VERTEX_POINT ( 'NONE', #2201 ) ;
#2702 = DIRECTION ( 'NONE',  ( 1.000000000000000000, 0.000000000000000000, 0.000000000000000000 ) ) ;
#2703 = EDGE_CURVE ( 'NONE', #5369, #1981, #2168, .T. ) ;
#2704 = CARTESIAN_POINT ( 'NONE',  ( -33.17042946784389557, 20.24437245649053452, -1.000000000000000000 ) ) ;
#2705 = DIRECTION ( 'NONE',  ( -1.000000000000000000, -0.000000000000000000, -0.000000000000000000 ) ) ;
#2706 = CARTESIAN_POINT ( 'NONE',  ( 15.94999999999999574, 18.01159792783948888, 4.200000000000000178 ) ) ;
#2707 = DIRECTION ( 'NONE',  ( -1.000000000000000000, 0.000000000000000000, -0.000000000000000000 ) ) ;
#2708 = EDGE_LOOP ( 'NONE', ( #5549, #1778, #3220, #229 ) ) ;
#2709 = LINE ( 'NONE', #2196, #1715 ) ;
#2710 = ORIENTED_EDGE ( 'NONE', *, *, #2692, .F. ) ;
#2711 = FACE_OUTER_BOUND ( 'NONE', #1544, .T. ) ;
#2712 = EDGE_CURVE ( 'NONE', #1524, #3569, #1243, .T. ) ;
#2713 = ORIENTED_EDGE ( 'NONE', *, *, #5550, .T. ) ;
#2714 = DIRECTION ( 'NONE',  ( -9.770476330584008399E-17, -1.000000000000000000, 0.000000000000000000 ) ) ;
#2715 = VERTEX_POINT ( 'NONE', #2568 ) ;
#2716 = FACE_OUTER_BOUND ( 'NONE', #5015, .T. ) ;
#2717 = LINE ( 'NONE', #5363, #5712 ) ;
#2718 = PLANE ( 'NONE',  #4697 ) ;
#2719 = EDGE_CURVE ( 'NONE', #4833, #4076, #2141, .T. ) ;
#2720 = VECTOR ( 'NONE', #839, 1000.000000000000000 ) ;
#2721 = CARTESIAN_POINT ( 'NONE',  ( -22.31242534221949469, -20.15562754350945696, 0.000000000000000000 ) ) ;
#2722 = VERTEX_POINT ( 'NONE', #4944 ) ;
#2723 = AXIS2_PLACEMENT_3D ( 'NONE', #974, #539, #3160 ) ;
#2724 = EDGE_LOOP ( 'NONE', ( #2609, #2387, #5612, #2532 ) ) ;
#2725 = EDGE_CURVE ( 'NONE', #3939, #362, #5001, .T. ) ;
#2726 = CIRCLE ( 'NONE', #3652, 0.1000000000000028644 ) ;
#2727 = ORIENTED_EDGE ( 'NONE', *, *, #5634, .F. ) ;
#2728 = CARTESIAN_POINT ( 'NONE',  ( -41.96242534221950393, 13.24437245649053452, 1.750000000000000666 ) ) ;
#2729 = CARTESIAN_POINT ( 'NONE',  ( -55.71242534221949683, 17.24437245649053452, 0.000000000000000000 ) ) ;
#2730 = DIRECTION ( 'NONE',  ( 1.000000000000000000, 0.000000000000000000, 0.000000000000000000 ) ) ;
#2731 = DIRECTION ( 'NONE',  ( 0.000000000000000000, -0.000000000000000000, -1.000000000000000000 ) ) ;
#2732 = LINE ( 'NONE', #2310, #3366 ) ;
#2733 = EDGE_CURVE ( 'NONE', #130, #1584, #3665, .T. ) ;
#2734 = CIRCLE ( 'NONE', #4034, 1.000000000000000888 ) ;
#2735 = DIRECTION ( 'NONE',  ( 1.000000000000000000, -0.000000000000000000, 0.000000000000000000 ) ) ;
#2736 = ORIENTED_EDGE ( 'NONE', *, *, #2908, .F. ) ;
#2737 = CARTESIAN_POINT ( 'NONE',  ( -62.76002644001162167, -0.4187555042145468809, -2.150000000000001243 ) ) ;
#2738 = DIRECTION ( 'NONE',  ( 0.000000000000000000, 0.000000000000000000, 1.000000000000000000 ) ) ;
#2739 = VECTOR ( 'NONE', #1856, 1000.000000000000000 ) ;
#2740 = EDGE_LOOP ( 'NONE', ( #2597, #3957, #2227, #2182 ) ) ;
#2741 = DIRECTION ( 'NONE',  ( 1.000000000000000000, -0.000000000000000000, -0.000000000000000000 ) ) ;
#2742 = CARTESIAN_POINT ( 'NONE',  ( -22.31242534221949825, -20.75562754350946193, 0.000000000000000000 ) ) ;
#2743 = CIRCLE ( 'NONE', #4222, 1.600000000000000755 ) ;
#2744 = DIRECTION ( 'NONE',  ( 0.000000000000000000, -1.000000000000000000, 0.000000000000000000 ) ) ;
#2745 = CARTESIAN_POINT ( 'NONE',  ( -16.99999999999999289, -19.89999999999999858, 4.200000000000000178 ) ) ;
#2746 = DIRECTION ( 'NONE',  ( 0.000000000000000000, 1.000000000000000000, -0.000000000000000000 ) ) ;
#2747 = LINE ( 'NONE', #4495, #5462 ) ;
#2748 = VERTEX_POINT ( 'NONE', #2340 ) ;
#2749 = ADVANCED_FACE ( 'NONE', ( #59 ), #5324, .F. ) ;
#2750 = VECTOR ( 'NONE', #1708, 1000.000000000000000 ) ;
#2751 = VERTEX_POINT ( 'NONE', #1360 ) ;
#2752 = DIRECTION ( 'NONE',  ( 0.000000000000000000, 0.000000000000000000, 1.000000000000000000 ) ) ;
#2753 = ORIENTED_EDGE ( 'NONE', *, *, #703, .T. ) ;
#2754 = CARTESIAN_POINT ( 'NONE',  ( -34.11242534221950251, 13.24437245649053452, -0.4000000000000002998 ) ) ;
#2755 = EDGE_CURVE ( 'NONE', #362, #3100, #4105, .T. ) ;
#2756 = PLANE ( 'NONE',  #2419 ) ;
#2757 = CARTESIAN_POINT ( 'NONE',  ( -21.71242534221950393, 21.24437245649053452, 2.200000000000000178 ) ) ;
#2758 = DIRECTION ( 'NONE',  ( -0.000000000000000000, -0.000000000000000000, 1.000000000000000000 ) ) ;
#2759 = ORIENTED_EDGE ( 'NONE', *, *, #2081, .T. ) ;
#2760 = LINE ( 'NONE', #4538, #598 ) ;
#2761 = ADVANCED_FACE ( 'NONE', ( #1820 ), #1414, .T. ) ;
#2762 = CARTESIAN_POINT ( 'NONE',  ( -47.24545865296283154, 20.24437245649053807, 1.200000000000000178 ) ) ;
#2763 = VECTOR ( 'NONE', #5414, 1000.000000000000000 ) ;
#2764 = CIRCLE ( 'NONE', #2229, 1.500000000000000000 ) ;
#2765 = ORIENTED_EDGE ( 'NONE', *, *, #890, .F. ) ;
#2766 = CARTESIAN_POINT ( 'NONE',  ( 15.55239533417512909, -21.50000000000000000, 2.579999999999999627 ) ) ;
#2767 = VERTEX_POINT ( 'NONE', #143 ) ;
#2768 = EDGE_CURVE ( 'NONE', #5398, #1229, #1905, .T. ) ;
#2769 = AXIS2_PLACEMENT_3D ( 'NONE', #4309, #4682, #3401 ) ;
#2770 = DIRECTION ( 'NONE',  ( 0.000000000000000000, -0.000000000000000000, 1.000000000000000000 ) ) ;
#2771 = VECTOR ( 'NONE', #3378, 1000.000000000000000 ) ;
#2772 = LINE ( 'NONE', #123, #532 ) ;
#2773 = CARTESIAN_POINT ( 'NONE',  ( -0.000000000000000000, -20.75562754350946193, 0.000000000000000000 ) ) ;
#2774 = CARTESIAN_POINT ( 'NONE',  ( -62.76002644001162167, -1.468755504214548147, -1.000000000000000000 ) ) ;
#2775 = ORIENTED_EDGE ( 'NONE', *, *, #783, .F. ) ;
#2776 = DIRECTION ( 'NONE',  ( -0.000000000000000000, 0.000000000000000000, 1.000000000000000000 ) ) ;
#2777 = ADVANCED_FACE ( 'NONE', ( #4894 ), #1470, .T. ) ;
#2778 = ORIENTED_EDGE ( 'NONE', *, *, #3085, .F. ) ;
#2779 = CARTESIAN_POINT ( 'NONE',  ( -26.71242534221950393, -11.75562754350946371, -0.1999999999999998723 ) ) ;
#2780 = CARTESIAN_POINT ( 'NONE',  ( -55.71242534221949683, 5.644372456490533096, 0.000000000000000000 ) ) ;
#2781 = LINE ( 'NONE', #109, #2634 ) ;
#2782 = CARTESIAN_POINT ( 'NONE',  ( -62.26002644001162167, 1.881244495785453053, -2.150000000000000799 ) ) ;
#2783 = EDGE_CURVE ( 'NONE', #5183, #2170, #2315, .T. ) ;
#2784 = ORIENTED_EDGE ( 'NONE', *, *, #2725, .T. ) ;
#2785 = CARTESIAN_POINT ( 'NONE',  ( 15.94999999999999574, 18.01159792783948888, 5.200000000000001066 ) ) ;
#2786 = PLANE ( 'NONE',  #763 ) ;
#2787 = CARTESIAN_POINT ( 'NONE',  ( 0.000000000000000000, 20.24437245649053452, 0.000000000000000000 ) ) ;
#2788 = EDGE_CURVE ( 'NONE', #1490, #5107, #2289, .T. ) ;
#2789 = ORIENTED_EDGE ( 'NONE', *, *, #4701, .F. ) ;
#2790 = DIRECTION ( 'NONE',  ( -0.000000000000000000, -0.000000000000000000, 1.000000000000000000 ) ) ;
#2791 = DIRECTION ( 'NONE',  ( 0.000000000000000000, 0.000000000000000000, 1.000000000000000000 ) ) ;
#2792 = VECTOR ( 'NONE', #1946, 1000.000000000000000 ) ;
#2793 = CARTESIAN_POINT ( 'NONE',  ( -15.95000000000000284, 17.66412788751637564, 4.200000000000000178 ) ) ;
#2794 = CARTESIAN_POINT ( 'NONE',  ( 16.40000000000000213, -19.89999999999998792, 0.000000000000000000 ) ) ;
#2795 = DIRECTION ( 'NONE',  ( 1.000000000000000000, 0.000000000000000000, 0.000000000000000000 ) ) ;
#2796 = ADVANCED_FACE ( 'NONE', ( #3224 ), #5355, .F. ) ;
#2797 = VECTOR ( 'NONE', #5390, 1000.000000000000000 ) ;
#2798 = FACE_OUTER_BOUND ( 'NONE', #1850, .T. ) ;
#2799 = AXIS2_PLACEMENT_3D ( 'NONE', #2394, #5387, #4566 ) ;
#2800 = VERTEX_POINT ( 'NONE', #4975 ) ;
#2801 = LINE ( 'NONE', #3704, #1903 ) ;
#2802 = CARTESIAN_POINT ( 'NONE',  ( -15.39591531186711926, 18.60000000000000142, 5.200000000000001066 ) ) ;
#2803 = ORIENTED_EDGE ( 'NONE', *, *, #862, .T. ) ;
#2804 = VECTOR ( 'NONE', #2892, 1000.000000000000000 ) ;
#2805 = CIRCLE ( 'NONE', #2630, 0.5999999999999998668 ) ;
#2806 = CARTESIAN_POINT ( 'NONE',  ( 0.000000000000000000, 0.000000000000000000, -1.199999999999999734 ) ) ;
#2807 = ADVANCED_FACE ( 'NONE', ( #4919 ), #1848, .F. ) ;
#2808 = PLANE ( 'NONE',  #795 ) ;
#2809 = CARTESIAN_POINT ( 'NONE',  ( 17.99999999999999645, 19.89999999999999858, 4.699999999999999289 ) ) ;
#2810 = ORIENTED_EDGE ( 'NONE', *, *, #4967, .T. ) ;
#2811 = PLANE ( 'NONE',  #5492 ) ;
#2812 = EDGE_CURVE ( 'NONE', #1540, #4243, #5525, .T. ) ;
#2813 = AXIS2_PLACEMENT_3D ( 'NONE', #19, #131, #4444 ) ;
#2814 = DIRECTION ( 'NONE',  ( -1.000000000000000000, 0.000000000000000000, 0.000000000000000000 ) ) ;
#2815 = CARTESIAN_POINT ( 'NONE',  ( -55.11242534221950251, -20.25562754350946193, 0.7000000000000000666 ) ) ;
#2816 = CIRCLE ( 'NONE', #5304, 0.6000000000000033085 ) ;
#2817 = ORIENTED_EDGE ( 'NONE', *, *, #4999, .F. ) ;
#2818 = LINE ( 'NONE', #1983, #2228 ) ;
#2819 = ORIENTED_EDGE ( 'NONE', *, *, #1480, .T. ) ;
#2820 = AXIS2_PLACEMENT_3D ( 'NONE', #5452, #5039, #2856 ) ;
#2821 = EDGE_CURVE ( 'NONE', #4726, #165, #4080, .T. ) ;
#2822 = CARTESIAN_POINT ( 'NONE',  ( -53.33195776004129840, 19.24437245649053096, -1.000000000000000000 ) ) ;
#2823 = CARTESIAN_POINT ( 'NONE',  ( -53.33195776004129840, 20.24437245649053807, -1.000000000000000000 ) ) ;
#2824 = FACE_OUTER_BOUND ( 'NONE', #4373, .T. ) ;
#2825 = VECTOR ( 'NONE', #1295, 1000.000000000000000 ) ;
#2826 = CYLINDRICAL_SURFACE ( 'NONE', #1855, 0.5999999999999998668 ) ;
#2827 = CARTESIAN_POINT ( 'NONE',  ( 0.000000000000000000, 9.031244495785450965, 0.000000000000000000 ) ) ;
#2828 = ORIENTED_EDGE ( 'NONE', *, *, #3236, .T. ) ;
#2829 = DIRECTION ( 'NONE',  ( -1.000000000000000000, 0.000000000000000000, 0.000000000000000000 ) ) ;
#2830 = CARTESIAN_POINT ( 'NONE',  ( -14.19999999999999396, -16.99999999999999645, 6.200000000000000178 ) ) ;
#2831 = ORIENTED_EDGE ( 'NONE', *, *, #3729, .T. ) ;
#2832 = VECTOR ( 'NONE', #5383, 1000.000000000000000 ) ;
#2833 = CARTESIAN_POINT ( 'NONE',  ( 4.600000000000000533, -19.49999999999999645, 0.4000000000000006328 ) ) ;
#2834 = DIRECTION ( 'NONE',  ( 0.000000000000000000, 1.000000000000000000, 0.000000000000000000 ) ) ;
#2835 = DIRECTION ( 'NONE',  ( 0.000000000000000000, -1.000000000000000000, -4.904724113624901921E-17 ) ) ;
#2836 = AXIS2_PLACEMENT_3D ( 'NONE', #2297, #5009, #557 ) ;
#2837 = ORIENTED_EDGE ( 'NONE', *, *, #4537, .F. ) ;
#2838 = DIRECTION ( 'NONE',  ( -1.000000000000000000, 0.000000000000000000, -0.000000000000000000 ) ) ;
#2839 = DIRECTION ( 'NONE',  ( -0.000000000000000000, 1.000000000000000000, -0.000000000000000000 ) ) ;
#2840 = CARTESIAN_POINT ( 'NONE',  ( -22.31242534221949825, 19.64437245649053310, 0.000000000000000000 ) ) ;
#2841 = EDGE_CURVE ( 'NONE', #223, #5398, #1440, .T. ) ;
#2842 = ORIENTED_EDGE ( 'NONE', *, *, #1296, .F. ) ;
#2843 = CARTESIAN_POINT ( 'NONE',  ( -55.11242534221950251, -20.75562754350946193, 0.000000000000000000 ) ) ;
#2844 = ORIENTED_EDGE ( 'NONE', *, *, #2936, .F. ) ;
#2845 = CARTESIAN_POINT ( 'NONE',  ( -55.11242534221950251, 20.24437245649053452, 1.200000000000000178 ) ) ;
#2846 = DIRECTION ( 'NONE',  ( 0.000000000000000000, 0.000000000000000000, -1.000000000000000000 ) ) ;
#2847 = LINE ( 'NONE', #3310, #4598 ) ;
#2848 = EDGE_CURVE ( 'NONE', #846, #1509, #3611, .T. ) ;
#2849 = DIRECTION ( 'NONE',  ( -1.000000000000000000, 0.000000000000000000, 0.000000000000000000 ) ) ;
#2850 = VECTOR ( 'NONE', #1585, 1000.000000000000000 ) ;
#2851 = CIRCLE ( 'NONE', #100, 1.350000000000004086 ) ;
#2852 = DIRECTION ( 'NONE',  ( 0.000000000000000000, 0.000000000000000000, -1.000000000000000000 ) ) ;
#2853 = VERTEX_POINT ( 'NONE', #2258 ) ;
#2854 = CARTESIAN_POINT ( 'NONE',  ( -55.71242534221949683, 4.444372456490531142, -1.000000000000000000 ) ) ;
#2855 = ADVANCED_FACE ( 'NONE', ( #2711 ), #89, .F. ) ;
#2856 = DIRECTION ( 'NONE',  ( 1.743440679373676303E-16, -1.000000000000000000, 0.000000000000000000 ) ) ;
#2857 = ORIENTED_EDGE ( 'NONE', *, *, #2478, .F. ) ;
#2858 = PLANE ( 'NONE',  #2349 ) ;
#2859 = FACE_OUTER_BOUND ( 'NONE', #4323, .T. ) ;
#2860 = ORIENTED_EDGE ( 'NONE', *, *, #3853, .F. ) ;
#2861 = CARTESIAN_POINT ( 'NONE',  ( 0.000000000000000000, 0.000000000000000000, -0.1999999999999998723 ) ) ;
#2862 = AXIS2_PLACEMENT_3D ( 'NONE', #376, #5149, #3491 ) ;
#2863 = LINE ( 'NONE', #2101, #4402 ) ;
#2864 = PLANE ( 'NONE',  #5188 ) ;
#2865 = DIRECTION ( 'NONE',  ( -0.000000000000000000, 0.000000000000000000, 1.000000000000000000 ) ) ;
#2866 = LINE ( 'NONE', #4273, #3523 ) ;
#2867 = EDGE_LOOP ( 'NONE', ( #3816, #1425, #2020, #5325, #481 ) ) ;
#2868 = PLANE ( 'NONE',  #3316 ) ;
#2869 = ORIENTED_EDGE ( 'NONE', *, *, #1982, .F. ) ;
#2870 = LINE ( 'NONE', #2939, #843 ) ;
#2871 = VECTOR ( 'NONE', #1625, 1000.000000000000000 ) ;
#2872 = DIRECTION ( 'NONE',  ( 1.000000000000000000, 0.000000000000000000, 0.000000000000000000 ) ) ;
#2873 = EDGE_CURVE ( 'NONE', #407, #3089, #2009, .T. ) ;
#2874 = DIRECTION ( 'NONE',  ( 0.000000000000000000, -1.000000000000000000, 0.000000000000000000 ) ) ;
#2875 = VERTEX_POINT ( 'NONE', #2040 ) ;
#2876 = ORIENTED_EDGE ( 'NONE', *, *, #5599, .F. ) ;
#2877 = DIRECTION ( 'NONE',  ( 0.7071067811865473507, 0.7071067811865477948, 0.000000000000000000 ) ) ;
#2878 = AXIS2_PLACEMENT_3D ( 'NONE', #3771, #2498, #2039 ) ;
#2879 = EDGE_CURVE ( 'NONE', #5601, #4427, #716, .T. ) ;
#2880 = CARTESIAN_POINT ( 'NONE',  ( -64.26002644001162878, 10.03124449578545274, -3.000000000000000000 ) ) ;
#2881 = ORIENTED_EDGE ( 'NONE', *, *, #1455, .T. ) ;
#2882 = CARTESIAN_POINT ( 'NONE',  ( -20.71242534221949683, -20.15562754350945696, 0.7000000000000000666 ) ) ;
#2883 = DIRECTION ( 'NONE',  ( 1.000000000000000000, -0.000000000000000000, 0.000000000000000000 ) ) ;
#2884 = ORIENTED_EDGE ( 'NONE', *, *, #5350, .F. ) ;
#2885 = CARTESIAN_POINT ( 'NONE',  ( -15.95000000000000284, 17.66412788751637564, 4.200000000000000178 ) ) ;
#2886 = ADVANCED_FACE ( 'NONE', ( #2413 ), #5543, .F. ) ;
#2887 = VECTOR ( 'NONE', #1232, 1000.000000000000000 ) ;
#2888 = CARTESIAN_POINT ( 'NONE',  ( 16.39999999999999147, 19.89999999999999858, 6.200000000000000178 ) ) ;
#2889 = PRODUCT_DEFINITION_CONTEXT ( 'detailed design', #3724, 'design' ) ;
#2890 = VECTOR ( 'NONE', #4329, 1000.000000000000000 ) ;
#2891 = ORIENTED_EDGE ( 'NONE', *, *, #3867, .T. ) ;
#2892 = DIRECTION ( 'NONE',  ( 1.000000000000000000, -0.000000000000000000, 0.000000000000000000 ) ) ;
#2893 = LINE ( 'NONE', #4205, #524 ) ;
#2894 = CARTESIAN_POINT ( 'NONE',  ( -62.26002644001162167, 7.981244495785452919, -0.8499999999999998668 ) ) ;
#2895 = EDGE_CURVE ( 'NONE', #3555, #2025, #2743, .T. ) ;
#2896 = EDGE_CURVE ( 'NONE', #4352, #1077, #1736, .T. ) ;
#2897 = CIRCLE ( 'NONE', #422, 1.200000000000000178 ) ;
#2898 = DIRECTION ( 'NONE',  ( 0.000000000000000000, 0.000000000000000000, -1.000000000000000000 ) ) ;
#2899 = VECTOR ( 'NONE', #1511, 1000.000000000000000 ) ;
#2900 = VERTEX_POINT ( 'NONE', #653 ) ;
#2901 = CARTESIAN_POINT ( 'NONE',  ( -21.71242534221950393, -16.19705362128172510, -1.000000000000000000 ) ) ;
#2902 = ORIENTED_EDGE ( 'NONE', *, *, #479, .T. ) ;
#2903 = FACE_OUTER_BOUND ( 'NONE', #5563, .T. ) ;
#2904 = CIRCLE ( 'NONE', #697, 0.3999999999999975797 ) ;
#2905 = VERTEX_POINT ( 'NONE', #1954 ) ;
#2906 = VECTOR ( 'NONE', #3351, 1000.000000000000000 ) ;
#2908 = EDGE_CURVE ( 'NONE', #4470, #5183, #244, .T. ) ;
#2907 = CARTESIAN_POINT ( 'NONE',  ( -28.76858636361750143, 19.24437245649053452, 1.200000000000000178 ) ) ;
#2909 = CARTESIAN_POINT ( 'NONE',  ( -54.71242534221950393, 4.444372456490531142, 1.200000000000000178 ) ) ;
#2910 = DIRECTION ( 'NONE',  ( -1.000000000000000000, 0.000000000000000000, 0.000000000000000000 ) ) ;
#2911 = ORIENTED_EDGE ( 'NONE', *, *, #4817, .F. ) ;
#2912 = AXIS2_PLACEMENT_3D ( 'NONE', #327, #5159, #3913 ) ;
#2913 = ORIENTED_EDGE ( 'NONE', *, *, #4824, .T. ) ;
#2914 = ORIENTED_EDGE ( 'NONE', *, *, #3155, .T. ) ;
#2915 = FACE_OUTER_BOUND ( 'NONE', #20, .T. ) ;
#2916 = DIRECTION ( 'NONE',  ( 1.000000000000000000, 0.000000000000000000, 0.000000000000000000 ) ) ;
#2917 = ORIENTED_EDGE ( 'NONE', *, *, #4990, .F. ) ;
#2918 = TOROIDAL_SURFACE ( 'NONE', #3664, 0.1000000000000000472, 1.500000000000000000 ) ;
#2919 = CARTESIAN_POINT ( 'NONE',  ( 17.00000000000000000, -19.89999999999999147, 0.000000000000000000 ) ) ;
#2920 = CARTESIAN_POINT ( 'NONE',  ( 18.00000000000000355, -19.05239533417509534, 2.579999999999999627 ) ) ;
#2921 = EDGE_CURVE ( 'NONE', #4661, #169, #2468, .T. ) ;
#2922 = ORIENTED_EDGE ( 'NONE', *, *, #731, .T. ) ;
#2923 = AXIS2_PLACEMENT_3D ( 'NONE', #5488, #1520, #3276 ) ;
#2924 = LINE ( 'NONE', #798, #1051 ) ;
#2925 = EDGE_LOOP ( 'NONE', ( #1022, #1276, #970, #4108 ) ) ;
#2926 = DIRECTION ( 'NONE',  ( 1.000000000000000000, 0.000000000000000000, 0.000000000000000000 ) ) ;
#2927 = ORIENTED_EDGE ( 'NONE', *, *, #4277, .F. ) ;
#2928 = EDGE_CURVE ( 'NONE', #1709, #4616, #191, .T. ) ;
#2929 = CARTESIAN_POINT ( 'NONE',  ( -62.26002644001162167, -2.668755504214548324, -1.000000000000000222 ) ) ;
#2930 = DIRECTION ( 'NONE',  ( 1.000000000000000000, 0.000000000000000000, 0.000000000000000000 ) ) ;
#2931 = DIRECTION ( 'NONE',  ( -0.000000000000000000, 0.000000000000000000, -1.000000000000000000 ) ) ;
#2932 = AXIS2_PLACEMENT_3D ( 'NONE', #1773, #1313, #3097 ) ;
#2933 = LINE ( 'NONE', #3689, #4046 ) ;
#2934 = LINE ( 'NONE', #808, #3419 ) ;
#2935 = VERTEX_POINT ( 'NONE', #5516 ) ;
#2936 = EDGE_CURVE ( 'NONE', #90, #2489, #1086, .T. ) ;
#2937 = CARTESIAN_POINT ( 'NONE',  ( 0.000000000000000000, -19.99999999999999645, 4.699999999999999289 ) ) ;
#2938 = EDGE_LOOP ( 'NONE', ( #4579, #2884, #858, #3590 ) ) ;
#2939 = CARTESIAN_POINT ( 'NONE',  ( -62.76002644001162167, -2.468755504214548147, -3.000000000000000000 ) ) ;
#2940 = DIRECTION ( 'NONE',  ( -0.000000000000000000, -0.000000000000000000, -1.000000000000000000 ) ) ;
#2941 = CARTESIAN_POINT ( 'NONE',  ( 16.40000000000000568, -19.99999999999999645, 6.200000000000000178 ) ) ;
#2942 = ORIENTED_EDGE ( 'NONE', *, *, #967, .T. ) ;
#2943 = VERTEX_POINT ( 'NONE', #1550 ) ;
#2944 = ORIENTED_EDGE ( 'NONE', *, *, #3648, .F. ) ;
#2945 = DIRECTION ( 'NONE',  ( 0.000000000000000000, 1.000000000000000000, 0.000000000000000000 ) ) ;
#2946 = CARTESIAN_POINT ( 'NONE',  ( -3.250000000000001332, -20.49999999999999645, 1.750000000000001776 ) ) ;
#2947 = PLANE ( 'NONE',  #4060 ) ;
#2948 = EDGE_LOOP ( 'NONE', ( #4525, #3322, #300, #771 ) ) ;
#2949 = LINE ( 'NONE', #3473, #705 ) ;
#2950 = VECTOR ( 'NONE', #1795, 1000.000000000000000 ) ;
#2951 = ORIENTED_EDGE ( 'NONE', *, *, #4012, .F. ) ;
#2952 = CARTESIAN_POINT ( 'NONE',  ( 17.99999999999999645, 21.50000000000000000, 6.200000000000000178 ) ) ;
#2953 = EDGE_CURVE ( 'NONE', #3901, #2767, #682, .T. ) ;
#2954 = ORIENTED_EDGE ( 'NONE', *, *, #1486, .T. ) ;
#2955 =( BOUNDED_CURVE ( )  B_SPLINE_CURVE ( 3, ( #2920, #4694, #2027, #4629 ),
 .UNSPECIFIED., .F., .T. ) 
 B_SPLINE_CURVE_WITH_KNOTS ( ( 4, 4 ),
 ( 0.000000000000000000, 3.141592653589793116 ),
 .UNSPECIFIED. ) 
 CURVE ( )  GEOMETRIC_REPRESENTATION_ITEM ( )  RATIONAL_B_SPLINE_CURVE ( ( 1.000000000000000000, 0.3333333333333333703, 0.3333333333333333703, 1.000000000000000000 ) ) 
 REPRESENTATION_ITEM ( '' )  );
#2956 = VERTEX_POINT ( 'NONE', #306 ) ;
#2957 = CARTESIAN_POINT ( 'NONE',  ( -62.26002644001162167, 1.881244495785452386, -0.8500000000000009770 ) ) ;
#2958 = DIRECTION ( 'NONE',  ( -0.000000000000000000, 0.000000000000000000, 1.000000000000000000 ) ) ;
#2959 = FACE_OUTER_BOUND ( 'NONE', #1402, .T. ) ;
#2960 = ADVANCED_FACE ( 'NONE', ( #3331 ), #3203, .T. ) ;
#2961 = CARTESIAN_POINT ( 'NONE',  ( 0.000000000000000000, 0.000000000000000000, -1.000000000000000000 ) ) ;
#2962 = VECTOR ( 'NONE', #247, 1000.000000000000000 ) ;
#2963 = CARTESIAN_POINT ( 'NONE',  ( -47.24545865296283154, 20.24437245649053452, 2.200000000000000178 ) ) ;
#2964 = ORIENTED_EDGE ( 'NONE', *, *, #3236, .F. ) ;
#2965 = CARTESIAN_POINT ( 'NONE',  ( -55.11242534221950251, 20.24437245649053452, 0.000000000000000000 ) ) ;
#2966 = ORIENTED_EDGE ( 'NONE', *, *, #817, .T. ) ;
#2967 = DIRECTION ( 'NONE',  ( -1.000000000000000000, 0.000000000000000000, 0.000000000000000000 ) ) ;
#2968 = CARTESIAN_POINT ( 'NONE',  ( -64.26002644001162878, -2.468755504214548147, -2.000000000000000000 ) ) ;
#2969 = EDGE_CURVE ( 'NONE', #8, #5065, #1578, .T. ) ;
#2970 = DIRECTION ( 'NONE',  ( 0.000000000000000000, -1.000000000000000000, 1.885568995626964287E-16 ) ) ;
#2971 = VERTEX_POINT ( 'NONE', #629 ) ;
#2972 = ORIENTED_EDGE ( 'NONE', *, *, #3617, .T. ) ;
#2973 = ORIENTED_EDGE ( 'NONE', *, *, #1255, .T. ) ;
#2974 = CARTESIAN_POINT ( 'NONE',  ( -34.37499718367292445, 13.24437245649053452, 1.200000000000000178 ) ) ;
#2975 = CARTESIAN_POINT ( 'NONE',  ( -55.71242534221949683, 17.24437245649053452, 1.000000000000000000 ) ) ;
#2976 = CARTESIAN_POINT ( 'NONE',  ( -21.71242534221950393, -19.24221205310341176, -1.000000000000000000 ) ) ;
#2977 = VECTOR ( 'NONE', #2705, 1000.000000000000000 ) ;
#2978 = LINE ( 'NONE', #5655, #1819 ) ;
#2979 = ORIENTED_EDGE ( 'NONE', *, *, #3579, .F. ) ;
#2980 = LINE ( 'NONE', #5128, #5110 ) ;
#2981 = ORIENTED_EDGE ( 'NONE', *, *, #2241, .T. ) ;
#2982 = DIRECTION ( 'NONE',  ( 0.000000000000000000, 1.000000000000000000, 0.000000000000000000 ) ) ;
#2983 = ORIENTED_EDGE ( 'NONE', *, *, #4985, .F. ) ;
#2984 = LINE ( 'NONE', #2524, #5589 ) ;
#2985 = ADVANCED_FACE ( 'NONE', ( #245 ), #1176, .F. ) ;
#2986 = CARTESIAN_POINT ( 'NONE',  ( -62.76002644001162167, 1.881244495785453053, -2.150000000000000799 ) ) ;
#2987 = CARTESIAN_POINT ( 'NONE',  ( -16.99999999999999645, -6.899999999999997691, 2.000000000000000000 ) ) ;
#2988 = DIRECTION ( 'NONE',  ( 0.000000000000000000, 0.000000000000000000, 1.000000000000000000 ) ) ;
#2989 = DIRECTION ( 'NONE',  ( 0.000000000000000000, 0.000000000000000000, 1.000000000000000000 ) ) ;
#2990 = EDGE_LOOP ( 'NONE', ( #4091, #250, #416, #2599, #4680 ) ) ;
#2991 = FACE_OUTER_BOUND ( 'NONE', #1505, .T. ) ;
#2992 = ORIENTED_EDGE ( 'NONE', *, *, #2224, .F. ) ;
#2993 = EDGE_CURVE ( 'NONE', #3032, #809, #2933, .T. ) ;
#2994 = AXIS2_PLACEMENT_3D ( 'NONE', #4357, #2156, #3511 ) ;
#2995 = LINE ( 'NONE', #1615, #4535 ) ;
#2996 = LINE ( 'NONE', #4279, #4994 ) ;
#2997 = AXIS2_PLACEMENT_3D ( 'NONE', #4167, #5036, #1408 ) ;
#2998 = CARTESIAN_POINT ( 'NONE',  ( -56.71242534221949683, -20.15562754350945696, 2.200000000000000178 ) ) ;
#2999 = ORIENTED_EDGE ( 'NONE', *, *, #4312, .T. ) ;
#3000 = ORIENTED_EDGE ( 'NONE', *, *, #2684, .F. ) ;
#3001 = ORIENTED_EDGE ( 'NONE', *, *, #2692, .T. ) ;
#3002 = CARTESIAN_POINT ( 'NONE',  ( -21.71242534221950393, -19.24221205310341176, -1.000000000000000000 ) ) ;
#3003 = ADVANCED_FACE ( 'NONE', ( #1495 ), #3249, .T. ) ;
#3004 = LINE ( 'NONE', #183, #2792 ) ;
#3005 = VECTOR ( 'NONE', #4360, 1000.000000000000000 ) ;
#3006 = AXIS2_PLACEMENT_3D ( 'NONE', #4700, #3977, #5370 ) ;
#3007 = DIRECTION ( 'NONE',  ( -1.000000000000000000, 0.000000000000000000, 0.000000000000000000 ) ) ;
#3008 = DIRECTION ( 'NONE',  ( -1.000000000000000000, -0.000000000000000000, -0.000000000000000000 ) ) ;
#3009 = EDGE_CURVE ( 'NONE', #1711, #5195, #4687, .T. ) ;
#3010 = VERTEX_POINT ( 'NONE', #339 ) ;
#3011 = VECTOR ( 'NONE', #741, 1000.000000000000000 ) ;
#3012 = ORIENTED_EDGE ( 'NONE', *, *, #2023, .T. ) ;
#3013 = SURFACE_STYLE_USAGE ( .BOTH. , #4266 ) ;
#3014 = VECTOR ( 'NONE', #67, 1000.000000000000000 ) ;
#3015 = ORIENTED_EDGE ( 'NONE', *, *, #291, .T. ) ;
#3016 = CIRCLE ( 'NONE', #2294, 0.6319646214001384266 ) ;
#3017 = FACE_OUTER_BOUND ( 'NONE', #986, .T. ) ;
#3018 = ADVANCED_FACE ( 'NONE', ( #4825 ), #5200, .F. ) ;
#3019 = PLANE ( 'NONE',  #2167 ) ;
#3020 = CARTESIAN_POINT ( 'NONE',  ( -52.95155156584890221, -12.75562754350946193, -1.199999999999999734 ) ) ;
#3021 = PLANE ( 'NONE',  #4511 ) ;
#3022 = DIRECTION ( 'NONE',  ( -1.000000000000000000, 0.000000000000000000, 0.000000000000000000 ) ) ;
#3023 = ORIENTED_EDGE ( 'NONE', *, *, #2478, .T. ) ;
#3024 = CYLINDRICAL_SURFACE ( 'NONE', #1518, 1.500000000000000000 ) ;
#3025 = EDGE_LOOP ( 'NONE', ( #1180, #938, #5115, #4223 ) ) ;
#3026 = AXIS2_PLACEMENT_3D ( 'NONE', #4515, #118, #3143 ) ;
#3027 = DIRECTION ( 'NONE',  ( -1.000000000000000000, -0.000000000000000000, -0.000000000000000000 ) ) ;
#3028 = FACE_OUTER_BOUND ( 'NONE', #2477, .T. ) ;
#3029 = CARTESIAN_POINT ( 'NONE',  ( -13.69999999999999751, 10.90000000000000036, 5.699999999999999289 ) ) ;
#3030 = EDGE_CURVE ( 'NONE', #36, #1121, #3895, .T. ) ;
#3031 = EDGE_LOOP ( 'NONE', ( #3200, #2427, #4564, #3702, #5254, #566 ) ) ;
#3032 = VERTEX_POINT ( 'NONE', #4855 ) ;
#3033 = AXIS2_PLACEMENT_3D ( 'NONE', #1017, #1830, #1422 ) ;
#3034 = EDGE_LOOP ( 'NONE', ( #3001, #4979, #5598, #225 ) ) ;
#3035 = CARTESIAN_POINT ( 'NONE',  ( 16.39999999999999503, 20.49999999999999645, 0.000000000000000000 ) ) ;
#3036 = ORIENTED_EDGE ( 'NONE', *, *, #3495, .F. ) ;
#3037 = CARTESIAN_POINT ( 'NONE',  ( -62.76002644001162167, 7.981244495785452919, -2.150000000000000355 ) ) ;
#3038 = DIRECTION ( 'NONE',  ( 0.000000000000000000, -0.000000000000000000, 1.000000000000000000 ) ) ;
#3039 = EDGE_CURVE ( 'NONE', #1298, #1654, #1700, .T. ) ;
#3040 = FACE_OUTER_BOUND ( 'NONE', #5372, .T. ) ;
#3041 = EDGE_LOOP ( 'NONE', ( #3518, #903, #3550, #495, #4895, #4502, #5708, #5219 ) ) ;
#3042 = ORIENTED_EDGE ( 'NONE', *, *, #709, .T. ) ;
#3043 = EDGE_CURVE ( 'NONE', #525, #4316, #1175, .T. ) ;
#3044 = CYLINDRICAL_SURFACE ( 'NONE', #3006, 0.4499999999999981792 ) ;
#3045 = AXIS2_PLACEMENT_3D ( 'NONE', #3436, #1741, #2173 ) ;
#3046 = ORIENTED_EDGE ( 'NONE', *, *, #4001, .T. ) ;
#3047 = LINE ( 'NONE', #5721, #3181 ) ;
#3048 = VECTOR ( 'NONE', #3902, 1000.000000000000000 ) ;
#3049 = DIRECTION ( 'NONE',  ( -0.7071067811865439090, -0.7071067811865512365, 0.000000000000000000 ) ) ;
#3050 = AXIS2_PLACEMENT_3D ( 'NONE', #2423, #3756, #1123 ) ;
#3051 = DIRECTION ( 'NONE',  ( 0.000000000000000000, 0.000000000000000000, 1.000000000000000000 ) ) ;
#3052 = ADVANCED_FACE ( 'NONE', ( #899 ), #3021, .T. ) ;
#3053 = LINE ( 'NONE', #430, #344 ) ;
#3054 = FACE_OUTER_BOUND ( 'NONE', #4175, .T. ) ;
#3055 = VERTEX_POINT ( 'NONE', #4334 ) ;
#3056 = DIRECTION ( 'NONE',  ( 0.000000000000000000, -1.668003342285391304E-16, 1.000000000000000000 ) ) ;
#3057 = EDGE_LOOP ( 'NONE', ( #3800, #1333, #259, #5263 ) ) ;
#3058 = PLANE ( 'NONE',  #3621 ) ;
#3059 = DIRECTION ( 'NONE',  ( -1.000000000000000000, 0.000000000000000000, 0.000000000000000000 ) ) ;
#3060 = VERTEX_POINT ( 'NONE', #3869 ) ;
#3061 = EDGE_LOOP ( 'NONE', ( #2828, #3525, #3614, #1278 ) ) ;
#3062 = ORIENTED_EDGE ( 'NONE', *, *, #3789, .T. ) ;
#3063 = CARTESIAN_POINT ( 'NONE',  ( 15.52494343947779853, -18.36294314626284319, 4.200000000000000178 ) ) ;
#3064 = VERTEX_POINT ( 'NONE', #3924 ) ;
#3065 = EDGE_CURVE ( 'NONE', #754, #2751, #836, .T. ) ;
#3066 = LINE ( 'NONE', #1798, #2612 ) ;
#3067 = DIRECTION ( 'NONE',  ( -1.000000000000000000, 0.000000000000000000, 0.000000000000000000 ) ) ;
#3068 = DIRECTION ( 'NONE',  ( 1.000000000000000000, 0.000000000000000000, 0.000000000000000000 ) ) ;
#3069 = EDGE_LOOP ( 'NONE', ( #3265, #4593, #2273, #3088, #4263 ) ) ;
#3070 = EDGE_CURVE ( 'NONE', #310, #4779, #3016, .T. ) ;
#3071 = EDGE_LOOP ( 'NONE', ( #2142, #5508, #5299, #1767 ) ) ;
#3072 = LINE ( 'NONE', #1861, #1627 ) ;
#3073 = ORIENTED_EDGE ( 'NONE', *, *, #3448, .F. ) ;
#3074 = CARTESIAN_POINT ( 'NONE',  ( -63.87272810539087686, 3.781244495785452298, 0.000000000000000000 ) ) ;
#3075 = AXIS2_PLACEMENT_3D ( 'NONE', #3881, #1687, #3437 ) ;
#3076 = EDGE_CURVE ( 'NONE', #2767, #2174, #534, .T. ) ;
#3077 = LINE ( 'NONE', #1697, #5408 ) ;
#3078 = DIRECTION ( 'NONE',  ( 0.000000000000000000, 0.000000000000000000, 1.000000000000000000 ) ) ;
#3079 = DIRECTION ( 'NONE',  ( -1.743440679373676056E-16, 1.000000000000000000, 0.000000000000000000 ) ) ;
#3080 = LINE ( 'NONE', #2071, #4963 ) ;
#3081 = VECTOR ( 'NONE', #3387, 1000.000000000000000 ) ;
#3082 = VERTEX_POINT ( 'NONE', #2160 ) ;
#3083 = CARTESIAN_POINT ( 'NONE',  ( 13.70000000000000462, -16.49999999999999645, 5.200000000000000178 ) ) ;
#3084 = ORIENTED_EDGE ( 'NONE', *, *, #2812, .T. ) ;
#3085 = EDGE_CURVE ( 'NONE', #3980, #2270, #1325, .T. ) ;
#3086 = EDGE_CURVE ( 'NONE', #3838, #2715, #3484, .T. ) ;
#3087 = CARTESIAN_POINT ( 'NONE',  ( -62.76002644001162167, -1.468755504214547258, 0.2000000000000000111 ) ) ;
#3088 = ORIENTED_EDGE ( 'NONE', *, *, #4353, .T. ) ;
#3089 = VERTEX_POINT ( 'NONE', #4424 ) ;
#3090 = ORIENTED_EDGE ( 'NONE', *, *, #2554, .F. ) ;
#3091 = DIRECTION ( 'NONE',  ( 0.000000000000000000, -0.000000000000000000, 1.000000000000000000 ) ) ;
#3092 = ORIENTED_EDGE ( 'NONE', *, *, #4751, .T. ) ;
#3093 = CIRCLE ( 'NONE', #793, 0.6000000000000067502 ) ;
#3094 = CIRCLE ( 'NONE', #2356, 1.599999999999997202 ) ;
#3095 = DIRECTION ( 'NONE',  ( -0.000000000000000000, -0.000000000000000000, 1.000000000000000000 ) ) ;
#3096 = CARTESIAN_POINT ( 'NONE',  ( -64.26002644001162878, 10.03124449578545274, -1.000000000000000000 ) ) ;
#3097 = DIRECTION ( 'NONE',  ( 0.000000000000000000, 0.000000000000000000, -1.000000000000000000 ) ) ;
#3098 = VECTOR ( 'NONE', #5590, 999.9999999999998863 ) ;
#3099 = PLANE ( 'NONE',  #1024 ) ;
#3100 = VERTEX_POINT ( 'NONE', #778 ) ;
#3101 = VECTOR ( 'NONE', #2617, 1000.000000000000000 ) ;
#3102 = ORIENTED_EDGE ( 'NONE', *, *, #3467, .F. ) ;
#3103 = CARTESIAN_POINT ( 'NONE',  ( 3.249999999999999556, -20.49999999999999645, 0.4000000000000006328 ) ) ;
#3104 = EDGE_CURVE ( 'NONE', #752, #3965, #3053, .T. ) ;
#3105 = ORIENTED_EDGE ( 'NONE', *, *, #2654, .T. ) ;
#3106 = VECTOR ( 'NONE', #1128, 1000.000000000000000 ) ;
#3107 = CARTESIAN_POINT ( 'NONE',  ( -55.71242534221949683, -15.25562754350946371, -1.000000000000000000 ) ) ;
#3108 = CARTESIAN_POINT ( 'NONE',  ( -62.76002644001162167, -2.468755504214548147, -3.000000000000000000 ) ) ;
#3109 = CARTESIAN_POINT ( 'NONE',  ( -56.71242534221949683, 21.24437245649053452, 2.200000000000000178 ) ) ;
#3110 = CARTESIAN_POINT ( 'NONE',  ( -21.71242534221950393, 21.24437245649053452, 2.200000000000000178 ) ) ;
#3111 = DIRECTION ( 'NONE',  ( 1.000000000000000000, 0.000000000000000000, 0.000000000000000000 ) ) ;
#3112 = ADVANCED_FACE ( 'NONE', ( #3396 ), #3956, .F. ) ;
#3113 = VECTOR ( 'NONE', #2758, 1000.000000000000000 ) ;
#3114 = ORIENTED_EDGE ( 'NONE', *, *, #4985, .T. ) ;
#3115 = DIRECTION ( 'NONE',  ( -1.613696256722611652E-16, 1.000000000000000000, -0.000000000000000000 ) ) ;
#3116 = ORIENTED_EDGE ( 'NONE', *, *, #4178, .T. ) ;
#3117 = DIRECTION ( 'NONE',  ( -1.613696256722611652E-16, 1.000000000000000000, 0.000000000000000000 ) ) ;
#3118 = EDGE_CURVE ( 'NONE', #4375, #3711, #3080, .T. ) ;
#3119 = ORIENTED_EDGE ( 'NONE', *, *, #1193, .F. ) ;
#3120 = ORIENTED_EDGE ( 'NONE', *, *, #5592, .F. ) ;
#3121 = ORIENTED_EDGE ( 'NONE', *, *, #3707, .T. ) ;
#3122 = AXIS2_PLACEMENT_3D ( 'NONE', #5616, #5085, #2910 ) ;
#3123 = CARTESIAN_POINT ( 'NONE',  ( -62.26002644001162167, 5.681244495785453097, -0.8500000000000000888 ) ) ;
#3124 = ORIENTED_EDGE ( 'NONE', *, *, #4320, .T. ) ;
#3125 = CARTESIAN_POINT ( 'NONE',  ( -17.99999999999999645, -19.89999999999999503, 4.699999999999999289 ) ) ;
#3126 = DIRECTION ( 'NONE',  ( -1.000000000000000000, 0.000000000000000000, 0.000000000000000000 ) ) ;
#3127 = CARTESIAN_POINT ( 'NONE',  ( -0.000000000000000000, -20.75562754350946193, 0.000000000000000000 ) ) ;
#3128 = CIRCLE ( 'NONE', #1377, 1.499999999999999556 ) ;
#3129 = DIRECTION ( 'NONE',  ( 1.000000000000000000, -0.000000000000000000, -0.000000000000000000 ) ) ;
#3130 = ORIENTED_EDGE ( 'NONE', *, *, #3039, .T. ) ;
#3131 = EDGE_LOOP ( 'NONE', ( #4486, #5176, #2911, #5143, #5080, #3632, #3951, #704 ) ) ;
#3132 = ORIENTED_EDGE ( 'NONE', *, *, #1329, .F. ) ;
#3133 = DIRECTION ( 'NONE',  ( 1.613696256722611405E-16, -1.000000000000000000, 0.000000000000000000 ) ) ;
#3134 = CARTESIAN_POINT ( 'NONE',  ( 23.04726547895300115, -14.00512985522204801, 3.779999999999998916 ) ) ;
#3135 = ADVANCED_FACE ( 'NONE', ( #1644 ), #2527, .F. ) ;
#3136 = CARTESIAN_POINT ( 'NONE',  ( -22.71242534221950393, -19.24221205310341176, 1.200000000000000178 ) ) ;
#3137 = LINE ( 'NONE', #4913, #3113 ) ;
#3138 = ORIENTED_EDGE ( 'NONE', *, *, #3532, .F. ) ;
#3139 = LINE ( 'NONE', #1816, #886 ) ;
#3140 = ORIENTED_EDGE ( 'NONE', *, *, #2579, .T. ) ;
#3141 = AXIS2_PLACEMENT_3D ( 'NONE', #2481, #2945, #4722 ) ;
#3142 = EDGE_CURVE ( 'NONE', #3463, #525, #4303, .T. ) ;
#3143 = DIRECTION ( 'NONE',  ( 1.000000000000000000, 0.000000000000000000, 0.000000000000000000 ) ) ;
#3144 = ORIENTED_EDGE ( 'NONE', *, *, #1181, .T. ) ;
#3145 = CARTESIAN_POINT ( 'NONE',  ( 14.87941555592569287, -18.79999999999999361, 5.200000000000001066 ) ) ;
#3146 = ORIENTED_EDGE ( 'NONE', *, *, #3634, .F. ) ;
#3147 = EDGE_CURVE ( 'NONE', #5385, #4616, #3422, .T. ) ;
#3148 = DIRECTION ( 'NONE',  ( -0.000000000000000000, 1.000000000000000000, -0.000000000000000000 ) ) ;
#3149 = DIRECTION ( 'NONE',  ( 1.000000000000000000, 1.734723475976793487E-15, -0.000000000000000000 ) ) ;
#3150 = DIRECTION ( 'NONE',  ( 2.312964634635740689E-15, -1.000000000000000000, 0.000000000000000000 ) ) ;
#3151 = DIRECTION ( 'NONE',  ( -1.000000000000000000, 0.000000000000000000, 0.000000000000000000 ) ) ;
#3152 = ORIENTED_EDGE ( 'NONE', *, *, #1068, .F. ) ;
#3153 = AXIS2_PLACEMENT_3D ( 'NONE', #3602, #2251, #3078 ) ;
#3154 = EDGE_CURVE ( 'NONE', #3625, #1375, #2284, .T. ) ;
#3155 = EDGE_CURVE ( 'NONE', #2197, #132, #570, .T. ) ;
#3156 = ORIENTED_EDGE ( 'NONE', *, *, #665, .F. ) ;
#3157 = PLANE ( 'NONE',  #526 ) ;
#3158 = ORIENTED_EDGE ( 'NONE', *, *, #3931, .T. ) ;
#3159 = DIRECTION ( 'NONE',  ( 1.000000000000000000, 0.000000000000000000, -8.673617379883981830E-15 ) ) ;
#3160 = DIRECTION ( 'NONE',  ( -1.000000000000000000, 0.000000000000000000, 0.000000000000000000 ) ) ;
#3161 = VECTOR ( 'NONE', #2279, 1000.000000000000000 ) ;
#3162 = CARTESIAN_POINT ( 'NONE',  ( -55.71242534221949683, 5.644372456490533096, 1.000000000000000000 ) ) ;
#3163 = CARTESIAN_POINT ( 'NONE',  ( -55.11242534221950251, 21.24437245649053452, 0.7000000000000000666 ) ) ;
#3164 = DIRECTION ( 'NONE',  ( 1.000000000000000000, 0.000000000000000000, 0.000000000000000000 ) ) ;
#3165 = VECTOR ( 'NONE', #4737, 1000.000000000000000 ) ;
#3166 = ORIENTED_EDGE ( 'NONE', *, *, #3065, .F. ) ;
#3167 = CYLINDRICAL_SURFACE ( 'NONE', #4390, 1.500000000000000000 ) ;
#3168 = CARTESIAN_POINT ( 'NONE',  ( 15.13529148945094072, 18.60000000000000142, 5.200000000000001066 ) ) ;
#3169 = ADVANCED_FACE ( 'NONE', ( #2335 ), #1464, .T. ) ;
#3170 = ORIENTED_EDGE ( 'NONE', *, *, #3206, .T. ) ;
#3171 = DIRECTION ( 'NONE',  ( -0.000000000000000000, -1.000000000000000000, -0.000000000000000000 ) ) ;
#3172 = VERTEX_POINT ( 'NONE', #4969 ) ;
#3173 = FACE_OUTER_BOUND ( 'NONE', #2515, .T. ) ;
#3174 = CARTESIAN_POINT ( 'NONE',  ( -7.999999999999994671, 18.60000000000000142, 5.200000000000001066 ) ) ;
#3175 = FACE_OUTER_BOUND ( 'NONE', #5632, .T. ) ;
#3176 = AXIS2_PLACEMENT_3D ( 'NONE', #2929, #711, #1260 ) ;
#3177 =( BOUNDED_CURVE ( )  B_SPLINE_CURVE ( 3, ( #1994, #5559, #2088, #2483 ),
 .UNSPECIFIED., .F., .T. ) 
 B_SPLINE_CURVE_WITH_KNOTS ( ( 4, 4 ),
 ( 3.141592653589793116, 6.283185307179586232 ),
 .UNSPECIFIED. ) 
 CURVE ( )  GEOMETRIC_REPRESENTATION_ITEM ( )  RATIONAL_B_SPLINE_CURVE ( ( 1.000000000000000000, 0.3333333333333333703, 0.3333333333333333703, 1.000000000000000000 ) ) 
 REPRESENTATION_ITEM ( '' )  );
#3178 = ADVANCED_FACE ( 'NONE', ( #4073 ), #488, .T. ) ;
#3179 = DIRECTION ( 'NONE',  ( -0.000000000000000000, -0.000000000000000000, 1.000000000000000000 ) ) ;
#3180 = ORIENTED_EDGE ( 'NONE', *, *, #4622, .F. ) ;
#3181 = VECTOR ( 'NONE', #1782, 1000.000000000000000 ) ;
#3182 = ORIENTED_EDGE ( 'NONE', *, *, #5313, .T. ) ;
#3183 = VECTOR ( 'NONE', #3726, 1000.000000000000000 ) ;
#3184 = FACE_OUTER_BOUND ( 'NONE', #294, .T. ) ;
#3185 = EDGE_LOOP ( 'NONE', ( #1951, #1834, #1389, #4625 ) ) ;
#3186 = EDGE_CURVE ( 'NONE', #5319, #891, #112, .T. ) ;
#3187 = PLANE ( 'NONE',  #5600 ) ;
#3188 = CIRCLE ( 'NONE', #5041, 1.499999999999999556 ) ;
#3189 = CYLINDRICAL_SURFACE ( 'NONE', #2091, 1.000000000000000000 ) ;
#3190 = CARTESIAN_POINT ( 'NONE',  ( -64.26002644001162878, 3.481244495785452475, -4.319294316687811275 ) ) ;
#3191 = CIRCLE ( 'NONE', #5694, 1.350000000000001421 ) ;
#3192 = CARTESIAN_POINT ( 'NONE',  ( -13.69999999999999751, 10.90000000000000036, 5.699999999999999289 ) ) ;
#3193 = EDGE_CURVE ( 'NONE', #34, #4406, #1030, .T. ) ;
#3194 = ORIENTED_EDGE ( 'NONE', *, *, #3815, .T. ) ;
#3195 = PLANE ( 'NONE',  #4854 ) ;
#3196 = DIRECTION ( 'NONE',  ( 0.000000000000000000, 0.000000000000000000, 1.000000000000000000 ) ) ;
#3197 = AXIS2_PLACEMENT_3D ( 'NONE', #4452, #2678, #3661 ) ;
#3198 = DIRECTION ( 'NONE',  ( -1.000000000000000000, -0.000000000000000000, -0.000000000000000000 ) ) ;
#3199 = AXIS2_PLACEMENT_3D ( 'NONE', #914, #4925, #1447 ) ;
#3200 = ORIENTED_EDGE ( 'NONE', *, *, #4811, .F. ) ;
#3201 = CARTESIAN_POINT ( 'NONE',  ( -62.76002644001162167, 9.031244495785450965, -3.000000000000000000 ) ) ;
#3202 = FACE_OUTER_BOUND ( 'NONE', #2629, .T. ) ;
#3203 = TOROIDAL_SURFACE ( 'NONE', #3953, 0.1000000000000000472, 1.500000000000000000 ) ;
#3204 = LINE ( 'NONE', #1911, #55 ) ;
#3205 = CARTESIAN_POINT ( 'NONE',  ( -18.00000000000000355, 19.89999999999999858, 0.000000000000000000 ) ) ;
#3206 = EDGE_CURVE ( 'NONE', #3888, #434, #1383, .T. ) ;
#3207 = CARTESIAN_POINT ( 'NONE',  ( 16.40000000000000213, -19.89999999999998792, 2.100000000000000089 ) ) ;
#3208 = DIRECTION ( 'NONE',  ( 0.5773502691896259531, 0.5773502691896257311, 0.5773502691896257311 ) ) ;
#3209 = ORIENTED_EDGE ( 'NONE', *, *, #4530, .T. ) ;
#3210 = AXIS2_PLACEMENT_3D ( 'NONE', #253, #4714, #2080 ) ;
#3211 = EDGE_CURVE ( 'NONE', #4801, #1709, #2253, .T. ) ;
#3212 = ORIENTED_EDGE ( 'NONE', *, *, #3622, .F. ) ;
#3213 = PLANE ( 'NONE',  #2184 ) ;
#3214 = VERTEX_POINT ( 'NONE', #1409 ) ;
#3215 = LINE ( 'NONE', #106, #2087 ) ;
#3216 = PLANE ( 'NONE',  #4872 ) ;
#3217 = LINE ( 'NONE', #5434, #424 ) ;
#3218 = EDGE_CURVE ( 'NONE', #489, #4747, #3137, .T. ) ;
#3219 = DIRECTION ( 'NONE',  ( 0.000000000000000000, -1.000000000000000000, 0.000000000000000000 ) ) ;
#3220 = ORIENTED_EDGE ( 'NONE', *, *, #2953, .F. ) ;
#3221 = CARTESIAN_POINT ( 'NONE',  ( 7.000000000000002665, 20.49999999999999645, 5.200000000000001066 ) ) ;
#3222 = EDGE_CURVE ( 'NONE', #1584, #2092, #4013, .T. ) ;
#3223 = CARTESIAN_POINT ( 'NONE',  ( -55.11242534221950251, -20.15562754350946051, 1.200000000000000178 ) ) ;
#3224 = FACE_OUTER_BOUND ( 'NONE', #5233, .T. ) ;
#3225 = AXIS2_PLACEMENT_3D ( 'NONE', #3063, #4434, #4518 ) ;
#3226 = TOROIDAL_SURFACE ( 'NONE', #1479, 0.1000000000000000472, 1.500000000000000000 ) ;
#3227 = ORIENTED_EDGE ( 'NONE', *, *, #263, .T. ) ;
#3228 = DIRECTION ( 'NONE',  ( 0.000000000000000000, -1.000000000000000000, 0.000000000000000000 ) ) ;
#3229 = EDGE_LOOP ( 'NONE', ( #2698, #3241, #2095, #2973 ) ) ;
#3230 = CARTESIAN_POINT ( 'NONE',  ( -51.40698321814510763, -20.75562754350946193, -1.000000000000000000 ) ) ;
#3231 = ADVANCED_BREP_SHAPE_REPRESENTATION ( '\X2\58a86c345c4f591658f3\X0\', ( #1710, #3470, #3521, #1775 ), #4359 ) ;
#3232 = VECTOR ( 'NONE', #4031, 1000.000000000000000 ) ;
#3233 = DIRECTION ( 'NONE',  ( 0.000000000000000000, 0.000000000000000000, -1.000000000000000000 ) ) ;
#3234 = PLANE ( 'NONE',  #2836 ) ;
#3235 = CARTESIAN_POINT ( 'NONE',  ( 15.13529148945094072, 18.60000000000000142, 5.200000000000001066 ) ) ;
#3236 = EDGE_CURVE ( 'NONE', #5068, #4808, #2311, .T. ) ;
#3237 = ORIENTED_EDGE ( 'NONE', *, *, #1866, .F. ) ;
#3238 = DIRECTION ( 'NONE',  ( 0.000000000000000000, -1.000000000000000000, 0.000000000000000000 ) ) ;
#3239 = LINE ( 'NONE', #2802, #2642 ) ;
#3240 = EDGE_CURVE ( 'NONE', #5190, #3939, #1536, .T. ) ;
#3241 = ORIENTED_EDGE ( 'NONE', *, *, #5094, .F. ) ;
#3242 = DIRECTION ( 'NONE',  ( 0.000000000000000000, 0.000000000000000000, -1.000000000000000000 ) ) ;
#3243 = FACE_OUTER_BOUND ( 'NONE', #2699, .T. ) ;
#3244 = CARTESIAN_POINT ( 'NONE',  ( 15.94999999999999574, 18.01159792783948888, 5.200000000000001066 ) ) ;
#3245 = ORIENTED_EDGE ( 'NONE', *, *, #4893, .T. ) ;
#3246 = ADVANCED_FACE ( 'NONE', ( #1898 ), #54, .F. ) ;
#3247 = DIRECTION ( 'NONE',  ( -1.000000000000000000, -0.000000000000000000, -0.000000000000000000 ) ) ;
#3248 = DIRECTION ( 'NONE',  ( 0.000000000000000000, 0.000000000000000000, 1.000000000000000000 ) ) ;
#3249 = PLANE ( 'NONE',  #2923 ) ;
#3250 = EDGE_LOOP ( 'NONE', ( #3814, #2063, #1390, #3245 ) ) ;
#3251 = EDGE_CURVE ( 'NONE', #5415, #2336, #137, .T. ) ;
#3252 = CARTESIAN_POINT ( 'NONE',  ( -13.69999999999999751, 10.90000000000000036, 5.699999999999999289 ) ) ;
#3253 = ADVANCED_FACE ( 'NONE', ( #5435 ), #4995, .F. ) ;
#3254 = ORIENTED_EDGE ( 'NONE', *, *, #2928, .F. ) ;
#3255 = LINE ( 'NONE', #4595, #3361 ) ;
#3256 = CARTESIAN_POINT ( 'NONE',  ( -55.11242534221950251, 19.74437245649053096, 0.7000000000000000666 ) ) ;
#3257 = FACE_OUTER_BOUND ( 'NONE', #3830, .T. ) ;
#3258 = EDGE_CURVE ( 'NONE', #3010, #3555, #5379, .T. ) ;
#3259 = CARTESIAN_POINT ( 'NONE',  ( 16.99999999999999289, -18.10000000000000142, 2.100000000000000089 ) ) ;
#3260 = CLOSED_SHELL ( 'NONE', ( #1060, #1743, #5564, #1872, #4033, #5025, #4693, #1992, #5621, #680, #2540, #1530, #4050, #1531, #1581, #1569, #3003, #5627, #4258, #3890, #3169, #4858, #4212, #1441, #3283, #4074, #3135, #630, #3349, #5, #3323, #3770, #1348, #5710, #2485, #3275, #4333, #5050, #4358, #1618, #1849, #5497, #3586, #388, #3423, #3571, #2575, #4326, #2665, #2377, #3486, #5079, #179, #2749, #4717, #4923, #5199, #3052, #2985, #4480, #2403, #2347, #932, #613, #4461, #554, #5088, #4918, #2855, #4453, #1096, #1651, #5692, #4707, #4514, #1668, #5682, #2697, #394, #1562, #361, #2305, #5013, #4968, #5342, #5160 ) ) ;
#3261 = CARTESIAN_POINT ( 'NONE',  ( -55.71242534221949683, 19.64437245649053310, 2.200000000000000178 ) ) ;
#3262 = VERTEX_POINT ( 'NONE', #3631 ) ;
#3263 = CARTESIAN_POINT ( 'NONE',  ( -62.26002644001162167, 9.031244495785450965, -1.000000000000000000 ) ) ;
#3264 = CARTESIAN_POINT ( 'NONE',  ( -21.71242534221950393, 21.24437245649053452, 2.200000000000000178 ) ) ;
#3265 = ORIENTED_EDGE ( 'NONE', *, *, #2619, .T. ) ;
#3266 = CARTESIAN_POINT ( 'NONE',  ( -17.99999999999999645, -21.50000000000000000, 0.000000000000000000 ) ) ;
#3267 = CARTESIAN_POINT ( 'NONE',  ( 14.87941555592569287, -18.79999999999999361, 5.200000000000001066 ) ) ;
#3268 = ADVANCED_FACE ( 'NONE', ( #5405 ), #1434, .F. ) ;
#3269 = CARTESIAN_POINT ( 'NONE',  ( -56.71242534221950393, 6.023891612905952542, 0.7955543520369752208 ) ) ;
#3270 = ORIENTED_EDGE ( 'NONE', *, *, #4600, .T. ) ;
#3271 = DIRECTION ( 'NONE',  ( 1.000000000000000000, 9.130123557772691753E-16, -0.000000000000000000 ) ) ;
#3272 = CARTESIAN_POINT ( 'NONE',  ( -13.69999999999999751, 10.90000000000000036, 5.200000000000000178 ) ) ;
#3273 = CIRCLE ( 'NONE', #898, 1.499999999999999556 ) ;
#3274 = DIRECTION ( 'NONE',  ( -0.000000000000000000, -0.000000000000000000, -1.000000000000000000 ) ) ;
#3275 = ADVANCED_FACE ( 'NONE', ( #2034 ), #2918, .T. ) ;
#3276 = DIRECTION ( 'NONE',  ( -1.613696256722611405E-16, 1.000000000000000000, 0.000000000000000000 ) ) ;
#3277 = ORIENTED_EDGE ( 'NONE', *, *, #5307, .T. ) ;
#3278 = CARTESIAN_POINT ( 'NONE',  ( -62.76002644001162167, 7.981244495785452919, -2.150000000000000355 ) ) ;
#3279 = ORIENTED_EDGE ( 'NONE', *, *, #2873, .F. ) ;
#3280 = VECTOR ( 'NONE', #4045, 1000.000000000000000 ) ;
#3281 = DIRECTION ( 'NONE',  ( -0.000000000000000000, -1.000000000000000000, -0.000000000000000000 ) ) ;
#3282 = DIRECTION ( 'NONE',  ( 0.000000000000000000, 0.000000000000000000, -1.000000000000000000 ) ) ;
#3283 = ADVANCED_FACE ( 'NONE', ( #2859 ), #5567, .T. ) ;
#3284 = LINE ( 'NONE', #1094, #544 ) ;
#3285 = AXIS2_PLACEMENT_3D ( 'NONE', #1369, #1799, #4438 ) ;
#3286 = STYLED_ITEM ( 'NONE', ( #301 ), #3470 ) ;
#3287 = LINE ( 'NONE', #1713, #2771 ) ;
#3288 = PRODUCT_RELATED_PRODUCT_CATEGORY ( 'part', '', ( #5487 ) ) ;
#3289 = DIRECTION ( 'NONE',  ( -0.000000000000000000, -0.000000000000000000, -1.000000000000000000 ) ) ;
#3290 = ORIENTED_EDGE ( 'NONE', *, *, #4817, .T. ) ;
#3291 = CARTESIAN_POINT ( 'NONE',  ( -62.76002644001162167, 1.881244495785453053, -2.150000000000000799 ) ) ;
#3292 = DIRECTION ( 'NONE',  ( 0.000000000000000000, 1.000000000000000000, 0.000000000000000000 ) ) ;
#3293 = ORIENTED_EDGE ( 'NONE', *, *, #2755, .T. ) ;
#3294 = VECTOR ( 'NONE', #933, 1000.000000000000000 ) ;
#3295 = CARTESIAN_POINT ( 'NONE',  ( -62.26002644001162167, 7.981244495785452919, -2.150000000000000355 ) ) ;
#3296 = LINE ( 'NONE', #1081, #1264 ) ;
#3297 = VECTOR ( 'NONE', #3007, 1000.000000000000000 ) ;
#3298 = ORIENTED_EDGE ( 'NONE', *, *, #1643, .T. ) ;
#3299 = DIRECTION ( 'NONE',  ( -0.000000000000000000, -0.000000000000000000, 1.000000000000000000 ) ) ;
#3300 = EDGE_CURVE ( 'NONE', #3965, #4460, #3947, .T. ) ;
#3301 = DIRECTION ( 'NONE',  ( 1.613696256722611652E-16, -1.000000000000000000, 0.000000000000000000 ) ) ;
#3302 = CARTESIAN_POINT ( 'NONE',  ( -22.71242534221950393, 12.36579373369079882, -1.000000000000000000 ) ) ;
#3303 = DIRECTION ( 'NONE',  ( 0.000000000000000000, 0.000000000000000000, 1.000000000000000000 ) ) ;
#3304 = ORIENTED_EDGE ( 'NONE', *, *, #1963, .T. ) ;
#3305 = CARTESIAN_POINT ( 'NONE',  ( -28.76858636361750143, 19.24437245649053452, -1.000000000000000000 ) ) ;
#3306 = ORIENTED_EDGE ( 'NONE', *, *, #479, .F. ) ;
#3307 = EDGE_CURVE ( 'NONE', #3988, #2627, #4667, .T. ) ;
#3308 = CARTESIAN_POINT ( 'NONE',  ( -16.40000000000000213, 20.49999999999999645, 0.000000000000000000 ) ) ;
#3309 = DIRECTION ( 'NONE',  ( -0.000000000000000000, -0.000000000000000000, 1.000000000000000000 ) ) ;
#3310 = CARTESIAN_POINT ( 'NONE',  ( 15.13529148945094072, 18.60000000000000142, 4.200000000000000178 ) ) ;
#3311 = VERTEX_POINT ( 'NONE', #1132 ) ;
#3312 = EDGE_LOOP ( 'NONE', ( #2302, #3994, #4214, #192 ) ) ;
#3313 = FACE_OUTER_BOUND ( 'NONE', #4366, .T. ) ;
#3314 = AXIS2_PLACEMENT_3D ( 'NONE', #374, #4647, #4278 ) ;
#3315 = EDGE_CURVE ( 'NONE', #4543, #5398, #3326, .T. ) ;
#3316 = AXIS2_PLACEMENT_3D ( 'NONE', #3305, #4978, #1497 ) ;
#3317 = LINE ( 'NONE', #3820, #3098 ) ;
#3318 = ORIENTED_EDGE ( 'NONE', *, *, #4421, .F. ) ;
#3319 = FACE_OUTER_BOUND ( 'NONE', #537, .T. ) ;
#3320 = CARTESIAN_POINT ( 'NONE',  ( 16.40000000000000213, -19.89999999999998792, 4.699999999999999289 ) ) ;
#3321 = EDGE_CURVE ( 'NONE', #94, #1837, #164, .T. ) ;
#3322 = ORIENTED_EDGE ( 'NONE', *, *, #1382, .F. ) ;
#3323 = ADVANCED_FACE ( 'NONE', ( #649 ), #5098, .F. ) ;
#3324 = DIRECTION ( 'NONE',  ( -1.613696256722611405E-16, 1.000000000000000000, -0.000000000000000000 ) ) ;
#3325 = CIRCLE ( 'NONE', #115, 1.000000000000000000 ) ;
#3326 = LINE ( 'NONE', #5071, #1915 ) ;
#3327 = ORIENTED_EDGE ( 'NONE', *, *, #2512, .T. ) ;
#3328 = CARTESIAN_POINT ( 'NONE',  ( -22.31242534221949825, -20.75562754350946193, 2.200000000000000178 ) ) ;
#3329 = LINE ( 'NONE', #5101, #3740 ) ;
#3330 = CARTESIAN_POINT ( 'NONE',  ( -53.33195776004129840, 20.24437245649053807, 0.000000000000000000 ) ) ;
#3331 = FACE_OUTER_BOUND ( 'NONE', #5656, .T. ) ;
#3332 = ORIENTED_EDGE ( 'NONE', *, *, #2593, .F. ) ;
#3333 = LINE ( 'NONE', #4767, #3797 ) ;
#3334 = ORIENTED_EDGE ( 'NONE', *, *, #4124, .F. ) ;
#3335 = CARTESIAN_POINT ( 'NONE',  ( 22.41086937588510608, -13.36873375215415827, 2.579999999999999627 ) ) ;
#3336 = VERTEX_POINT ( 'NONE', #2359 ) ;
#3337 = CARTESIAN_POINT ( 'NONE',  ( 0.000000000000000000, 0.000000000000000000, -1.000000000000000000 ) ) ;
#3338 = LINE ( 'NONE', #5112, #11 ) ;
#3339 = DIRECTION ( 'NONE',  ( 1.000000000000000000, 0.000000000000000000, 0.000000000000000000 ) ) ;
#3340 = EDGE_CURVE ( 'NONE', #3569, #3355, #3296, .T. ) ;
#3341 = ORIENTED_EDGE ( 'NONE', *, *, #4569, .T. ) ;
#3342 = EDGE_LOOP ( 'NONE', ( #1684, #5491, #1693, #5531 ) ) ;
#3343 = VERTEX_POINT ( 'NONE', #2809 ) ;
#3344 = CARTESIAN_POINT ( 'NONE',  ( -64.26002644001162878, 3.681244495785451765, 0.000000000000000000 ) ) ;
#3345 = PRESENTATION_LAYER_ASSIGNMENT (  '', '', ( #672 ) ) ;
#3346 = AXIS2_PLACEMENT_3D ( 'NONE', #5622, #1659, #5247 ) ;
#3347 = CARTESIAN_POINT ( 'NONE',  ( -64.26002644001162878, 10.03124449578545274, 0.000000000000000000 ) ) ;
#3348 = ORIENTED_EDGE ( 'NONE', *, *, #3859, .T. ) ;
#3349 = ADVANCED_FACE ( 'NONE', ( #3799 ), #1168, .F. ) ;
#3350 = CIRCLE ( 'NONE', #4845, 1.000000000000000000 ) ;
#3351 = DIRECTION ( 'NONE',  ( 1.000000000000000000, -0.000000000000000000, -0.000000000000000000 ) ) ;
#3352 = LINE ( 'NONE', #5562, #1445 ) ;
#3353 = ORIENTED_EDGE ( 'NONE', *, *, #3922, .T. ) ;
#3354 = LINE ( 'NONE', #4264, #3081 ) ;
#3355 = VERTEX_POINT ( 'NONE', #1106 ) ;
#3356 = EDGE_CURVE ( 'NONE', #3877, #2480, #187, .T. ) ;
#3357 = DIRECTION ( 'NONE',  ( -1.000000000000000000, 0.000000000000000000, 0.000000000000000000 ) ) ;
#3358 = VECTOR ( 'NONE', #3056, 1000.000000000000000 ) ;
#3359 = EDGE_LOOP ( 'NONE', ( #1008, #4037, #6, #4313 ) ) ;
#3360 = CARTESIAN_POINT ( 'NONE',  ( -22.31242534221949469, -20.25562754350946193, 0.7000000000000000666 ) ) ;
#3361 = VECTOR ( 'NONE', #1092, 1000.000000000000000 ) ;
#3362 = LINE ( 'NONE', #241, #1157 ) ;
#3363 = DIRECTION ( 'NONE',  ( 0.000000000000000000, -0.000000000000000000, 1.000000000000000000 ) ) ;
#3364 = CIRCLE ( 'NONE', #892, 1.599999999999997202 ) ;
#3365 = DIRECTION ( 'NONE',  ( -1.000000000000000000, 0.000000000000000000, -0.000000000000000000 ) ) ;
#3366 = VECTOR ( 'NONE', #2677, 1000.000000000000000 ) ;
#3367 = DIRECTION ( 'NONE',  ( 1.000000000000000000, 0.000000000000000000, 0.000000000000000000 ) ) ;
#3368 = VERTEX_POINT ( 'NONE', #4235 ) ;
#3369 = DIRECTION ( 'NONE',  ( 0.000000000000000000, 0.000000000000000000, -1.000000000000000000 ) ) ;
#3370 = ORIENTED_EDGE ( 'NONE', *, *, #2281, .T. ) ;
#3371 = AXIS2_PLACEMENT_3D ( 'NONE', #4120, #1023, #4627 ) ;
#3372 = LINE ( 'NONE', #3874, #3048 ) ;
#3373 = LINE ( 'NONE', #5581, #206 ) ;
#3374 = FACE_OUTER_BOUND ( 'NONE', #452, .T. ) ;
#3375 = ORIENTED_EDGE ( 'NONE', *, *, #5138, .F. ) ;
#3376 = ORIENTED_EDGE ( 'NONE', *, *, #2058, .T. ) ;
#3377 = VERTEX_POINT ( 'NONE', #675 ) ;
#3378 = DIRECTION ( 'NONE',  ( -0.000000000000000000, 1.000000000000000000, -0.000000000000000000 ) ) ;
#3379 = EDGE_CURVE ( 'NONE', #5086, #4447, #269, .T. ) ;
#3380 = DIRECTION ( 'NONE',  ( 0.000000000000000000, -1.668003342285391304E-16, 1.000000000000000000 ) ) ;
#3381 = DIRECTION ( 'NONE',  ( -0.000000000000000000, 1.000000000000000000, -0.000000000000000000 ) ) ;
#3382 = VERTEX_POINT ( 'NONE', #236 ) ;
#3383 = AXIS2_PLACEMENT_3D ( 'NONE', #4759, #4355, #5631 ) ;
#3384 = CARTESIAN_POINT ( 'NONE',  ( 0.000000000000000000, 20.24437245649053452, 1.200000000000000178 ) ) ;
#3385 = EDGE_LOOP ( 'NONE', ( #2447, #999, #4761, #562 ) ) ;
#3386 = ADVANCED_FACE ( 'NONE', ( #5018 ), #2002, .F. ) ;
#3387 = DIRECTION ( 'NONE',  ( -0.000000000000000000, -0.000000000000000000, 1.000000000000000000 ) ) ;
#3388 = ORIENTED_EDGE ( 'NONE', *, *, #2610, .T. ) ;
#3389 = FACE_OUTER_BOUND ( 'NONE', #1228, .T. ) ;
#3390 = ORIENTED_EDGE ( 'NONE', *, *, #5634, .T. ) ;
#3391 = CARTESIAN_POINT ( 'NONE',  ( -22.71242534221950393, 12.36579373369079882, 1.200000000000000178 ) ) ;
#3392 = EDGE_CURVE ( 'NONE', #3918, #3355, #4226, .T. ) ;
#3393 = DIRECTION ( 'NONE',  ( 0.000000000000000000, 0.000000000000000000, 1.000000000000000000 ) ) ;
#3394 = CARTESIAN_POINT ( 'NONE',  ( 16.40000000000000568, -20.49999999999999645, 2.100000000000000089 ) ) ;
#3395 = CIRCLE ( 'NONE', #5063, 1.000000000000000000 ) ;
#3396 = FACE_OUTER_BOUND ( 'NONE', #2650, .T. ) ;
#3397 = CARTESIAN_POINT ( 'NONE',  ( -17.00000000000000000, 19.89999999999999503, 0.000000000000000000 ) ) ;
#3398 = VERTEX_POINT ( 'NONE', #4174 ) ;
#3399 = DIRECTION ( 'NONE',  ( 0.000000000000000000, 0.000000000000000000, 1.000000000000000000 ) ) ;
#3400 = VERTEX_POINT ( 'NONE', #208 ) ;
#3401 = DIRECTION ( 'NONE',  ( 0.000000000000000000, 0.000000000000000000, 1.000000000000000000 ) ) ;
#3402 = LINE ( 'NONE', #5207, #4641 ) ;
#3403 = PLANE ( 'NONE',  #4696 ) ;
#3404 = ORIENTED_EDGE ( 'NONE', *, *, #1054, .F. ) ;
#3405 = VERTEX_POINT ( 'NONE', #1971 ) ;
#3406 = ORIENTED_EDGE ( 'NONE', *, *, #3970, .T. ) ;
#3407 = CARTESIAN_POINT ( 'NONE',  ( 0.000000000000000000, 6.644372456490533096, 0.000000000000000000 ) ) ;
#3408 = LINE ( 'NONE', #4782, #1691 ) ;
#3409 = DIRECTION ( 'NONE',  ( -0.000000000000000000, -1.000000000000000000, -0.000000000000000000 ) ) ;
#3410 = EDGE_CURVE ( 'NONE', #2489, #1620, #331, .T. ) ;
#3411 = DIRECTION ( 'NONE',  ( 1.000000000000000000, 1.613696256722611405E-16, -0.000000000000000000 ) ) ;
#3412 = VECTOR ( 'NONE', #987, 1000.000000000000000 ) ;
#3413 = ORIENTED_EDGE ( 'NONE', *, *, #2684, .T. ) ;
#3414 = CARTESIAN_POINT ( 'NONE',  ( 15.94999999999999929, -17.70945109413143115, 5.200000000000001066 ) ) ;
#3415 = VERTEX_POINT ( 'NONE', #1750 ) ;
#3416 = ADVANCED_FACE ( 'NONE', ( #2097, #4327 ), #2608, .F. ) ;
#3417 = VERTEX_POINT ( 'NONE', #3861 ) ;
#3418 = LINE ( 'NONE', #3328, #515 ) ;
#3419 = VECTOR ( 'NONE', #340, 1000.000000000000000 ) ;
#3420 = LINE ( 'NONE', #3512, #5119 ) ;
#3421 = FACE_OUTER_BOUND ( 'NONE', #5329, .T. ) ;
#3422 = LINE ( 'NONE', #4479, #5709 ) ;
#3423 = ADVANCED_FACE ( 'NONE', ( #3950 ), #4383, .F. ) ;
#3424 = LINE ( 'NONE', #5639, #484 ) ;
#3425 = ORIENTED_EDGE ( 'NONE', *, *, #881, .T. ) ;
#3426 = CARTESIAN_POINT ( 'NONE',  ( 16.40000000000000568, -21.50000000000000000, 4.699999999999999289 ) ) ;
#3427 = ORIENTED_EDGE ( 'NONE', *, *, #2272, .T. ) ;
#3428 = DIRECTION ( 'NONE',  ( 0.000000000000000000, -0.000000000000000000, -1.000000000000000000 ) ) ;
#3429 = APPLICATION_CONTEXT ( 'automotive_design' ) ;
#3430 = DIRECTION ( 'NONE',  ( -0.000000000000000000, 0.000000000000000000, 1.000000000000000000 ) ) ;
#3431 = DIRECTION ( 'NONE',  ( 1.000000000000000000, -0.000000000000000000, -0.000000000000000000 ) ) ;
#3432 = EDGE_CURVE ( 'NONE', #2170, #4354, #2064, .T. ) ;
#3433 = VERTEX_POINT ( 'NONE', #5222 ) ;
#3434 = ORIENTED_EDGE ( 'NONE', *, *, #1963, .F. ) ;
#3435 = ORIENTED_EDGE ( 'NONE', *, *, #4056, .F. ) ;
#3436 = CARTESIAN_POINT ( 'NONE',  ( 3.249999999999999556, -19.49999999999999645, 0.4000000000000006328 ) ) ;
#3437 = DIRECTION ( 'NONE',  ( -1.000000000000000000, 0.000000000000000000, 0.000000000000000000 ) ) ;
#3438 = DIRECTION ( 'NONE',  ( -1.743440679373676056E-16, 1.000000000000000000, 0.000000000000000000 ) ) ;
#3439 = EDGE_CURVE ( 'NONE', #1789, #3569, #3855, .T. ) ;
#3440 = VECTOR ( 'NONE', #4271, 1000.000000000000000 ) ;
#3441 = PLANE ( 'NONE',  #2093 ) ;
#3442 = ORIENTED_EDGE ( 'NONE', *, *, #2654, .F. ) ;
#3443 = ORIENTED_EDGE ( 'NONE', *, *, #3859, .F. ) ;
#3444 = DIRECTION ( 'NONE',  ( 1.000000000000000000, -0.000000000000000000, -0.000000000000000000 ) ) ;
#3445 = ORIENTED_EDGE ( 'NONE', *, *, #1323, .F. ) ;
#3446 = DIRECTION ( 'NONE',  ( -0.000000000000000000, 1.000000000000000000, -0.000000000000000000 ) ) ;
#3447 = DIRECTION ( 'NONE',  ( -0.7071067811865512365, 0.7071067811865439090, 0.000000000000000000 ) ) ;
#3448 = EDGE_CURVE ( 'NONE', #3966, #572, #5718, .T. ) ;
#3449 = CARTESIAN_POINT ( 'NONE',  ( -56.71242534221949683, 21.24437245649053452, 2.200000000000000178 ) ) ;
#3450 = CIRCLE ( 'NONE', #4113, 0.5999999999999998668 ) ;
#3451 = CARTESIAN_POINT ( 'NONE',  ( 18.00000000000000355, -19.89999999999998792, 6.200000000000000178 ) ) ;
#3452 = DIRECTION ( 'NONE',  ( -0.000000000000000000, -0.000000000000000000, 1.000000000000000000 ) ) ;
#3453 = ORIENTED_EDGE ( 'NONE', *, *, #1217, .T. ) ;
#3454 = LINE ( 'NONE', #3335, #509 ) ;
#3455 = VERTEX_POINT ( 'NONE', #859 ) ;
#3456 = AXIS2_PLACEMENT_3D ( 'NONE', #861, #3540, #3919 ) ;
#3457 = EDGE_CURVE ( 'NONE', #233, #3966, #1723, .T. ) ;
#3458 = LINE ( 'NONE', #1705, #1135 ) ;
#3459 = CARTESIAN_POINT ( 'NONE',  ( -15.95000000000000639, -17.84536862590730522, 4.200000000000000178 ) ) ;
#3460 = VECTOR ( 'NONE', #1029, 1000.000000000000000 ) ;
#3461 = CARTESIAN_POINT ( 'NONE',  ( -48.16930226743011190, -11.75562754350946015, -1.199999999999999734 ) ) ;
#3462 = ORIENTED_EDGE ( 'NONE', *, *, #4178, .F. ) ;
#3463 = VERTEX_POINT ( 'NONE', #1694 ) ;
#3464 = ORIENTED_EDGE ( 'NONE', *, *, #451, .F. ) ;
#3465 = PLANE ( 'NONE',  #941 ) ;
#3466 = ORIENTED_EDGE ( 'NONE', *, *, #605, .F. ) ;
#3467 = EDGE_CURVE ( 'NONE', #178, #72, #4589, .T. ) ;
#3468 = DIRECTION ( 'NONE',  ( -1.000000000000000000, -0.000000000000000000, -0.000000000000000000 ) ) ;
#3469 = AXIS2_PLACEMENT_3D ( 'NONE', #3769, #3301, #5540 ) ;
#3470 = MANIFOLD_SOLID_BREP ( '\X2\52079664\X0\-\X2\62c94f38\X0\15', #5029 ) ;
#3471 = MECHANICAL_DESIGN_GEOMETRIC_PRESENTATION_REPRESENTATION (  '', ( #4869 ), #4207 ) ;
#3472 = CARTESIAN_POINT ( 'NONE',  ( -16.40000000000000213, 20.49999999999999645, 4.200000000000000178 ) ) ;
#3473 = CARTESIAN_POINT ( 'NONE',  ( -13.69999999999999396, -16.49999999999999645, 5.200000000000000178 ) ) ;
#3474 = ORIENTED_EDGE ( 'NONE', *, *, #4065, .F. ) ;
#3475 = VECTOR ( 'NONE', #3164, 1000.000000000000000 ) ;
#3476 = ORIENTED_EDGE ( 'NONE', *, *, #1102, .T. ) ;
#3477 =( NAMED_UNIT ( * ) PLANE_ANGLE_UNIT ( ) SI_UNIT ( $, .RADIAN. ) );
#3478 = CIRCLE ( 'NONE', #2457, 0.6000000000000033085 ) ;
#3479 = ORIENTED_EDGE ( 'NONE', *, *, #2993, .F. ) ;
#3480 = AXIS2_PLACEMENT_3D ( 'NONE', #2815, #3804, #2898 ) ;
#3481 = CARTESIAN_POINT ( 'NONE',  ( -47.24545865296283154, 20.24437245649053807, -1.000000000000000000 ) ) ;
#3482 = CARTESIAN_POINT ( 'NONE',  ( -16.99999999999999289, -6.899999999999996803, 2.000000000000000000 ) ) ;
#3483 = FACE_OUTER_BOUND ( 'NONE', #818, .T. ) ;
#3484 = LINE ( 'NONE', #2648, #2825 ) ;
#3485 = CARTESIAN_POINT ( 'NONE',  ( -62.76002644001162167, 7.981244495785452919, -0.8499999999999998668 ) ) ;
#3486 = ADVANCED_FACE ( 'NONE', ( #3389 ), #4732, .F. ) ;
#3487 = ORIENTED_EDGE ( 'NONE', *, *, #4353, .F. ) ;
#3488 = FACE_OUTER_BOUND ( 'NONE', #2618, .T. ) ;
#3489 = EDGE_LOOP ( 'NONE', ( #3581, #838, #4630, #3140 ) ) ;
#3490 = AXIS2_PLACEMENT_3D ( 'NONE', #4539, #3637, #4051 ) ;
#3491 = DIRECTION ( 'NONE',  ( -1.000000000000000000, 0.000000000000000000, 0.000000000000000000 ) ) ;
#3492 = CARTESIAN_POINT ( 'NONE',  ( -47.24545865296283154, 20.24437245649053807, -1.000000000000000000 ) ) ;
#3493 = VERTEX_POINT ( 'NONE', #4819 ) ;
#3494 = ORIENTED_EDGE ( 'NONE', *, *, #5725, .F. ) ;
#3495 = EDGE_CURVE ( 'NONE', #4460, #2748, #3273, .T. ) ;
#3496 = ORIENTED_EDGE ( 'NONE', *, *, #1032, .T. ) ;
#3497 = DIRECTION ( 'NONE',  ( -9.712612162704583997E-17, 1.000000000000000000, 0.000000000000000000 ) ) ;
#3498 = EDGE_LOOP ( 'NONE', ( #5011, #209, #2736, #411 ) ) ;
#3499 = PLANE ( 'NONE',  #2078 ) ;
#3500 = DIRECTION ( 'NONE',  ( 0.000000000000000000, 1.000000000000000000, 0.000000000000000000 ) ) ;
#3501 = ADVANCED_FACE ( 'NONE', ( #5255 ), #3044, .F. ) ;
#3502 = DIRECTION ( 'NONE',  ( 1.000000000000000000, 0.000000000000000000, -0.000000000000000000 ) ) ;
#3503 = ORIENTED_EDGE ( 'NONE', *, *, #1284, .F. ) ;
#3504 = ORIENTED_EDGE ( 'NONE', *, *, #1277, .F. ) ;
#3505 = CARTESIAN_POINT ( 'NONE',  ( -56.71242534221949683, -21.75562754350946193, 0.000000000000000000 ) ) ;
#3506 = AXIS2_PLACEMENT_3D ( 'NONE', #3693, #1443, #2393 ) ;
#3507 = AXIS2_PLACEMENT_3D ( 'NONE', #4161, #196, #2872 ) ;
#3508 = ORIENTED_EDGE ( 'NONE', *, *, #2023, .F. ) ;
#3509 = EDGE_CURVE ( 'NONE', #962, #1781, #4123, .T. ) ;
#3510 = ADVANCED_FACE ( 'NONE', ( #3184, #4933 ), #3157, .F. ) ;
#3511 = DIRECTION ( 'NONE',  ( 0.000000000000000000, 0.000000000000000000, -1.000000000000000000 ) ) ;
#3512 = CARTESIAN_POINT ( 'NONE',  ( -64.26002644001162878, 10.03124449578545274, -2.000000000000000000 ) ) ;
#3513 = CIRCLE ( 'NONE', #1483, 1.600000000000000755 ) ;
#3514 = CARTESIAN_POINT ( 'NONE',  ( -22.71242534221950393, -16.19705362128172510, 1.200000000000000178 ) ) ;
#3515 = CARTESIAN_POINT ( 'NONE',  ( -16.39999999999999503, -21.50000000000000000, 4.699999999999999289 ) ) ;
#3516 = DIRECTION ( 'NONE',  ( -1.000000000000000000, 0.000000000000000000, 0.000000000000000000 ) ) ;
#3517 = EDGE_CURVE ( 'NONE', #1757, #5359, #1427, .T. ) ;
#3518 = ORIENTED_EDGE ( 'NONE', *, *, #326, .F. ) ;
#3519 = DIRECTION ( 'NONE',  ( -1.000000000000000000, 0.000000000000000000, 0.000000000000000000 ) ) ;
#3520 = ORIENTED_EDGE ( 'NONE', *, *, #851, .T. ) ;
#3521 = MANIFOLD_SOLID_BREP ( '\X2\51f853f0\X0\-\X2\62c94f38\X0\8', #3260 ) ;
#3522 = DIRECTION ( 'NONE',  ( -0.000000000000000000, -1.000000000000000000, -0.000000000000000000 ) ) ;
#3523 = VECTOR ( 'NONE', #2011, 1000.000000000000000 ) ;
#3524 = DIRECTION ( 'NONE',  ( 0.000000000000000000, 0.000000000000000000, 1.000000000000000000 ) ) ;
#3525 = ORIENTED_EDGE ( 'NONE', *, *, #1836, .F. ) ;
#3526 = ORIENTED_EDGE ( 'NONE', *, *, #1387, .T. ) ;
#3527 = ORIENTED_EDGE ( 'NONE', *, *, #4524, .T. ) ;
#3528 = CARTESIAN_POINT ( 'NONE',  ( -16.40000000000000213, 21.50000000000000000, 6.200000000000000178 ) ) ;
#3529 = ORIENTED_EDGE ( 'NONE', *, *, #916, .T. ) ;
#3530 = DIRECTION ( 'NONE',  ( -0.000000000000000000, 0.000000000000000000, 1.000000000000000000 ) ) ;
#3531 = DIRECTION ( 'NONE',  ( 0.000000000000000000, -1.000000000000000000, 0.000000000000000000 ) ) ;
#3532 = EDGE_CURVE ( 'NONE', #1802, #3888, #3191, .T. ) ;
#3533 = PLANE ( 'NONE',  #2211 ) ;
#3534 = CARTESIAN_POINT ( 'NONE',  ( -55.11242534221950251, 20.24437245649053452, 2.200000000000000178 ) ) ;
#3535 = ORIENTED_EDGE ( 'NONE', *, *, #4655, .T. ) ;
#3536 = EDGE_CURVE ( 'NONE', #188, #5717, #3072, .T. ) ;
#3537 = ORIENTED_EDGE ( 'NONE', *, *, #205, .F. ) ;
#3538 =( LENGTH_UNIT ( ) NAMED_UNIT ( * ) SI_UNIT ( .MILLI., .METRE. ) );
#3539 = ORIENTED_EDGE ( 'NONE', *, *, #128, .T. ) ;
#3540 = DIRECTION ( 'NONE',  ( 0.000000000000000000, -1.000000000000000000, 0.000000000000000000 ) ) ;
#3541 = AXIS2_PLACEMENT_3D ( 'NONE', #2147, #4287, #792 ) ;
#3542 = PLANE ( 'NONE',  #3643 ) ;
#3543 = SURFACE_SIDE_STYLE ('',( #4450 ) ) ;
#3544 = ADVANCED_FACE ( 'NONE', ( #4501 ), #5310, .F. ) ;
#3545 = LINE ( 'NONE', #3261, #3836 ) ;
#3546 = CARTESIAN_POINT ( 'NONE',  ( 16.40000000000000568, -20.49999999999999645, 1.750000000000001554 ) ) ;
#3547 = VECTOR ( 'NONE', #3531, 1000.000000000000000 ) ;
#3548 = ORIENTED_EDGE ( 'NONE', *, *, #1068, .T. ) ;
#3549 = CARTESIAN_POINT ( 'NONE',  ( -56.71242534221949683, 19.74437245649053096, 0.7000000000000000666 ) ) ;
#3550 = ORIENTED_EDGE ( 'NONE', *, *, #1217, .F. ) ;
#3551 = AXIS2_PLACEMENT_3D ( 'NONE', #580, #1473, #2791 ) ;
#3552 = DIRECTION ( 'NONE',  ( -1.000000000000000000, 0.000000000000000000, 0.000000000000000000 ) ) ;
#3553 = ORIENTED_EDGE ( 'NONE', *, *, #5376, .T. ) ;
#3554 = EDGE_LOOP ( 'NONE', ( #2261, #74, #4897, #1256 ) ) ;
#3555 = VERTEX_POINT ( 'NONE', #1890 ) ;
#3556 = CARTESIAN_POINT ( 'NONE',  ( -22.31242534221949825, -20.75562754350946193, 1.200000000000000178 ) ) ;
#3557 = ORIENTED_EDGE ( 'NONE', *, *, #4719, .T. ) ;
#3558 = VECTOR ( 'NONE', #930, 1000.000000000000000 ) ;
#3559 = VECTOR ( 'NONE', #2744, 1000.000000000000000 ) ;
#3560 = DIRECTION ( 'NONE',  ( 0.000000000000000000, -0.000000000000000000, 1.000000000000000000 ) ) ;
#3561 = CARTESIAN_POINT ( 'NONE',  ( -55.71242534221949683, 18.24437245649053452, 0.000000000000000000 ) ) ;
#3562 = CARTESIAN_POINT ( 'NONE',  ( -62.76002644001162167, -1.468755504214548147, -1.000000000000000000 ) ) ;
#3563 = LINE ( 'NONE', #3534, #4815 ) ;
#3564 = EDGE_CURVE ( 'NONE', #169, #4254, #3766, .T. ) ;
#3565 = ORIENTED_EDGE ( 'NONE', *, *, #3379, .T. ) ;
#3566 = PRESENTATION_LAYER_ASSIGNMENT (  '', '', ( #4869 ) ) ;
#3567 = ORIENTED_EDGE ( 'NONE', *, *, #3300, .F. ) ;
#3568 = DIRECTION ( 'NONE',  ( -1.743440679373676303E-16, 1.000000000000000000, 0.000000000000000000 ) ) ;
#3569 = VERTEX_POINT ( 'NONE', #1000 ) ;
#3570 = VECTOR ( 'NONE', #618, 1000.000000000000000 ) ;
#3571 = ADVANCED_FACE ( 'NONE', ( #1319 ), #4880, .F. ) ;
#3572 = CARTESIAN_POINT ( 'NONE',  ( 16.99999999999999289, 19.89999999999999858, 4.200000000000000178 ) ) ;
#3573 = CARTESIAN_POINT ( 'NONE',  ( 1.196959198423982065E-14, -6.899999999999967493, 1.000000000000000000 ) ) ;
#3574 = CARTESIAN_POINT ( 'NONE',  ( -62.26002644001162167, 9.031244495785450965, -3.200000000000000178 ) ) ;
#3575 = CARTESIAN_POINT ( 'NONE',  ( -41.96242534221950393, 13.24437245649053452, 0.3999999999999975797 ) ) ;
#3576 = DIRECTION ( 'NONE',  ( 1.000000000000000000, 0.000000000000000000, -0.000000000000000000 ) ) ;
#3577 = AXIS2_PLACEMENT_3D ( 'NONE', #4534, #5481, #5046 ) ;
#3578 = ORIENTED_EDGE ( 'NONE', *, *, #3432, .F. ) ;
#3579 = EDGE_CURVE ( 'NONE', #4092, #3417, #429, .T. ) ;
#3580 = DIRECTION ( 'NONE',  ( 0.000000000000000000, -1.000000000000000000, 0.000000000000000000 ) ) ;
#3581 = ORIENTED_EDGE ( 'NONE', *, *, #1120, .F. ) ;
#3582 = DIRECTION ( 'NONE',  ( -1.000000000000000000, 0.000000000000000000, -0.000000000000000000 ) ) ;
#3583 = ORIENTED_EDGE ( 'NONE', *, *, #3009, .T. ) ;
#3584 = ORIENTED_EDGE ( 'NONE', *, *, #825, .F. ) ;
#3585 = ORIENTED_EDGE ( 'NONE', *, *, #1291, .F. ) ;
#3586 = ADVANCED_FACE ( 'NONE', ( #453 ), #5236, .T. ) ;
#3587 = VECTOR ( 'NONE', #3198, 1000.000000000000000 ) ;
#3588 = DIRECTION ( 'NONE',  ( -0.000000000000000000, -0.000000000000000000, 1.000000000000000000 ) ) ;
#3589 = EDGE_CURVE ( 'NONE', #2174, #1757, #2361, .T. ) ;
#3590 = ORIENTED_EDGE ( 'NONE', *, *, #5388, .F. ) ;
#3591 = LINE ( 'NONE', #2264, #2061 ) ;
#3592 = DIRECTION ( 'NONE',  ( -1.000000000000000000, 0.000000000000000000, 0.000000000000000000 ) ) ;
#3593 = LINE ( 'NONE', #5447, #3868 ) ;
#3594 = VECTOR ( 'NONE', #3944, 1000.000000000000000 ) ;
#3595 = CARTESIAN_POINT ( 'NONE',  ( -16.50000000000000000, 19.89999999999999858, 6.200000000000000178 ) ) ;
#3596 = VERTEX_POINT ( 'NONE', #4604 ) ;
#3597 = EDGE_LOOP ( 'NONE', ( #3825, #1632, #262, #2944 ) ) ;
#3598 = ORIENTED_EDGE ( 'NONE', *, *, #3432, .T. ) ;
#3599 = CARTESIAN_POINT ( 'NONE',  ( -21.71242534221950393, 12.36579373369079882, -1.000000000000000000 ) ) ;
#3600 = PLANE ( 'NONE',  #1433 ) ;
#3601 = PLANE ( 'NONE',  #1413 ) ;
#3602 = CARTESIAN_POINT ( 'NONE',  ( -62.76002644001162167, -1.468755504214548147, -2.000000000000000000 ) ) ;
#3603 = PLANE ( 'NONE',  #5499 ) ;
#3604 = EDGE_CURVE ( 'NONE', #2580, #2406, #5474, .T. ) ;
#3605 = DIRECTION ( 'NONE',  ( 0.000000000000000000, -0.000000000000000000, 1.000000000000000000 ) ) ;
#3606 = AXIS2_PLACEMENT_3D ( 'NONE', #3720, #658, #4980 ) ;
#3607 = EDGE_LOOP ( 'NONE', ( #2010, #2842, #4733, #1063 ) ) ;
#3608 = DIRECTION ( 'NONE',  ( 0.000000000000000000, 1.000000000000000000, 0.000000000000000000 ) ) ;
#3609 = AXIS2_PLACEMENT_3D ( 'NONE', #523, #1391, #1851 ) ;
#3610 = ADVANCED_FACE ( 'NONE', ( #3319 ), #5066, .T. ) ;
#3611 = LINE ( 'NONE', #2367, #4970 ) ;
#3612 = ORIENTED_EDGE ( 'NONE', *, *, #3218, .F. ) ;
#3613 = CARTESIAN_POINT ( 'NONE',  ( -55.71242534221949683, -20.15562754350945696, 2.200000000000000178 ) ) ;
#3614 = ORIENTED_EDGE ( 'NONE', *, *, #3030, .F. ) ;
#3615 = LINE ( 'NONE', #4028, #1344 ) ;
#3616 = CARTESIAN_POINT ( 'NONE',  ( -15.55481958689837363, -18.41820355284585276, 4.200000000000000178 ) ) ;
#3617 = EDGE_CURVE ( 'NONE', #2098, #3060, #2734, .T. ) ;
#3618 = FACE_OUTER_BOUND ( 'NONE', #3654, .T. ) ;
#3619 = CARTESIAN_POINT ( 'NONE',  ( 15.55239533417512554, -21.50000000000000000, 1.680000000000002602 ) ) ;
#3620 = ORIENTED_EDGE ( 'NONE', *, *, #2254, .T. ) ;
#3621 = AXIS2_PLACEMENT_3D ( 'NONE', #4831, #4310, #842 ) ;
#3622 = EDGE_CURVE ( 'NONE', #419, #302, #4551, .T. ) ;
#3623 = ORIENTED_EDGE ( 'NONE', *, *, #2161, .T. ) ;
#3624 = CARTESIAN_POINT ( 'NONE',  ( -43.27867000032831868, 21.24437245649053452, 0.7000000000000007327 ) ) ;
#3625 = VERTEX_POINT ( 'NONE', #4987 ) ;
#3626 = LINE ( 'NONE', #5400, #65 ) ;
#3627 = DIRECTION ( 'NONE',  ( -1.613696256722611405E-16, 1.000000000000000000, 0.000000000000000000 ) ) ;
#3628 = DIRECTION ( 'NONE',  ( 0.000000000000000000, -0.000000000000000000, -1.000000000000000000 ) ) ;
#3629 = DIRECTION ( 'NONE',  ( 0.000000000000000000, 0.000000000000000000, 1.000000000000000000 ) ) ;
#3630 = CARTESIAN_POINT ( 'NONE',  ( -64.26002644001162878, 4.081244495785451676, -4.319294316687811275 ) ) ;
#3631 = CARTESIAN_POINT ( 'NONE',  ( -62.76002644001162167, -2.468755504214548147, -1.000000000000000000 ) ) ;
#3632 = ORIENTED_EDGE ( 'NONE', *, *, #3517, .F. ) ;
#3633 = CYLINDRICAL_SURFACE ( 'NONE', #2268, 1.600000000000000755 ) ;
#3634 = EDGE_CURVE ( 'NONE', #3060, #5697, #1048, .T. ) ;
#3635 = CARTESIAN_POINT ( 'NONE',  ( -13.69999999999999396, -16.99999999999999645, 6.200000000000000178 ) ) ;
#3636 = VECTOR ( 'NONE', #5163, 1000.000000000000000 ) ;
#3637 = DIRECTION ( 'NONE',  ( -1.000000000000000000, 0.000000000000000000, -0.000000000000000000 ) ) ;
#3638 = VERTEX_POINT ( 'NONE', #1966 ) ;
#3639 = LINE ( 'NONE', #4898, #4156 ) ;
#3640 = VERTEX_POINT ( 'NONE', #5502 ) ;
#3641 = EDGE_CURVE ( 'NONE', #489, #4876, #2801, .T. ) ;
#3642 = DIRECTION ( 'NONE',  ( 1.000000000000000000, -0.000000000000000000, -0.000000000000000000 ) ) ;
#3643 = AXIS2_PLACEMENT_3D ( 'NONE', #2558, #3447, #3049 ) ;
#3644 = CARTESIAN_POINT ( 'NONE',  ( -34.85231946480952558, 20.93267587056692136, 1.639435821650435887 ) ) ;
#3645 = DIRECTION ( 'NONE',  ( -0.000000000000000000, -0.000000000000000000, 1.000000000000000000 ) ) ;
#3646 = AXIS2_PLACEMENT_3D ( 'NONE', #5135, #3801, #2127 ) ;
#3647 = CARTESIAN_POINT ( 'NONE',  ( -62.26002644001162167, -0.4187555042145468809, -2.150000000000001243 ) ) ;
#3648 = EDGE_CURVE ( 'NONE', #5518, #752, #4668, .T. ) ;
#3649 = ORIENTED_EDGE ( 'NONE', *, *, #3147, .T. ) ;
#3650 = AXIS2_PLACEMENT_3D ( 'NONE', #893, #79, #4850 ) ;
#3651 = EDGE_LOOP ( 'NONE', ( #1244, #256, #4052, #3092 ) ) ;
#3652 = AXIS2_PLACEMENT_3D ( 'NONE', #2614, #426, #458 ) ;
#3653 = FILL_AREA_STYLE_COLOUR ( '', #3741 ) ;
#3654 = EDGE_LOOP ( 'NONE', ( #2913, #657, #908, #5231 ) ) ;
#3655 = CARTESIAN_POINT ( 'NONE',  ( 16.40000000000000568, -20.49999999999999645, 0.000000000000000000 ) ) ;
#3656 = VECTOR ( 'NONE', #5603, 1000.000000000000000 ) ;
#3657 = VECTOR ( 'NONE', #3679, 1000.000000000000000 ) ;
#3658 = CARTESIAN_POINT ( 'NONE',  ( -62.26002644001162167, 9.031244495785450965, 0.2000000000000005107 ) ) ;
#3659 = CARTESIAN_POINT ( 'NONE',  ( -30.21242534221950393, -11.75562754350946371, 1.200000000000000178 ) ) ;
#3660 = VECTOR ( 'NONE', #994, 1000.000000000000000 ) ;
#3661 = DIRECTION ( 'NONE',  ( 0.000000000000000000, 0.000000000000000000, 1.000000000000000000 ) ) ;
#3662 = ORIENTED_EDGE ( 'NONE', *, *, #2266, .T. ) ;
#3663 = DIRECTION ( 'NONE',  ( 1.000000000000000000, -0.000000000000000000, -0.000000000000000000 ) ) ;
#3664 = AXIS2_PLACEMENT_3D ( 'NONE', #1603, #4557, #3764 ) ;
#3665 = LINE ( 'NONE', #2787, #1833 ) ;
#3666 = EDGE_CURVE ( 'NONE', #4603, #138, #4194, .T. ) ;
#3667 = ORIENTED_EDGE ( 'NONE', *, *, #1785, .T. ) ;
#3668 = PLANE ( 'NONE',  #5371 ) ;
#3669 = ORIENTED_EDGE ( 'NONE', *, *, #4442, .F. ) ;
#3670 = VECTOR ( 'NONE', #4738, 1000.000000000000000 ) ;
#3671 = CARTESIAN_POINT ( 'NONE',  ( 4.600000000000000533, -19.49999999999999645, 0.4000000000000007438 ) ) ;
#3672 = DIRECTION ( 'NONE',  ( -1.000000000000000000, -0.000000000000000000, -0.000000000000000000 ) ) ;
#3673 = LINE ( 'NONE', #68, #5529 ) ;
#3674 = ADVANCED_FACE ( 'NONE', ( #1456 ), #3213, .F. ) ;
#3675 = LINE ( 'NONE', #5089, #845 ) ;
#3676 = VECTOR ( 'NONE', #3409, 1000.000000000000000 ) ;
#3677 = VERTEX_POINT ( 'NONE', #2882 ) ;
#3678 = ADVANCED_FACE ( 'NONE', ( #701 ), #5532, .F. ) ;
#3679 = DIRECTION ( 'NONE',  ( -0.000000000000000000, -0.000000000000000000, -1.000000000000000000 ) ) ;
#3680 = DIRECTION ( 'NONE',  ( -0.000000000000000000, -0.000000000000000000, 1.000000000000000000 ) ) ;
#3681 = ORIENTED_EDGE ( 'NONE', *, *, #1329, .T. ) ;
#3682 = CARTESIAN_POINT ( 'NONE',  ( -14.97297864182803551, -18.79999999999999361, 4.200000000000000178 ) ) ;
#3683 = LINE ( 'NONE', #3190, #3460 ) ;
#3684 = EDGE_CURVE ( 'NONE', #2875, #3625, #1099, .T. ) ;
#3685 = EDGE_CURVE ( 'NONE', #3901, #1037, #5700, .T. ) ;
#3686 = DIRECTION ( 'NONE',  ( -0.000000000000000000, 0.000000000000000000, -1.000000000000000000 ) ) ;
#3687 = ORIENTED_EDGE ( 'NONE', *, *, #3030, .T. ) ;
#3688 = CARTESIAN_POINT ( 'NONE',  ( -64.26002644001162878, -2.468755504214548147, -1.000000000000000000 ) ) ;
#3689 = CARTESIAN_POINT ( 'NONE',  ( -13.69999999999999396, -16.49999999999999645, 5.200000000000000178 ) ) ;
#3690 = VECTOR ( 'NONE', #5108, 1000.000000000000000 ) ;
#3691 = AXIS2_PLACEMENT_3D ( 'NONE', #5059, #3749, #1501 ) ;
#3692 = ORIENTED_EDGE ( 'NONE', *, *, #5514, .F. ) ;
#3693 = CARTESIAN_POINT ( 'NONE',  ( -22.31242534221949825, 19.64437245649053310, 2.200000000000000178 ) ) ;
#3694 = DIRECTION ( 'NONE',  ( -8.673617379883981830E-15, 0.000000000000000000, -1.000000000000000000 ) ) ;
#3695 = PLANE ( 'NONE',  #325 ) ;
#3696 = VECTOR ( 'NONE', #260, 1000.000000000000000 ) ;
#3697 = CARTESIAN_POINT ( 'NONE',  ( -18.00000000000000355, -18.49999999999999645, 1.000000000000000000 ) ) ;
#3698 = DIRECTION ( 'NONE',  ( 0.000000000000000000, 0.000000000000000000, -1.000000000000000000 ) ) ;
#3699 = DIRECTION ( 'NONE',  ( -0.000000000000000000, 0.000000000000000000, 1.000000000000000000 ) ) ;
#3700 = VECTOR ( 'NONE', #3870, 1000.000000000000000 ) ;
#3701 = EDGE_CURVE ( 'NONE', #4352, #4243, #3188, .T. ) ;
#3702 = ORIENTED_EDGE ( 'NONE', *, *, #1418, .T. ) ;
#3703 = AXIS2_PLACEMENT_3D ( 'NONE', #5000, #1439, #3196 ) ;
#3704 = CARTESIAN_POINT ( 'NONE',  ( -21.71242534221950038, -3.503725949910877432E-15, 0.000000000000000000 ) ) ;
#3705 = FACE_OUTER_BOUND ( 'NONE', #4941, .T. ) ;
#3706 = ORIENTED_EDGE ( 'NONE', *, *, #5701, .F. ) ;
#3707 = EDGE_CURVE ( 'NONE', #8, #3791, #1996, .T. ) ;
#3708 = PLANE ( 'NONE',  #4099 ) ;
#3709 = CARTESIAN_POINT ( 'NONE',  ( -56.70360328966259544, 17.75398937471796046, 0.8705302136839054850 ) ) ;
#3710 = CARTESIAN_POINT ( 'NONE',  ( -56.70357429101138536, 6.135158235864681231, 0.8707673339665672474 ) ) ;
#3711 = VERTEX_POINT ( 'NONE', #3759 ) ;
#3712 = CARTESIAN_POINT ( 'NONE',  ( -21.71242534221950393, 12.36579373369079882, 1.200000000000000178 ) ) ;
#3713 = EDGE_CURVE ( 'NONE', #809, #4427, #1565, .T. ) ;
#3714 = LINE ( 'NONE', #1549, #5654 ) ;
#3715 = VECTOR ( 'NONE', #872, 1000.000000000000000 ) ;
#3716 = ORIENTED_EDGE ( 'NONE', *, *, #1266, .T. ) ;
#3717 = LINE ( 'NONE', #4107, #4715 ) ;
#3718 = ORIENTED_EDGE ( 'NONE', *, *, #2953, .T. ) ;
#3719 = EDGE_CURVE ( 'NONE', #3993, #809, #4261, .T. ) ;
#3720 = CARTESIAN_POINT ( 'NONE',  ( -16.39999999999999503, -19.99999999999999645, 4.699999999999999289 ) ) ;
#3721 = CARTESIAN_POINT ( 'NONE',  ( 0.000000000000000000, -1.468755504214548147, 0.000000000000000000 ) ) ;
#3722 = CARTESIAN_POINT ( 'NONE',  ( -53.33195776004129840, 20.24437245649053452, 2.200000000000000178 ) ) ;
#3723 = DIRECTION ( 'NONE',  ( -1.000000000000000000, 0.000000000000000000, 0.000000000000000000 ) ) ;
#3724 = APPLICATION_CONTEXT ( 'automotive_design' ) ;
#3725 = VECTOR ( 'NONE', #5320, 1000.000000000000000 ) ;
#3726 = DIRECTION ( 'NONE',  ( -0.000000000000000000, -0.000000000000000000, -1.000000000000000000 ) ) ;
#3727 = VERTEX_POINT ( 'NONE', #2919 ) ;
#3728 = CARTESIAN_POINT ( 'NONE',  ( -43.18243966410999235, 21.22061190787331597, 0.9976532705901904885 ) ) ;
#3729 = EDGE_CURVE ( 'NONE', #3785, #3638, #4692, .T. ) ;
#3730 = CARTESIAN_POINT ( 'NONE',  ( -48.16930226743011190, -12.75562754350946193, -1.199999999999999734 ) ) ;
#3731 = ORIENTED_EDGE ( 'NONE', *, *, #2554, .T. ) ;
#3732 = CIRCLE ( 'NONE', #2723, 0.6188099003126921183 ) ;
#3733 = LINE ( 'NONE', #2333, #4763 ) ;
#3734 = VECTOR ( 'NONE', #1159, 1000.000000000000000 ) ;
#3735 = DIRECTION ( 'NONE',  ( -0.000000000000000000, -0.000000000000000000, 1.000000000000000000 ) ) ;
#3736 = EDGE_CURVE ( 'NONE', #36, #5068, #5561, .T. ) ;
#3737 = ORIENTED_EDGE ( 'NONE', *, *, #237, .T. ) ;
#3738 = CARTESIAN_POINT ( 'NONE',  ( -27.46433655495782844, -19.75562754350946193, -1.000000000000000000 ) ) ;
#3739 = LINE ( 'NONE', #2438, #4206 ) ;
#3740 = VECTOR ( 'NONE', #4420, 1000.000000000000000 ) ;
#3741 = COLOUR_RGB ( '',0.7921568627450980005, 0.8196078431372548767, 0.9333333333333333481 ) ;
#3742 = CARTESIAN_POINT ( 'NONE',  ( 4.566666666666668206, -7.366666666666667140, -3.433333333333329129 ) ) ;
#3743 = EDGE_CURVE ( 'NONE', #5190, #2627, #2331, .T. ) ;
#3744 = ORIENTED_EDGE ( 'NONE', *, *, #5167, .T. ) ;
#3745 = ORIENTED_EDGE ( 'NONE', *, *, #2281, .F. ) ;
#3746 = CARTESIAN_POINT ( 'NONE',  ( -64.26002644001162878, -1.468755504214548147, -3.000000000000000000 ) ) ;
#3747 = ORIENTED_EDGE ( 'NONE', *, *, #5069, .F. ) ;
#3748 = LINE ( 'NONE', #122, #2583 ) ;
#3749 = DIRECTION ( 'NONE',  ( -1.000000000000000000, -0.000000000000000000, -0.000000000000000000 ) ) ;
#3750 = DIRECTION ( 'NONE',  ( 0.000000000000000000, -0.000000000000000000, 1.000000000000000000 ) ) ;
#3751 = AXIS2_PLACEMENT_3D ( 'NONE', #3616, #5333, #3126 ) ;
#3752 = ORIENTED_EDGE ( 'NONE', *, *, #1165, .F. ) ;
#3753 = EDGE_CURVE ( 'NONE', #3493, #2113, #5422, .T. ) ;
#3754 = ORIENTED_EDGE ( 'NONE', *, *, #2783, .F. ) ;
#3755 = AXIS2_PLACEMENT_3D ( 'NONE', #5290, #398, #2988 ) ;
#3756 = DIRECTION ( 'NONE',  ( -1.734723475976793684E-15, 1.000000000000000000, 0.000000000000000000 ) ) ;
#3757 = LINE ( 'NONE', #1191, #1350 ) ;
#3758 = ORIENTED_EDGE ( 'NONE', *, *, #3532, .T. ) ;
#3759 = CARTESIAN_POINT ( 'NONE',  ( -56.71242534221949683, 19.64437245649053310, 0.000000000000000000 ) ) ;
#3760 = LINE ( 'NONE', #3730, #2188 ) ;
#3761 = ORIENTED_EDGE ( 'NONE', *, *, #621, .F. ) ;
#3762 = CIRCLE ( 'NONE', #627, 0.7795671503096346378 ) ;
#3763 = CARTESIAN_POINT ( 'NONE',  ( -54.71242534221950393, 4.444372456490531142, -1.000000000000000000 ) ) ;
#3764 = DIRECTION ( 'NONE',  ( -1.000000000000000000, 0.000000000000000000, 0.000000000000000000 ) ) ;
#3765 = AXIS2_PLACEMENT_3D ( 'NONE', #2348, #2795, #175 ) ;
#3766 =( BOUNDED_CURVE ( )  B_SPLINE_CURVE ( 3, ( #1806, #4415, #1346, #536 ),
 .UNSPECIFIED., .F., .T. ) 
 B_SPLINE_CURVE_WITH_KNOTS ( ( 4, 4 ),
 ( 3.141592653589792228, 6.283185307179586232 ),
 .UNSPECIFIED. ) 
 CURVE ( )  GEOMETRIC_REPRESENTATION_ITEM ( )  RATIONAL_B_SPLINE_CURVE ( ( 1.000000000000000000, 0.3333333333333330373, 0.3333333333333330373, 1.000000000000000000 ) ) 
 REPRESENTATION_ITEM ( '' )  );
#3767 = ORIENTED_EDGE ( 'NONE', *, *, #5215, .T. ) ;
#3768 = CYLINDRICAL_SURFACE ( 'NONE', #417, 1.000000000000000000 ) ;
#3769 = CARTESIAN_POINT ( 'NONE',  ( 16.49999999999999645, 2.662598823592308609E-15, 4.699999999999999289 ) ) ;
#3770 = ADVANCED_FACE ( 'NONE', ( #1730 ), #3187, .F. ) ;
#3771 = CARTESIAN_POINT ( 'NONE',  ( -22.31242534221949825, 19.64437245649053310, 0.7000000000000000666 ) ) ;
#3772 = DIRECTION ( 'NONE',  ( 0.000000000000000000, 1.000000000000000000, 0.000000000000000000 ) ) ;
#3773 = ORIENTED_EDGE ( 'NONE', *, *, #4109, .T. ) ;
#3774 = CARTESIAN_POINT ( 'NONE',  ( 18.00000000000000355, -19.89999999999998792, 4.699999999999999289 ) ) ;
#3775 = EDGE_LOOP ( 'NONE', ( #3105, #5406, #827, #2570 ) ) ;
#3776 = LINE ( 'NONE', #5055, #4533 ) ;
#3777 = ORIENTED_EDGE ( 'NONE', *, *, #298, .F. ) ;
#3778 = ADVANCED_FACE ( 'NONE', ( #1458 ), #5696, .F. ) ;
#3779 = CARTESIAN_POINT ( 'NONE',  ( 16.39999999999999147, 21.50000000000000000, 4.699999999999999289 ) ) ;
#3780 = CARTESIAN_POINT ( 'NONE',  ( -64.26002644001162878, 9.031244495785450965, -1.000000000000000000 ) ) ;
#3781 = FACE_OUTER_BOUND ( 'NONE', #522, .T. ) ;
#3782 = AXIS2_PLACEMENT_3D ( 'NONE', #1088, #2370, #1552 ) ;
#3783 = ORIENTED_EDGE ( 'NONE', *, *, #2045, .T. ) ;
#3784 = ORIENTED_EDGE ( 'NONE', *, *, #71, .T. ) ;
#3785 = VERTEX_POINT ( 'NONE', #4363 ) ;
#3786 = DIRECTION ( 'NONE',  ( 1.000000000000000000, 0.000000000000000000, 0.000000000000000000 ) ) ;
#3787 = AXIS2_PLACEMENT_3D ( 'NONE', #3337, #755, #2967 ) ;
#3788 = VECTOR ( 'NONE', #4928, 1000.000000000000000 ) ;
#3789 = EDGE_CURVE ( 'NONE', #5195, #2722, #3626, .T. ) ;
#3790 = CARTESIAN_POINT ( 'NONE',  ( -16.39999999999999147, -20.49999999999999645, 4.200000000000000178 ) ) ;
#3791 = VERTEX_POINT ( 'NONE', #4503 ) ;
#3792 = CARTESIAN_POINT ( 'NONE',  ( 13.70000000000000462, -16.49999999999999645, 5.699999999999999289 ) ) ;
#3793 = CARTESIAN_POINT ( 'NONE',  ( -56.68211918788940551, 6.644372456490533096, 1.000000000000000000 ) ) ;
#3794 = VERTEX_POINT ( 'NONE', #133 ) ;
#3795 = EDGE_CURVE ( 'NONE', #5489, #1082, #3925, .T. ) ;
#3796 = DIRECTION ( 'NONE',  ( 0.000000000000000000, 0.000000000000000000, 1.000000000000000000 ) ) ;
#3797 = VECTOR ( 'NONE', #4210, 1000.000000000000000 ) ;
#3798 = ORIENTED_EDGE ( 'NONE', *, *, #972, .T. ) ;
#3799 = FACE_OUTER_BOUND ( 'NONE', #1724, .T. ) ;
#3800 = ORIENTED_EDGE ( 'NONE', *, *, #1968, .T. ) ;
#3801 = DIRECTION ( 'NONE',  ( 0.000000000000000000, -1.000000000000000000, 1.734723475976807094E-15 ) ) ;
#3802 = DIRECTION ( 'NONE',  ( -1.000000000000000000, 0.000000000000000000, 0.000000000000000000 ) ) ;
#3803 = LINE ( 'NONE', #2070, #963 ) ;
#3804 = DIRECTION ( 'NONE',  ( 1.000000000000000000, 0.000000000000000000, -0.000000000000000000 ) ) ;
#3805 = CARTESIAN_POINT ( 'NONE',  ( 16.40000000000000213, -19.99999999999999645, 6.200000000000000178 ) ) ;
#3806 = EDGE_CURVE ( 'NONE', #138, #302, #2354, .T. ) ;
#3807 = ORIENTED_EDGE ( 'NONE', *, *, #3457, .F. ) ;
#3808 = DIRECTION ( 'NONE',  ( 1.000000000000000000, 0.000000000000000000, 0.000000000000000000 ) ) ;
#3809 = ORIENTED_EDGE ( 'NONE', *, *, #211, .F. ) ;
#3810 = DIRECTION ( 'NONE',  ( 0.000000000000000000, 0.000000000000000000, 1.000000000000000000 ) ) ;
#3811 = DIRECTION ( 'NONE',  ( 0.000000000000000000, 0.000000000000000000, -1.000000000000000000 ) ) ;
#3812 = CARTESIAN_POINT ( 'NONE',  ( 16.99999999999999289, 19.89999999999999858, 4.200000000000000178 ) ) ;
#3813 = ORIENTED_EDGE ( 'NONE', *, *, #1879, .T. ) ;
#3814 = ORIENTED_EDGE ( 'NONE', *, *, #51, .T. ) ;
#3815 = EDGE_CURVE ( 'NONE', #382, #5082, #4798, .T. ) ;
#3816 = ORIENTED_EDGE ( 'NONE', *, *, #3915, .T. ) ;
#3817 = DIRECTION ( 'NONE',  ( -1.000000000000000000, 0.000000000000000000, 0.000000000000000000 ) ) ;
#3818 = AXIS2_PLACEMENT_3D ( 'NONE', #9, #2176, #1771 ) ;
#3819 = CARTESIAN_POINT ( 'NONE',  ( -62.76002644001162167, 1.881244495785452386, -0.8500000000000009770 ) ) ;
#3820 = CARTESIAN_POINT ( 'NONE',  ( 22.41086937588510253, -13.36873375215415827, 3.779999999999999361 ) ) ;
#3821 = EDGE_LOOP ( 'NONE', ( #3388, #1186, #5021, #761, #1751, #1722, #1888, #1796, #2134, #4789, #4709, #282, #1065, #3565 ) ) ;
#3822 = VECTOR ( 'NONE', #2550, 1000.000000000000000 ) ;
#3823 = EDGE_CURVE ( 'NONE', #847, #2492, #1892, .T. ) ;
#3824 = LINE ( 'NONE', #3384, #1633 ) ;
#3825 = ORIENTED_EDGE ( 'NONE', *, *, #2431, .F. ) ;
#3826 = LINE ( 'NONE', #2885, #4104 ) ;
#3827 = ORIENTED_EDGE ( 'NONE', *, *, #4561, .F. ) ;
#3828 = EDGE_CURVE ( 'NONE', #2489, #5385, #837, .T. ) ;
#3829 = CIRCLE ( 'NONE', #4571, 1.600000000000000755 ) ;
#3830 = EDGE_LOOP ( 'NONE', ( #1258, #4159, #350, #1397 ) ) ;
#3831 = DIRECTION ( 'NONE',  ( 0.000000000000000000, 0.000000000000000000, 1.000000000000000000 ) ) ;
#3832 = VECTOR ( 'NONE', #882, 1000.000000000000000 ) ;
#3833 = CARTESIAN_POINT ( 'NONE',  ( 22.72906742741905006, -13.68693180368810225, 2.579999999999999627 ) ) ;
#3834 = DIRECTION ( 'NONE',  ( 0.000000000000000000, -1.000000000000000000, 0.000000000000000000 ) ) ;
#3835 = DIRECTION ( 'NONE',  ( -0.000000000000000000, 0.000000000000000000, -1.000000000000000000 ) ) ;
#3836 = VECTOR ( 'NONE', #1352, 1000.000000000000000 ) ;
#3837 = CARTESIAN_POINT ( 'NONE',  ( -21.71242534221950393, -16.19705362128172510, 1.200000000000000178 ) ) ;
#3838 = VERTEX_POINT ( 'NONE', #4989 ) ;
#3839 = CARTESIAN_POINT ( 'NONE',  ( -62.76002644001162167, 9.031244495785450965, -3.000000000000000000 ) ) ;
#3840 = ORIENTED_EDGE ( 'NONE', *, *, #5019, .T. ) ;
#3841 = VECTOR ( 'NONE', #5262, 1000.000000000000000 ) ;
#3842 = DIRECTION ( 'NONE',  ( 1.000000000000000000, 0.000000000000000000, 0.000000000000000000 ) ) ;
#3843 = CARTESIAN_POINT ( 'NONE',  ( -55.11242534221950251, 19.64437245649053310, 2.200000000000000178 ) ) ;
#3844 = EDGE_CURVE ( 'NONE', #2204, #5319, #4529, .T. ) ;
#3845 = CARTESIAN_POINT ( 'NONE',  ( 14.59999999999999964, -20.49999999999999645, 2.100000000000000089 ) ) ;
#3846 = CIRCLE ( 'NONE', #5334, 1.600000000000000755 ) ;
#3847 = ORIENTED_EDGE ( 'NONE', *, *, #2425, .F. ) ;
#3848 = AXIS2_PLACEMENT_3D ( 'NONE', #3883, #3502, #5279 ) ;
#3849 = ORIENTED_EDGE ( 'NONE', *, *, #3142, .F. ) ;
#3850 = EDGE_LOOP ( 'NONE', ( #3425, #5676, #5270, #4528 ) ) ;
#3851 = DIRECTION ( 'NONE',  ( 0.000000000000000000, -1.000000000000000000, -1.885568995626964287E-16 ) ) ;
#3852 = DIRECTION ( 'NONE',  ( -0.000000000000000000, -0.000000000000000000, 1.000000000000000000 ) ) ;
#3853 = EDGE_CURVE ( 'NONE', #5082, #5367, #973, .T. ) ;
#3854 = DIRECTION ( 'NONE',  ( 1.000000000000000000, -0.000000000000000000, 0.000000000000000000 ) ) ;
#3855 = CIRCLE ( 'NONE', #1729, 1.500000000000000000 ) ;
#3856 = CARTESIAN_POINT ( 'NONE',  ( -55.71242534221949683, 18.24437245649053452, 0.000000000000000000 ) ) ;
#3857 = ORIENTED_EDGE ( 'NONE', *, *, #4849, .F. ) ;
#3858 = LINE ( 'NONE', #3414, #4381 ) ;
#3859 = EDGE_CURVE ( 'NONE', #4726, #34, #4067, .T. ) ;
#3860 = ORIENTED_EDGE ( 'NONE', *, *, #1398, .F. ) ;
#3861 = CARTESIAN_POINT ( 'NONE',  ( -34.11242534221949541, 20.24437245649053452, 0.4000000000000045741 ) ) ;
#3862 = AXIS2_PLACEMENT_3D ( 'NONE', #3492, #5209, #3991 ) ;
#3863 = VERTEX_POINT ( 'NONE', #3655 ) ;
#3864 = FACE_OUTER_BOUND ( 'NONE', #2112, .T. ) ;
#3865 = CARTESIAN_POINT ( 'NONE',  ( -13.69999999999999751, 10.90000000000000036, 5.200000000000000178 ) ) ;
#3866 = DIRECTION ( 'NONE',  ( 0.000000000000000000, 0.000000000000000000, -1.000000000000000000 ) ) ;
#3867 = EDGE_CURVE ( 'NONE', #5082, #1965, #3215, .T. ) ;
#3868 = VECTOR ( 'NONE', #583, 1000.000000000000000 ) ;
#3869 = CARTESIAN_POINT ( 'NONE',  ( -16.99999999999999289, -17.49999999999999645, 2.000000000000000000 ) ) ;
#3870 = DIRECTION ( 'NONE',  ( 1.000000000000000000, -0.000000000000000000, -0.000000000000000000 ) ) ;
#3871 = ORIENTED_EDGE ( 'NONE', *, *, #2060, .T. ) ;
#3872 = CARTESIAN_POINT ( 'NONE',  ( -27.46433655495782844, -19.75562754350946193, -1.000000000000000000 ) ) ;
#3873 = ORIENTED_EDGE ( 'NONE', *, *, #4026, .T. ) ;
#3874 = CARTESIAN_POINT ( 'NONE',  ( -18.00000000000000355, 19.89999999999999858, 6.200000000000000178 ) ) ;
#3875 = DIRECTION ( 'NONE',  ( -1.000000000000000000, 0.000000000000000000, 0.000000000000000000 ) ) ;
#3876 = DIRECTION ( 'NONE',  ( -0.000000000000000000, 0.000000000000000000, 1.000000000000000000 ) ) ;
#3877 = VERTEX_POINT ( 'NONE', #4553 ) ;
#3878 = EDGE_LOOP ( 'NONE', ( #2881, #1815, #4183, #30 ) ) ;
#3879 = ORIENTED_EDGE ( 'NONE', *, *, #2089, .T. ) ;
#3880 = FACE_OUTER_BOUND ( 'NONE', #3969, .T. ) ;
#3881 = CARTESIAN_POINT ( 'NONE',  ( 0.000000000000000000, 0.000000000000000000, -3.000000000000000000 ) ) ;
#3882 = LINE ( 'NONE', #4410, #3594 ) ;
#3883 = CARTESIAN_POINT ( 'NONE',  ( -55.71242534221949683, 21.24437245649053452, 2.200000000000000178 ) ) ;
#3884 = VECTOR ( 'NONE', #1365, 1000.000000000000000 ) ;
#3885 = EDGE_CURVE ( 'NONE', #5677, #2215, #4393, .T. ) ;
#3886 = ORIENTED_EDGE ( 'NONE', *, *, #5331, .T. ) ;
#3887 = CARTESIAN_POINT ( 'NONE',  ( -62.26002644001162167, 9.031244495785450965, -1.000000000000000000 ) ) ;
#3888 = VERTEX_POINT ( 'NONE', #1265 ) ;
#3889 = DIRECTION ( 'NONE',  ( 0.000000000000000000, -1.000000000000000000, 0.000000000000000000 ) ) ;
#3890 = ADVANCED_FACE ( 'NONE', ( #3054 ), #77, .F. ) ;
#3891 = DIRECTION ( 'NONE',  ( 1.000000000000000000, 0.000000000000000000, -0.000000000000000000 ) ) ;
#3892 = CIRCLE ( 'NONE', #1113, 1.350000000000004086 ) ;
#3893 = LINE ( 'NONE', #5260, #2887 ) ;
#3894 = CARTESIAN_POINT ( 'NONE',  ( -21.71242534221950393, -16.19705362128172510, -1.000000000000000000 ) ) ;
#3895 = LINE ( 'NONE', #5664, #448 ) ;
#3896 = FACE_OUTER_BOUND ( 'NONE', #1200, .T. ) ;
#3897 = ORIENTED_EDGE ( 'NONE', *, *, #4999, .T. ) ;
#3898 = EDGE_CURVE ( 'NONE', #5717, #489, #4038, .T. ) ;
#3899 = VECTOR ( 'NONE', #2102, 1000.000000000000000 ) ;
#3900 = DIRECTION ( 'NONE',  ( 1.000000000000000000, -0.000000000000000000, -0.000000000000000000 ) ) ;
#3901 = VERTEX_POINT ( 'NONE', #4605 ) ;
#3902 = DIRECTION ( 'NONE',  ( 0.000000000000000000, 0.000000000000000000, -1.000000000000000000 ) ) ;
#3903 = CYLINDRICAL_SURFACE ( 'NONE', #5458, 1.599999999999997202 ) ;
#3904 = FACE_OUTER_BOUND ( 'NONE', #171, .T. ) ;
#3905 = ORIENTED_EDGE ( 'NONE', *, *, #3206, .F. ) ;
#3906 = VERTEX_POINT ( 'NONE', #5533 ) ;
#3907 = ORIENTED_EDGE ( 'NONE', *, *, #2391, .F. ) ;
#3908 = CARTESIAN_POINT ( 'NONE',  ( -48.16930226743011190, -12.75562754350946193, 1.200000000000000178 ) ) ;
#3909 = VECTOR ( 'NONE', #568, 1000.000000000000000 ) ;
#3910 = FACE_OUTER_BOUND ( 'NONE', #3057, .T. ) ;
#3911 = DIRECTION ( 'NONE',  ( 0.000000000000000000, -0.000000000000000000, -1.000000000000000000 ) ) ;
#3912 = TOROIDAL_SURFACE ( 'NONE', #2878, 0.1000000000000000472, 1.500000000000000000 ) ;
#3913 = DIRECTION ( 'NONE',  ( 0.000000000000000000, 0.000000000000000000, 1.000000000000000000 ) ) ;
#3914 = EDGE_LOOP ( 'NONE', ( #400, #3212, #4431, #546 ) ) ;
#3915 = EDGE_CURVE ( 'NONE', #4076, #1560, #5475, .T. ) ;
#3916 = EDGE_LOOP ( 'NONE', ( #1471, #2073, #4007, #3706 ) ) ;
#3917 = DIRECTION ( 'NONE',  ( -1.000000000000000000, 0.000000000000000000, 0.000000000000000000 ) ) ;
#3918 = VERTEX_POINT ( 'NONE', #3793 ) ;
#3919 = DIRECTION ( 'NONE',  ( 0.000000000000000000, 0.000000000000000000, -1.000000000000000000 ) ) ;
#3920 = DIRECTION ( 'NONE',  ( -0.000000000000000000, 0.000000000000000000, -1.000000000000000000 ) ) ;
#3921 = CARTESIAN_POINT ( 'NONE',  ( -52.95155156584890221, -12.75562754350946193, -1.199999999999999734 ) ) ;
#3922 = EDGE_CURVE ( 'NONE', #1739, #2971, #2487, .T. ) ;
#3923 = AXIS2_PLACEMENT_3D ( 'NONE', #956, #2620, #5381 ) ;
#3924 = CARTESIAN_POINT ( 'NONE',  ( 7.000000000000007994, 18.60000000000000142, 5.200000000000001066 ) ) ;
#3925 = LINE ( 'NONE', #2728, #5505 ) ;
#3926 = EDGE_LOOP ( 'NONE', ( #3620, #2458, #819, #280 ) ) ;
#3927 = CARTESIAN_POINT ( 'NONE',  ( -62.26002644001162167, 1.881244495785453275, -2.150000000000000799 ) ) ;
#3928 = VERTEX_POINT ( 'NONE', #2456 ) ;
#3929 = VECTOR ( 'NONE', #5344, 1000.000000000000000 ) ;
#3930 = FACE_BOUND ( 'NONE', #1496, .T. ) ;
#3931 = EDGE_CURVE ( 'NONE', #2435, #2402, #2955, .T. ) ;
#3932 = VECTOR ( 'NONE', #1660, 1000.000000000000000 ) ;
#3933 = CARTESIAN_POINT ( 'NONE',  ( -18.00000000000000355, -5.899999999999998579, 1.000000000000000000 ) ) ;
#3934 = ORIENTED_EDGE ( 'NONE', *, *, #159, .T. ) ;
#3935 = VECTOR ( 'NONE', #4948, 1000.000000000000000 ) ;
#3936 = ORIENTED_EDGE ( 'NONE', *, *, #1039, .T. ) ;
#3937 = ORIENTED_EDGE ( 'NONE', *, *, #5430, .F. ) ;
#3938 = DIRECTION ( 'NONE',  ( 0.000000000000000000, -0.000000000000000000, 1.000000000000000000 ) ) ;
#3939 = VERTEX_POINT ( 'NONE', #1076 ) ;
#3940 = CARTESIAN_POINT ( 'NONE',  ( -15.55481958689837363, -18.41820355284585276, 5.200000000000001066 ) ) ;
#3941 = ADVANCED_FACE ( 'NONE', ( #4230 ), #265, .F. ) ;
#3942 = EDGE_CURVE ( 'NONE', #4646, #2293, #5140, .T. ) ;
#3943 = VECTOR ( 'NONE', #5373, 1000.000000000000000 ) ;
#3944 = DIRECTION ( 'NONE',  ( 0.000000000000000000, -1.000000000000000000, -9.427844978134821433E-17 ) ) ;
#3945 = CARTESIAN_POINT ( 'NONE',  ( 16.40000000000000568, -20.49999999999999645, 4.200000000000000178 ) ) ;
#3946 = VERTEX_POINT ( 'NONE', #736 ) ;
#3947 = CIRCLE ( 'NONE', #4321, 0.09999999999999939493 ) ;
#3948 = EDGE_CURVE ( 'NONE', #4917, #1646, #1538, .T. ) ;
#3949 = ORIENTED_EDGE ( 'NONE', *, *, #4681, .T. ) ;
#3950 = FACE_OUTER_BOUND ( 'NONE', #266, .T. ) ;
#3951 = ORIENTED_EDGE ( 'NONE', *, *, #3589, .F. ) ;
#3952 = UNCERTAINTY_MEASURE_WITH_UNIT (LENGTH_MEASURE( 1.000000000000000082E-05 ), #4790, 'distance_accuracy_value', 'NONE');
#3953 = AXIS2_PLACEMENT_3D ( 'NONE', #1111, #2865, #4208 ) ;
#3954 = CARTESIAN_POINT ( 'NONE',  ( -21.71242534221950038, -3.503725949910877432E-15, 0.000000000000000000 ) ) ;
#3955 = PLANE ( 'NONE',  #1989 ) ;
#3956 = CYLINDRICAL_SURFACE ( 'NONE', #4132, 0.5999999999999998668 ) ;
#3957 = ORIENTED_EDGE ( 'NONE', *, *, #3147, .F. ) ;
#3958 = LINE ( 'NONE', #2737, #3358 ) ;
#3959 = EDGE_LOOP ( 'NONE', ( #848, #787, #4891, #3508, #2902, #957, #3718 ) ) ;
#3960 = EDGE_CURVE ( 'NONE', #2569, #2392, #3352, .T. ) ;
#3961 = VECTOR ( 'NONE', #5267, 1000.000000000000000 ) ;
#3962 = CIRCLE ( 'NONE', #2932, 1.000000000000000000 ) ;
#3963 = FACE_OUTER_BOUND ( 'NONE', #1988, .T. ) ;
#3964 = DIRECTION ( 'NONE',  ( 1.000000000000000000, 0.000000000000000000, 0.000000000000000000 ) ) ;
#3965 = VERTEX_POINT ( 'NONE', #4262 ) ;
#3966 = VERTEX_POINT ( 'NONE', #644 ) ;
#3967 = ORIENTED_EDGE ( 'NONE', *, *, #2993, .T. ) ;
#3968 = DIRECTION ( 'NONE',  ( -0.000000000000000000, -0.000000000000000000, 1.000000000000000000 ) ) ;
#3969 = EDGE_LOOP ( 'NONE', ( #1998, #3537, #4868, #3376, #3520 ) ) ;
#3970 = EDGE_CURVE ( 'NONE', #2215, #188, #4195, .T. ) ;
#3971 = CYLINDRICAL_SURFACE ( 'NONE', #4841, 0.6959219873088288155 ) ;
#3972 = LINE ( 'NONE', #2119, #4429 ) ;
#3973 = LINE ( 'NONE', #5305, #5280 ) ;
#3974 = EDGE_CURVE ( 'NONE', #341, #5202, #296, .T. ) ;
#3975 = ORIENTED_EDGE ( 'NONE', *, *, #2234, .T. ) ;
#3976 = ORIENTED_EDGE ( 'NONE', *, *, #2821, .F. ) ;
#3977 = DIRECTION ( 'NONE',  ( -0.7071067811865437980, -0.7071067811865512365, 0.000000000000000000 ) ) ;
#3978 = AXIS2_PLACEMENT_3D ( 'NONE', #685, #1908, #4541 ) ;
#3979 = VECTOR ( 'NONE', #4648, 1000.000000000000000 ) ;
#3980 = VERTEX_POINT ( 'NONE', #1967 ) ;
#3981 = DIRECTION ( 'NONE',  ( 1.000000000000000000, -0.000000000000000000, 0.000000000000000000 ) ) ;
#3982 = EDGE_CURVE ( 'NONE', #3400, #4779, #3239, .T. ) ;
#3983 = LINE ( 'NONE', #24, #5604 ) ;
#3984 = CIRCLE ( 'NONE', #2491, 1.000000000000000000 ) ;
#3985 = DIRECTION ( 'NONE',  ( -1.266221515311538543E-16, 1.000000000000000000, 0.000000000000000000 ) ) ;
#3986 = LINE ( 'NONE', #3630, #1624 ) ;
#3987 = CARTESIAN_POINT ( 'NONE',  ( 16.39999999999999503, 20.49999999999999645, 4.200000000000000178 ) ) ;
#3988 = VERTEX_POINT ( 'NONE', #232 ) ;
#3989 = DIRECTION ( 'NONE',  ( 0.000000000000000000, 0.000000000000000000, -1.000000000000000000 ) ) ;
#3990 = EDGE_LOOP ( 'NONE', ( #1485, #85, #4651, #2143 ) ) ;
#3991 = DIRECTION ( 'NONE',  ( -0.000000000000000000, 0.000000000000000000, 1.000000000000000000 ) ) ;
#3992 = EDGE_CURVE ( 'NONE', #1298, #4922, #1072, .T. ) ;
#3993 = VERTEX_POINT ( 'NONE', #2830 ) ;
#3994 = ORIENTED_EDGE ( 'NONE', *, *, #1156, .T. ) ;
#3995 = ORIENTED_EDGE ( 'NONE', *, *, #5382, .T. ) ;
#3996 = FACE_BOUND ( 'NONE', #2213, .T. ) ;
#3997 = ORIENTED_EDGE ( 'NONE', *, *, #1626, .F. ) ;
#3998 = DIRECTION ( 'NONE',  ( 0.000000000000000000, 0.000000000000000000, -1.000000000000000000 ) ) ;
#3999 = CARTESIAN_POINT ( 'NONE',  ( -34.24353309270094314, 21.22012003489324528, 0.9997230560353413953 ) ) ;
#4000 = DIRECTION ( 'NONE',  ( 0.000000000000000000, -1.000000000000000000, 0.000000000000000000 ) ) ;
#4001 = EDGE_CURVE ( 'NONE', #5367, #2012, #3760, .T. ) ;
#4002 = CARTESIAN_POINT ( 'NONE',  ( -56.71242534221949683, 21.24437245649053452, 2.200000000000000178 ) ) ;
#4003 = ORIENTED_EDGE ( 'NONE', *, *, #1374, .F. ) ;
#4004 = ORIENTED_EDGE ( 'NONE', *, *, #638, .T. ) ;
#4005 = EDGE_CURVE ( 'NONE', #2197, #809, #5067, .T. ) ;
#4006 = DIRECTION ( 'NONE',  ( 0.000000000000000000, -1.000000000000000000, 0.000000000000000000 ) ) ;
#4007 = ORIENTED_EDGE ( 'NONE', *, *, #3719, .F. ) ;
#4008 = DIRECTION ( 'NONE',  ( 1.000000000000000000, -0.000000000000000000, 0.000000000000000000 ) ) ;
#4009 = CARTESIAN_POINT ( 'NONE',  ( -16.58197335456738486, 18.29609250885616945, 4.200000000000000178 ) ) ;
#4010 = DIRECTION ( 'NONE',  ( 0.000000000000000000, -1.000000000000000000, 0.000000000000000000 ) ) ;
#4011 = CARTESIAN_POINT ( 'NONE',  ( -55.11242534221950251, 21.24437245649053452, 2.200000000000000178 ) ) ;
#4012 = EDGE_CURVE ( 'NONE', #3863, #5618, #702, .T. ) ;
#4013 = LINE ( 'NONE', #5349, #1826 ) ;
#4014 = ORIENTED_EDGE ( 'NONE', *, *, #3536, .F. ) ;
#4015 = FACE_OUTER_BOUND ( 'NONE', #4500, .T. ) ;
#4016 = ORIENTED_EDGE ( 'NONE', *, *, #1774, .T. ) ;
#4017 = CIRCLE ( 'NONE', #2355, 0.6959219873088288155 ) ;
#4018 = VECTOR ( 'NONE', #3694, 1000.000000000000000 ) ;
#4019 = CARTESIAN_POINT ( 'NONE',  ( -64.26002644001162878, -2.468755504214548147, -3.000000000000000000 ) ) ;
#4020 = VERTEX_POINT ( 'NONE', #2429 ) ;
#4021 = ORIENTED_EDGE ( 'NONE', *, *, #2895, .T. ) ;
#4022 = ORIENTED_EDGE ( 'NONE', *, *, #2841, .F. ) ;
#4023 = CARTESIAN_POINT ( 'NONE',  ( -30.21242534221950393, -11.75562754350946371, -0.1999999999999998723 ) ) ;
#4024 = ORIENTED_EDGE ( 'NONE', *, *, #4561, .T. ) ;
#4025 = VECTOR ( 'NONE', #5698, 1000.000000000000000 ) ;
#4026 = EDGE_CURVE ( 'NONE', #3794, #2255, #2380, .T. ) ;
#4027 = VECTOR ( 'NONE', #569, 1000.000000000000000 ) ;
#4028 = CARTESIAN_POINT ( 'NONE',  ( 15.94999999999999574, 18.01159792783948888, 5.200000000000001066 ) ) ;
#4029 = CARTESIAN_POINT ( 'NONE',  ( -35.14586261045222670, 20.81558672077196803, 1.750000000000000000 ) ) ;
#4030 = LINE ( 'NONE', #2773, #549 ) ;
#4031 = DIRECTION ( 'NONE',  ( 1.000000000000000000, -0.000000000000000000, 0.000000000000000000 ) ) ;
#4032 = ORIENTED_EDGE ( 'NONE', *, *, #2733, .T. ) ;
#4033 = ADVANCED_FACE ( 'NONE', ( #3705 ), #1100, .F. ) ;
#4034 = AXIS2_PLACEMENT_3D ( 'NONE', #202, #1942, #5093 ) ;
#4035 = ORIENTED_EDGE ( 'NONE', *, *, #3222, .F. ) ;
#4036 = FILL_AREA_STYLE ('',( #3653 ) ) ;
#4037 = ORIENTED_EDGE ( 'NONE', *, *, #3743, .F. ) ;
#4038 = LINE ( 'NONE', #1838, #3943 ) ;
#4039 = DIRECTION ( 'NONE',  ( -1.000000000000000000, 0.000000000000000000, 0.000000000000000000 ) ) ;
#4040 = ADVANCED_FACE ( 'NONE', ( #2181 ), #5189, .T. ) ;
#4041 = MECHANICAL_DESIGN_GEOMETRIC_PRESENTATION_REPRESENTATION (  '', ( #3286 ), #5246 ) ;
#4042 = FACE_OUTER_BOUND ( 'NONE', #5648, .T. ) ;
#4043 = CIRCLE ( 'NONE', #3751, 0.6959219873088288155 ) ;
#4044 = CARTESIAN_POINT ( 'NONE',  ( -55.11242534221950251, 21.24437245649053452, 0.000000000000000000 ) ) ;
#4045 = DIRECTION ( 'NONE',  ( 0.000000000000000000, -1.000000000000000000, 1.885568995626964287E-16 ) ) ;
#4046 = VECTOR ( 'NONE', #5464, 1000.000000000000000 ) ;
#4047 = VERTEX_POINT ( 'NONE', #1253 ) ;
#4048 = CARTESIAN_POINT ( 'NONE',  ( -56.68211918788940551, 6.644372456490533096, 1.000000000000000000 ) ) ;
#4049 = ORIENTED_EDGE ( 'NONE', *, *, #3604, .F. ) ;
#4050 = ADVANCED_FACE ( 'NONE', ( #2090 ), #1225, .T. ) ;
#4051 = DIRECTION ( 'NONE',  ( -0.000000000000000000, 0.000000000000000000, 1.000000000000000000 ) ) ;
#4052 = ORIENTED_EDGE ( 'NONE', *, *, #3815, .F. ) ;
#4053 = VECTOR ( 'NONE', #601, 1000.000000000000000 ) ;
#4054 = CARTESIAN_POINT ( 'NONE',  ( -28.76858636361750143, 20.24437245649053452, -1.000000000000000000 ) ) ;
#4055 = ORIENTED_EDGE ( 'NONE', *, *, #2398, .T. ) ;
#4056 = EDGE_CURVE ( 'NONE', #1490, #3398, #4787, .T. ) ;
#4057 = CARTESIAN_POINT ( 'NONE',  ( -55.11242534221950251, -20.15562754350946051, 0.000000000000000000 ) ) ;
#4058 = DIRECTION ( 'NONE',  ( 0.000000000000000000, 0.000000000000000000, 1.000000000000000000 ) ) ;
#4059 = DIRECTION ( 'NONE',  ( 0.000000000000000000, -1.000000000000000000, -1.885568995626964287E-16 ) ) ;
#4060 = AXIS2_PLACEMENT_3D ( 'NONE', #5187, #4725, #5091 ) ;
#4061 = CARTESIAN_POINT ( 'NONE',  ( 14.27960312803934784, -21.50000000000000000, 1.680000000000002602 ) ) ;
#4062 = ORIENTED_EDGE ( 'NONE', *, *, #4945, .F. ) ;
#4063 = ORIENTED_EDGE ( 'NONE', *, *, #1463, .F. ) ;
#4064 = CARTESIAN_POINT ( 'NONE',  ( -41.96242534221950393, 20.81558672077196093, 1.750000000000000666 ) ) ;
#4065 = EDGE_CURVE ( 'NONE', #4260, #1515, #2120, .T. ) ;
#4066 = ORIENTED_EDGE ( 'NONE', *, *, #1827, .F. ) ;
#4067 = LINE ( 'NONE', #431, #1353 ) ;
#4068 = CYLINDRICAL_SURFACE ( 'NONE', #2595, 1.500000000000001332 ) ;
#4069 = FACE_OUTER_BOUND ( 'NONE', #5706, .T. ) ;
#4070 = CARTESIAN_POINT ( 'NONE',  ( -62.26002644001162167, 10.23124449578545381, -1.000000000000000000 ) ) ;
#4071 = VECTOR ( 'NONE', #3851, 1000.000000000000000 ) ;
#4072 = DIRECTION ( 'NONE',  ( 0.000000000000000000, 0.000000000000000000, 1.000000000000000000 ) ) ;
#4073 = FACE_OUTER_BOUND ( 'NONE', #3385, .T. ) ;
#4074 = ADVANCED_FACE ( 'NONE', ( #5218 ), #4290, .F. ) ;
#4075 = VECTOR ( 'NONE', #4187, 1000.000000000000000 ) ;
#4076 = VERTEX_POINT ( 'NONE', #2577 ) ;
#4077 = FACE_OUTER_BOUND ( 'NONE', #2626, .T. ) ;
#4078 = AXIS2_PLACEMENT_3D ( 'NONE', #4523, #4983, #4903 ) ;
#4079 = CARTESIAN_POINT ( 'NONE',  ( 0.000000000000000000, 0.000000000000000000, -1.000000000000000000 ) ) ;
#4080 = LINE ( 'NONE', #4485, #2007 ) ;
#4081 = EDGE_CURVE ( 'NONE', #2701, #3863, #2516, .T. ) ;
#4082 = ORIENTED_EDGE ( 'NONE', *, *, #4849, .T. ) ;
#4083 = FACE_BOUND ( 'NONE', #1481, .T. ) ;
#4084 = PLANE ( 'NONE',  #1902 ) ;
#4085 = CARTESIAN_POINT ( 'NONE',  ( 18.00000000000000355, -17.77960312803930520, 3.779999999999999361 ) ) ;
#4086 = CARTESIAN_POINT ( 'NONE',  ( -27.46433655495782844, -20.75562754350946193, 2.200000000000000178 ) ) ;
#4087 = CARTESIAN_POINT ( 'NONE',  ( 18.00000000000000355, -17.77960312803931231, 2.579999999999999627 ) ) ;
#4088 = EDGE_CURVE ( 'NONE', #4047, #1140, #2978, .T. ) ;
#4089 = LINE ( 'NONE', #558, #2323 ) ;
#4090 = ORIENTED_EDGE ( 'NONE', *, *, #3666, .F. ) ;
#4091 = ORIENTED_EDGE ( 'NONE', *, *, #2299, .F. ) ;
#4092 = VERTEX_POINT ( 'NONE', #387 ) ;
#4093 = CARTESIAN_POINT ( 'NONE',  ( 16.40000000000000568, -20.49999999999999645, 4.200000000000000178 ) ) ;
#4094 = DIRECTION ( 'NONE',  ( 1.000000000000000000, -0.000000000000000000, 0.000000000000000000 ) ) ;
#4095 = ADVANCED_FACE ( 'NONE', ( #1315, #2547 ), #4754, .T. ) ;
#4096 = DIRECTION ( 'NONE',  ( 0.000000000000000000, -1.000000000000000000, 0.000000000000000000 ) ) ;
#4097 = CARTESIAN_POINT ( 'NONE',  ( 0.000000000000000000, 0.000000000000000000, 0.000000000000000000 ) ) ;
#4098 = AXIS2_PLACEMENT_3D ( 'NONE', #5346, #3051, #81 ) ;
#4099 = AXIS2_PLACEMENT_3D ( 'NONE', #2833, #2574, #4608 ) ;
#4100 = ORIENTED_EDGE ( 'NONE', *, *, #2579, .F. ) ;
#4101 = DIRECTION ( 'NONE',  ( 0.000000000000000000, 0.000000000000000000, -1.000000000000000000 ) ) ;
#4102 = ADVANCED_FACE ( 'NONE', ( #3040 ), #4322, .F. ) ;
#4103 = FACE_OUTER_BOUND ( 'NONE', #2708, .T. ) ;
#4104 = VECTOR ( 'NONE', #4698, 1000.000000000000000 ) ;
#4105 = LINE ( 'NONE', #167, #3587 ) ;
#4106 = ORIENTED_EDGE ( 'NONE', *, *, #1224, .T. ) ;
#4107 = CARTESIAN_POINT ( 'NONE',  ( -55.71242534221949683, -15.25562754350946371, -1.000000000000000000 ) ) ;
#4108 = ORIENTED_EDGE ( 'NONE', *, *, #3743, .T. ) ;
#4109 = EDGE_CURVE ( 'NONE', #3455, #1789, #4842, .T. ) ;
#4110 = DIRECTION ( 'NONE',  ( -0.7071067811865472397, -8.953538199610944124E-17, 0.7071067811865477948 ) ) ;
#4111 = DIRECTION ( 'NONE',  ( -0.000000000000000000, -0.000000000000000000, -1.000000000000000000 ) ) ;
#4112 = CARTESIAN_POINT ( 'NONE',  ( -62.26002644001162167, -1.468755504214547258, -3.200000000000000178 ) ) ;
#4113 = AXIS2_PLACEMENT_3D ( 'NONE', #4828, #3989, #868 ) ;
#4114 = CARTESIAN_POINT ( 'NONE',  ( -22.31242534221949825, -21.75562754350946193, 0.000000000000000000 ) ) ;
#4115 = AXIS2_PLACEMENT_3D ( 'NONE', #1338, #3560, #1744 ) ;
#4116 = ADVANCED_FACE ( 'NONE', ( #357 ), #3441, .T. ) ;
#4117 = EDGE_CURVE ( 'NONE', #4092, #2255, #3824, .T. ) ;
#4118 = ORIENTED_EDGE ( 'NONE', *, *, #5313, .F. ) ;
#4119 = AXIS2_PLACEMENT_3D ( 'NONE', #184, #4992, #2834 ) ;
#4120 = CARTESIAN_POINT ( 'NONE',  ( -41.96242534221950393, 20.24437245649053452, 0.3999999999999975797 ) ) ;
#4121 = ORIENTED_EDGE ( 'NONE', *, *, #2619, .F. ) ;
#4122 = DIRECTION ( 'NONE',  ( 1.000000000000000000, 0.000000000000000000, 0.000000000000000000 ) ) ;
#4123 = CIRCLE ( 'NONE', #2813, 1.600000000000000755 ) ;
#4124 = EDGE_CURVE ( 'NONE', #3032, #1739, #2949, .T. ) ;
#4125 = DIRECTION ( 'NONE',  ( 1.734723475976793289E-15, -1.000000000000000000, 0.000000000000000000 ) ) ;
#4126 = CARTESIAN_POINT ( 'NONE',  ( -16.99999999999999289, -18.49999999999999645, 2.000000000000000000 ) ) ;
#4127 = AXIS2_PLACEMENT_3D ( 'NONE', #1194, #5683, #5251 ) ;
#4128 = DIRECTION ( 'NONE',  ( -0.000000000000000000, 0.000000000000000000, 1.000000000000000000 ) ) ;
#4129 = ORIENTED_EDGE ( 'NONE', *, *, #5412, .T. ) ;
#4130 = PLANE ( 'NONE',  #4656 ) ;
#4131 = DIRECTION ( 'NONE',  ( -1.000000000000000000, 0.000000000000000000, 0.000000000000000000 ) ) ;
#4132 = AXIS2_PLACEMENT_3D ( 'NONE', #5724, #4766, #3516 ) ;
#4133 = DIRECTION ( 'NONE',  ( 0.000000000000000000, -1.000000000000000000, 0.000000000000000000 ) ) ;
#4134 = EDGE_CURVE ( 'NONE', #341, #2875, #4814, .T. ) ;
#4135 = VERTEX_POINT ( 'NONE', #414 ) ;
#4136 = CARTESIAN_POINT ( 'NONE',  ( -21.71242534221949683, -16.19705362128172865, 1.200000000000000178 ) ) ;
#4137 = VERTEX_POINT ( 'NONE', #3856 ) ;
#4138 = DIRECTION ( 'NONE',  ( -1.000000000000000000, 0.000000000000000000, 0.000000000000000000 ) ) ;
#4139 = DIRECTION ( 'NONE',  ( -1.000000000000000000, 0.000000000000000000, 0.000000000000000000 ) ) ;
#4140 = DIRECTION ( 'NONE',  ( -1.000000000000000000, -2.312964634635740689E-15, 0.000000000000000000 ) ) ;
#4141 = VECTOR ( 'NONE', #1960, 1000.000000000000000 ) ;
#4142 = EDGE_CURVE ( 'NONE', #223, #1037, #5625, .T. ) ;
#4143 = CARTESIAN_POINT ( 'NONE',  ( -16.99999999999999289, -19.89999999999999858, 0.000000000000000000 ) ) ;
#4144 = AXIS2_PLACEMENT_3D ( 'NONE', #609, #4140, #3150 ) ;
#4145 = ORIENTED_EDGE ( 'NONE', *, *, #5423, .T. ) ;
#4146 = DIRECTION ( 'NONE',  ( 0.000000000000000000, 1.000000000000000000, 5.004010026856174159E-16 ) ) ;
#4147 = ADVANCED_FACE ( 'NONE', ( #2269 ), #2668, .T. ) ;
#4148 = CARTESIAN_POINT ( 'NONE',  ( -33.17042946784389557, 20.24437245649053452, 1.200000000000000178 ) ) ;
#4149 = VERTEX_POINT ( 'NONE', #3647 ) ;
#4150 = CARTESIAN_POINT ( 'NONE',  ( -62.76002644001162167, 10.23124449578545381, -1.000000000000000000 ) ) ;
#4151 = CARTESIAN_POINT ( 'NONE',  ( -54.71242534221950393, 4.444372456490531142, -1.000000000000000000 ) ) ;
#4152 = CARTESIAN_POINT ( 'NONE',  ( -56.68211918788940551, 6.510570590347573017, 1.000000000000000000 ) ) ;
#4153 = ORIENTED_EDGE ( 'NONE', *, *, #1797, .T. ) ;
#4154 = DIRECTION ( 'NONE',  ( -0.000000000000000000, 0.000000000000000000, -1.000000000000000000 ) ) ;
#4155 = DIRECTION ( 'NONE',  ( -0.5773502691896260641, 0.5773502691896256200, -0.5773502691896256200 ) ) ;
#4156 = VECTOR ( 'NONE', #1824, 1000.000000000000000 ) ;
#4157 = EDGE_LOOP ( 'NONE', ( #480, #1047, #3073, #5182 ) ) ;
#4158 = DIRECTION ( 'NONE',  ( -1.000000000000000000, 0.000000000000000000, 0.000000000000000000 ) ) ;
#4159 = ORIENTED_EDGE ( 'NONE', *, *, #4162, .F. ) ;
#4160 = CARTESIAN_POINT ( 'NONE',  ( 16.99999999999999289, 19.89999999999999858, 0.000000000000000000 ) ) ;
#4161 = CARTESIAN_POINT ( 'NONE',  ( -41.96242534221950393, 13.24437245649053452, 1.750000000000000666 ) ) ;
#4162 = EDGE_CURVE ( 'NONE', #759, #1229, #1423, .T. ) ;
#4163 = CARTESIAN_POINT ( 'NONE',  ( -51.40698321814510763, -19.75562754350946193, 1.200000000000000178 ) ) ;
#4164 = DIRECTION ( 'NONE',  ( -0.000000000000000000, -0.000000000000000000, -1.000000000000000000 ) ) ;
#4165 = VECTOR ( 'NONE', #3274, 1000.000000000000000 ) ;
#4166 = EDGE_CURVE ( 'NONE', #3838, #5618, #1801, .T. ) ;
#4167 = CARTESIAN_POINT ( 'NONE',  ( -15.95000873316724643, 18.29609250885616945, 5.200000000000001066 ) ) ;
#4168 = ORIENTED_EDGE ( 'NONE', *, *, #263, .F. ) ;
#4169 = CARTESIAN_POINT ( 'NONE',  ( -42.91769575994476327, 21.09299602369966209, 1.365132968401977953 ) ) ;
#4170 = CARTESIAN_POINT ( 'NONE',  ( -27.46433655495782844, -19.75562754350946193, 1.200000000000000178 ) ) ;
#4171 = ORIENTED_EDGE ( 'NONE', *, *, #3992, .T. ) ;
#4172 = DIRECTION ( 'NONE',  ( 0.000000000000000000, 0.000000000000000000, 1.000000000000000000 ) ) ;
#4173 = EDGE_CURVE ( 'NONE', #4243, #602, #4955, .T. ) ;
#4174 = CARTESIAN_POINT ( 'NONE',  ( -62.76002644001162167, -2.468755504214548147, -2.000000000000000000 ) ) ;
#4175 = EDGE_LOOP ( 'NONE', ( #2237, #2562, #5560, #2444, #850, #5054, #3773, #4889 ) ) ;
#4176 = FACE_OUTER_BOUND ( 'NONE', #4769, .T. ) ;
#4177 = FACE_OUTER_BOUND ( 'NONE', #349, .T. ) ;
#4178 = EDGE_CURVE ( 'NONE', #3311, #4, #1572, .T. ) ;
#4179 = EDGE_CURVE ( 'NONE', #1917, #2956, #2747, .T. ) ;
#4180 = DIRECTION ( 'NONE',  ( 1.613696256722611405E-16, -1.000000000000000000, 0.000000000000000000 ) ) ;
#4181 = AXIS2_PLACEMENT_3D ( 'NONE', #1, #3522, #2200 ) ;
#4182 = DIRECTION ( 'NONE',  ( 0.000000000000000000, -0.000000000000000000, -1.000000000000000000 ) ) ;
#4183 = ORIENTED_EDGE ( 'NONE', *, *, #4499, .T. ) ;
#4184 = ORIENTED_EDGE ( 'NONE', *, *, #3211, .F. ) ;
#4185 = FACE_OUTER_BOUND ( 'NONE', #1116, .T. ) ;
#4186 = ORIENTED_EDGE ( 'NONE', *, *, #5456, .T. ) ;
#4187 = DIRECTION ( 'NONE',  ( -0.000000000000000000, -0.000000000000000000, 1.000000000000000000 ) ) ;
#4188 = DIRECTION ( 'NONE',  ( 1.000000000000000000, 0.000000000000000000, 0.000000000000000000 ) ) ;
#4189 = CARTESIAN_POINT ( 'NONE',  ( -64.26002644001162878, -1.468755504214547258, -3.000000000000000000 ) ) ;
#4190 = ORIENTED_EDGE ( 'NONE', *, *, #638, .F. ) ;
#4191 = DIRECTION ( 'NONE',  ( 0.000000000000000000, 0.000000000000000000, -1.000000000000000000 ) ) ;
#4192 = VECTOR ( 'NONE', #5611, 1000.000000000000000 ) ;
#4193 = VERTEX_POINT ( 'NONE', #530 ) ;
#4194 = LINE ( 'NONE', #1537, #2365 ) ;
#4195 = LINE ( 'NONE', #2405, #4674 ) ;
#4196 = EDGE_CURVE ( 'NONE', #1101, #4661, #4962, .T. ) ;
#4197 = ORIENTED_EDGE ( 'NONE', *, *, #3536, .T. ) ;
#4198 = CIRCLE ( 'NONE', #5127, 1.500000000000000000 ) ;
#4199 = FACE_BOUND ( 'NONE', #4336, .T. ) ;
#4200 = VECTOR ( 'NONE', #4885, 1000.000000000000000 ) ;
#4201 = DIRECTION ( 'NONE',  ( 9.712612162704583997E-17, -1.000000000000000000, 0.000000000000000000 ) ) ;
#4202 = ORIENTED_EDGE ( 'NONE', *, *, #2783, .T. ) ;
#4203 = EDGE_CURVE ( 'NONE', #4779, #4433, #3973, .T. ) ;
#4204 = PLANE ( 'NONE',  #3176 ) ;
#4205 = CARTESIAN_POINT ( 'NONE',  ( 18.00000000000000355, -19.05239533417509534, 6.200000000000000178 ) ) ;
#4206 = VECTOR ( 'NONE', #3802, 1000.000000000000000 ) ;
#4207 =( GEOMETRIC_REPRESENTATION_CONTEXT ( 3 ) GLOBAL_UNCERTAINTY_ASSIGNED_CONTEXT ( ( #4417 ) ) GLOBAL_UNIT_ASSIGNED_CONTEXT ( ( #3538, #46, #4473 ) ) REPRESENTATION_CONTEXT ( 'NONE', 'WORKASPACE' ) );
#4208 = DIRECTION ( 'NONE',  ( 1.000000000000000000, 0.000000000000000000, 0.000000000000000000 ) ) ;
#4209 = VERTEX_POINT ( 'NONE', #1341 ) ;
#4210 = DIRECTION ( 'NONE',  ( -1.000000000000000000, -0.000000000000000000, -0.000000000000000000 ) ) ;
#4211 = ORIENTED_EDGE ( 'NONE', *, *, #571, .F. ) ;
#4212 = ADVANCED_FACE ( 'NONE', ( #1858 ), #5393, .T. ) ;
#4213 = PLANE ( 'NONE',  #3978 ) ;
#4214 = ORIENTED_EDGE ( 'NONE', *, *, #1935, .F. ) ;
#4215 = VECTOR ( 'NONE', #5194, 1000.000000000000000 ) ;
#4216 = DIRECTION ( 'NONE',  ( -0.000000000000000000, -0.000000000000000000, 1.000000000000000000 ) ) ;
#4217 = DIRECTION ( 'NONE',  ( -1.000000000000000000, 0.000000000000000000, 0.000000000000000000 ) ) ;
#4218 = DIRECTION ( 'NONE',  ( 0.000000000000000000, 1.000000000000000000, 0.000000000000000000 ) ) ;
#4219 = VECTOR ( 'NONE', #4111, 1000.000000000000000 ) ;
#4220 = ORIENTED_EDGE ( 'NONE', *, *, #1207, .T. ) ;
#4221 = ORIENTED_EDGE ( 'NONE', *, *, #2339, .F. ) ;
#4222 = AXIS2_PLACEMENT_3D ( 'NONE', #2840, #2390, #1062 ) ;
#4223 = ORIENTED_EDGE ( 'NONE', *, *, #2128, .T. ) ;
#4224 = EDGE_CURVE ( 'NONE', #4917, #754, #3563, .T. ) ;
#4225 = LINE ( 'NONE', #664, #3696 ) ;
#4226 = B_SPLINE_CURVE_WITH_KNOTS ( 'NONE', 3,
 ( #2385, #4152, #1950, #3710, #3269, #2409 ),
 .UNSPECIFIED., .F., .F.,
 ( 4, 2, 4 ),
 ( 0.000000000000000000, 0.0003955853504467627562, 0.0007911707008935255124 ),
 .UNSPECIFIED. ) ;
#4227 = FACE_OUTER_BOUND ( 'NONE', #1220, .T. ) ;
#4228 = ORIENTED_EDGE ( 'NONE', *, *, #5463, .T. ) ;
#4229 = CARTESIAN_POINT ( 'NONE',  ( -43.24353103679182908, 21.24437245649053452, 0.8541715768212345683 ) ) ;
#4230 = FACE_OUTER_BOUND ( 'NONE', #1742, .T. ) ;
#4231 = VERTEX_POINT ( 'NONE', #1018 ) ;
#4232 = DIRECTION ( 'NONE',  ( 0.000000000000000000, -0.000000000000000000, 1.000000000000000000 ) ) ;
#4233 = EDGE_CURVE ( 'NONE', #2430, #2671, #4089, .T. ) ;
#4234 = ORIENTED_EDGE ( 'NONE', *, *, #1827, .T. ) ;
#4235 = CARTESIAN_POINT ( 'NONE',  ( -7.999999999999994671, 20.49999999999999645, 4.200000000000000178 ) ) ;
#4236 = ORIENTED_EDGE ( 'NONE', *, *, #5558, .F. ) ;
#4237 = FACE_OUTER_BOUND ( 'NONE', #60, .T. ) ;
#4238 = DIRECTION ( 'NONE',  ( 0.000000000000000000, 0.000000000000000000, 1.000000000000000000 ) ) ;
#4239 = DIRECTION ( 'NONE',  ( 0.000000000000000000, 0.000000000000000000, 1.000000000000000000 ) ) ;
#4240 = EDGE_CURVE ( 'NONE', #4731, #407, #1396, .T. ) ;
#4241 = DIRECTION ( 'NONE',  ( -0.000000000000000000, -0.000000000000000000, 1.000000000000000000 ) ) ;
#4242 = CARTESIAN_POINT ( 'NONE',  ( 0.000000000000000000, 0.000000000000000000, 0.000000000000000000 ) ) ;
#4243 = VERTEX_POINT ( 'NONE', #3595 ) ;
#4244 = DIRECTION ( 'NONE',  ( -0.000000000000000000, 1.000000000000000000, -0.000000000000000000 ) ) ;
#4245 = ORIENTED_EDGE ( 'NONE', *, *, #825, .T. ) ;
#4246 = LINE ( 'NONE', #1117, #561 ) ;
#4247 = DIRECTION ( 'NONE',  ( 1.000000000000000000, -0.000000000000000000, -0.000000000000000000 ) ) ;
#4248 = EDGE_CURVE ( 'NONE', #2479, #3262, #3984, .T. ) ;
#4249 = CARTESIAN_POINT ( 'NONE',  ( -55.71242534221949683, -20.15562754350945696, 1.200000000000000178 ) ) ;
#4250 = CIRCLE ( 'NONE', #3225, 0.7795671503096346378 ) ;
#4251 = CIRCLE ( 'NONE', #1761, 1.000000000000000000 ) ;
#4252 = EDGE_LOOP ( 'NONE', ( #4958, #4289, #1384, #5526 ) ) ;
#4253 = VERTEX_POINT ( 'NONE', #1371 ) ;
#4254 = VERTEX_POINT ( 'NONE', #2212 ) ;
#4255 = DIRECTION ( 'NONE',  ( -0.000000000000000000, -0.000000000000000000, -1.000000000000000000 ) ) ;
#4256 = AXIS2_PLACEMENT_3D ( 'NONE', #1154, #3699, #3786 ) ;
#4257 = FACE_OUTER_BOUND ( 'NONE', #1254, .T. ) ;
#4258 = ADVANCED_FACE ( 'NONE', ( #15 ), #3099, .F. ) ;
#4259 = LINE ( 'NONE', #3790, #3932 ) ;
#4260 = VERTEX_POINT ( 'NONE', #4469 ) ;
#4261 = LINE ( 'NONE', #2486, #1438 ) ;
#4262 = CARTESIAN_POINT ( 'NONE',  ( 16.49999999999999289, 19.89999999999999858, 6.200000000000000178 ) ) ;
#4263 = ORIENTED_EDGE ( 'NONE', *, *, #1499, .T. ) ;
#4264 = CARTESIAN_POINT ( 'NONE',  ( -52.95155156584890221, -12.75562754350946193, -1.199999999999999734 ) ) ;
#4265 = VERTEX_POINT ( 'NONE', #4440 ) ;
#4266 = SURFACE_SIDE_STYLE ('',( #772 ) ) ;
#4267 = ORIENTED_EDGE ( 'NONE', *, *, #4468, .F. ) ;
#4268 = CARTESIAN_POINT ( 'NONE',  ( -34.37499718367292445, 13.24437245649053452, 1.200000000000000178 ) ) ;
#4269 = EDGE_CURVE ( 'NONE', #3405, #3966, #3513, .T. ) ;
#4270 = CARTESIAN_POINT ( 'NONE',  ( 0.000000000000000000, 0.000000000000000000, 0.000000000000000000 ) ) ;
#4271 = DIRECTION ( 'NONE',  ( 0.000000000000000000, 0.000000000000000000, -1.000000000000000000 ) ) ;
#4272 = CARTESIAN_POINT ( 'NONE',  ( -62.26002644001162167, 5.681244495785453097, -2.149999999999999911 ) ) ;
#4273 = CARTESIAN_POINT ( 'NONE',  ( -7.999999999999994671, 20.49999999999999645, 5.200000000000001066 ) ) ;
#4274 = ORIENTED_EDGE ( 'NONE', *, *, #2319, .T. ) ;
#4275 = CARTESIAN_POINT ( 'NONE',  ( 0.000000000000000000, 19.99999999999999645, 4.699999999999999289 ) ) ;
#4276 = VERTEX_POINT ( 'NONE', #5366 ) ;
#4277 = EDGE_CURVE ( 'NONE', #1334, #918, #4653, .T. ) ;
#4278 = DIRECTION ( 'NONE',  ( -1.000000000000000000, 0.000000000000000000, 0.000000000000000000 ) ) ;
#4279 = CARTESIAN_POINT ( 'NONE',  ( -21.71242534221950393, 12.36579373369079882, -1.000000000000000000 ) ) ;
#4280 = CARTESIAN_POINT ( 'NONE',  ( 16.39999999999999147, 19.89999999999999858, 4.200000000000000178 ) ) ;
#4281 = ORIENTED_EDGE ( 'NONE', *, *, #4751, .F. ) ;
#4282 = ORIENTED_EDGE ( 'NONE', *, *, #1642, .F. ) ;
#4283 = EDGE_LOOP ( 'NONE', ( #760, #343, #2775, #1316 ) ) ;
#4284 = DIRECTION ( 'NONE',  ( 0.000000000000000000, 0.000000000000000000, -1.000000000000000000 ) ) ;
#4285 = VECTOR ( 'NONE', #384, 1000.000000000000000 ) ;
#4286 = EDGE_CURVE ( 'NONE', #2392, #1965, #639, .T. ) ;
#4287 = DIRECTION ( 'NONE',  ( 0.000000000000000000, 0.000000000000000000, -1.000000000000000000 ) ) ;
#4288 = FACE_OUTER_BOUND ( 'NONE', #3031, .T. ) ;
#4289 = ORIENTED_EDGE ( 'NONE', *, *, #4493, .T. ) ;
#4290 = CYLINDRICAL_SURFACE ( 'NONE', #4127, 0.5999999999999998668 ) ;
#4291 = ADVANCED_FACE ( 'NONE', ( #5471 ), #1916, .F. ) ;
#4292 = ORIENTED_EDGE ( 'NONE', *, *, #1662, .T. ) ;
#4293 = EDGE_CURVE ( 'NONE', #5256, #2935, #4225, .T. ) ;
#4294 = PLANE ( 'NONE',  #590 ) ;
#4295 = ORIENTED_EDGE ( 'NONE', *, *, #4626, .T. ) ;
#4296 = DIRECTION ( 'NONE',  ( 0.000000000000000000, -0.000000000000000000, 1.000000000000000000 ) ) ;
#4297 = ORIENTED_EDGE ( 'NONE', *, *, #5120, .F. ) ;
#4298 = FACE_OUTER_BOUND ( 'NONE', #4425, .T. ) ;
#4299 = EDGE_CURVE ( 'NONE', #3214, #1509, #16, .T. ) ;
#4300 = VECTOR ( 'NONE', #4520, 1000.000000000000000 ) ;
#4301 = CARTESIAN_POINT ( 'NONE',  ( -14.19999999999999751, 11.40000000000000036, 6.200000000000000178 ) ) ;
#4302 = DIRECTION ( 'NONE',  ( 1.000000000000000000, -0.000000000000000000, 0.000000000000000000 ) ) ;
#4303 = LINE ( 'NONE', #2103, #807 ) ;
#4304 = CYLINDRICAL_SURFACE ( 'NONE', #2408, 0.3999999999999975797 ) ;
#4305 = ORIENTED_EDGE ( 'NONE', *, *, #5215, .F. ) ;
#4306 = CARTESIAN_POINT ( 'NONE',  ( 0.000000000000000000, 0.000000000000000000, -1.000000000000000000 ) ) ;
#4307 = ORIENTED_EDGE ( 'NONE', *, *, #1323, .T. ) ;
#4308 = AXIS2_PLACEMENT_3D ( 'NONE', #3263, #1127, #1506 ) ;
#4309 = CARTESIAN_POINT ( 'NONE',  ( -62.76002644001162167, 9.031244495785450965, -2.000000000000000000 ) ) ;
#4310 = DIRECTION ( 'NONE',  ( 1.000000000000000000, 0.000000000000000000, -0.000000000000000000 ) ) ;
#4311 = FACE_OUTER_BOUND ( 'NONE', #5273, .T. ) ;
#4312 = EDGE_CURVE ( 'NONE', #2853, #5415, #2032, .T. ) ;
#4313 = ORIENTED_EDGE ( 'NONE', *, *, #4640, .T. ) ;
#4314 = VECTOR ( 'NONE', #768, 1000.000000000000000 ) ;
#4315 = ORIENTED_EDGE ( 'NONE', *, *, #4248, .T. ) ;
#4316 = VERTEX_POINT ( 'NONE', #4143 ) ;
#4317 = DIRECTION ( 'NONE',  ( 1.000000000000000000, 9.712612162704583997E-17, -0.000000000000000000 ) ) ;
#4318 = PLANE ( 'NONE',  #3346 ) ;
#4319 = LINE ( 'NONE', #2976, #3734 ) ;
#4320 = EDGE_CURVE ( 'NONE', #1793, #535, #4599, .T. ) ;
#4321 = AXIS2_PLACEMENT_3D ( 'NONE', #2888, #4128, #5132 ) ;
#4322 = PLANE ( 'NONE',  #2912 ) ;
#4323 = EDGE_LOOP ( 'NONE', ( #1386, #1637, #1885, #1160 ) ) ;
#4324 = CARTESIAN_POINT ( 'NONE',  ( -62.76002644001162167, 1.881244495785452386, -0.8500000000000009770 ) ) ;
#4325 = ORIENTED_EDGE ( 'NONE', *, *, #5446, .F. ) ;
#4326 = ADVANCED_FACE ( 'NONE', ( #5118 ), #1503, .F. ) ;
#4327 = FACE_BOUND ( 'NONE', #4799, .T. ) ;
#4328 = EDGE_LOOP ( 'NONE', ( #2471, #498, #2217, #2578 ) ) ;
#4329 = DIRECTION ( 'NONE',  ( 0.000000000000000000, -1.000000000000000000, -9.427844978134822666E-17 ) ) ;
#4330 = DIRECTION ( 'NONE',  ( -1.000000000000000000, -0.000000000000000000, -0.000000000000000000 ) ) ;
#4331 = CARTESIAN_POINT ( 'NONE',  ( -13.69999999999999751, 10.90000000000000036, 5.200000000000000178 ) ) ;
#4332 = VECTOR ( 'NONE', #3438, 1000.000000000000000 ) ;
#4333 = ADVANCED_FACE ( 'NONE', ( #2915 ), #2350, .T. ) ;
#4334 = CARTESIAN_POINT ( 'NONE',  ( -20.71242534221949683, -20.15562754350945696, 0.000000000000000000 ) ) ;
#4335 = PLANE ( 'NONE',  #5006 ) ;
#4336 = EDGE_LOOP ( 'NONE', ( #1991, #320, #3434, #2124 ) ) ;
#4337 = CARTESIAN_POINT ( 'NONE',  ( -56.71242534221949683, 18.24437245649053452, 0.000000000000000000 ) ) ;
#4338 = ORIENTED_EDGE ( 'NONE', *, *, #4588, .T. ) ;
#4339 = DIRECTION ( 'NONE',  ( 0.000000000000000000, -1.000000000000000000, 0.000000000000000000 ) ) ;
#4340 = DIRECTION ( 'NONE',  ( 1.000000000000000000, 0.000000000000000000, 0.000000000000000000 ) ) ;
#4341 = CARTESIAN_POINT ( 'NONE',  ( -27.46433655495782844, -19.75562754350946193, -1.000000000000000000 ) ) ;
#4342 = ORIENTED_EDGE ( 'NONE', *, *, #3960, .F. ) ;
#4343 = ORIENTED_EDGE ( 'NONE', *, *, #5356, .F. ) ;
#4344 = ORIENTED_EDGE ( 'NONE', *, *, #1590, .T. ) ;
#4345 = LINE ( 'NONE', #321, #4445 ) ;
#4346 = ADVANCED_FACE ( 'NONE', ( #3313 ), #226, .F. ) ;
#4347 = CARTESIAN_POINT ( 'NONE',  ( -16.39999999999999147, -20.49999999999999645, 0.000000000000000000 ) ) ;
#4348 = CARTESIAN_POINT ( 'NONE',  ( -21.71242534221950393, 12.36579373369079882, -1.000000000000000000 ) ) ;
#4349 = AXIS2_PLACEMENT_3D ( 'NONE', #5551, #2046, #314 ) ;
#4350 = DIRECTION ( 'NONE',  ( -0.000000000000000000, -0.000000000000000000, -1.000000000000000000 ) ) ;
#4351 = CIRCLE ( 'NONE', #2682, 0.3999999999999975797 ) ;
#4352 = VERTEX_POINT ( 'NONE', #177 ) ;
#4353 = EDGE_CURVE ( 'NONE', #5686, #5717, #3675, .T. ) ;
#4354 = VERTEX_POINT ( 'NONE', #4114 ) ;
#4355 = DIRECTION ( 'NONE',  ( 0.000000000000000000, -1.000000000000000000, 0.000000000000000000 ) ) ;
#4356 = ORIENTED_EDGE ( 'NONE', *, *, #2198, .T. ) ;
#4357 = CARTESIAN_POINT ( 'NONE',  ( -35.46242534221950393, 21.24437245649053452, 0.3999999999999951927 ) ) ;
#4358 = ADVANCED_FACE ( 'NONE', ( #1561 ), #4998, .T. ) ;
#4359 =( GEOMETRIC_REPRESENTATION_CONTEXT ( 3 ) GLOBAL_UNCERTAINTY_ASSIGNED_CONTEXT ( ( #4634 ) ) GLOBAL_UNIT_ASSIGNED_CONTEXT ( ( #5513, #5051, #1010 ) ) REPRESENTATION_CONTEXT ( 'NONE', 'WORKASPACE' ) );
#4360 = DIRECTION ( 'NONE',  ( -0.000000000000000000, -0.000000000000000000, 1.000000000000000000 ) ) ;
#4361 = DIRECTION ( 'NONE',  ( 0.000000000000000000, 0.000000000000000000, 1.000000000000000000 ) ) ;
#4362 = DIRECTION ( 'NONE',  ( -1.000000000000000000, 0.000000000000000000, 0.000000000000000000 ) ) ;
#4363 = CARTESIAN_POINT ( 'NONE',  ( -26.71242534221950393, -12.75562754350946193, -0.1999999999999998723 ) ) ;
#4364 = ORIENTED_EDGE ( 'NONE', *, *, #3251, .T. ) ;
#4365 = CARTESIAN_POINT ( 'NONE',  ( 16.99999999999999289, -18.10000000000000142, 2.100000000000000089 ) ) ;
#4366 = EDGE_LOOP ( 'NONE', ( #921, #2999, #2954, #3585, #1145, #1682, #3783 ) ) ;
#4367 = EDGE_CURVE ( 'NONE', #2956, #5601, #1533, .T. ) ;
#4368 = ADVANCED_FACE ( 'NONE', ( #2798 ), #611, .F. ) ;
#4369 = FACE_OUTER_BOUND ( 'NONE', #3821, .T. ) ;
#4370 = PLANE ( 'NONE',  #1548 ) ;
#4371 = ORIENTED_EDGE ( 'NONE', *, *, #5138, .T. ) ;
#4372 = ORIENTED_EDGE ( 'NONE', *, *, #1102, .F. ) ;
#4373 = EDGE_LOOP ( 'NONE', ( #708, #4721, #4788, #1526, #1749 ) ) ;
#4374 = CARTESIAN_POINT ( 'NONE',  ( -62.76002644001162167, -1.468755504214547258, -3.000000000000000000 ) ) ;
#4375 = VERTEX_POINT ( 'NONE', #5034 ) ;
#4376 = DIRECTION ( 'NONE',  ( -1.000000000000000000, 0.000000000000000000, 0.000000000000000000 ) ) ;
#4377 = LINE ( 'NONE', #5249, #1287 ) ;
#4378 = VECTOR ( 'NONE', #315, 1000.000000000000000 ) ;
#4379 = DIRECTION ( 'NONE',  ( 0.000000000000000000, -1.000000000000000000, 0.000000000000000000 ) ) ;
#4380 = ORIENTED_EDGE ( 'NONE', *, *, #354, .F. ) ;
#4381 = VECTOR ( 'NONE', #5191, 1000.000000000000000 ) ;
#4382 = EDGE_LOOP ( 'NONE', ( #2341, #4729, #1025, #5427 ) ) ;
#4383 = PLANE ( 'NONE',  #3383 ) ;
#4384 = ADVANCED_FACE ( 'NONE', ( #1071 ), #2826, .F. ) ;
#4385 = ORIENTED_EDGE ( 'NONE', *, *, #1156, .F. ) ;
#4386 = DIRECTION ( 'NONE',  ( -0.000000000000000000, -0.000000000000000000, 1.000000000000000000 ) ) ;
#4387 = CIRCLE ( 'NONE', #415, 0.6319646214001384266 ) ;
#4388 = DIRECTION ( 'NONE',  ( -1.000000000000000000, 0.000000000000000000, 0.000000000000000000 ) ) ;
#4389 = CARTESIAN_POINT ( 'NONE',  ( -41.96242534221950393, 20.81558672077196093, 1.750000000000000666 ) ) ;
#4390 = AXIS2_PLACEMENT_3D ( 'NONE', #3549, #3519, #29 ) ;
#4391 = DIRECTION ( 'NONE',  ( 0.000000000000000000, 0.000000000000000000, -1.000000000000000000 ) ) ;
#4392 = EDGE_CURVE ( 'NONE', #1082, #5359, #3287, .T. ) ;
#4393 = LINE ( 'NONE', #3599, #5330 ) ;
#4394 = ORIENTED_EDGE ( 'NONE', *, *, #5472, .T. ) ;
#4395 = FACE_OUTER_BOUND ( 'NONE', #3131, .T. ) ;
#4396 = ORIENTED_EDGE ( 'NONE', *, *, #4499, .F. ) ;
#4397 = VECTOR ( 'NONE', #4386, 1000.000000000000000 ) ;
#4398 = PLANE ( 'NONE',  #1231 ) ;
#4399 = CARTESIAN_POINT ( 'NONE',  ( -54.71242534221950393, 4.444372456490531142, 1.200000000000000178 ) ) ;
#4400 = ADVANCED_FACE ( 'NONE', ( #2052 ), #1309, .F. ) ;
#4401 = ORIENTED_EDGE ( 'NONE', *, *, #906, .F. ) ;
#4402 = VECTOR ( 'NONE', #2839, 1000.000000000000000 ) ;
#4403 = VERTEX_POINT ( 'NONE', #352 ) ;
#4404 = ORIENTED_EDGE ( 'NONE', *, *, #2058, .F. ) ;
#4405 = CARTESIAN_POINT ( 'NONE',  ( -47.24545865296283154, 19.24437245649053096, -1.000000000000000000 ) ) ;
#4406 = VERTEX_POINT ( 'NONE', #3035 ) ;
#4407 = AXIS2_PLACEMENT_3D ( 'NONE', #4093, #538, #1026 ) ;
#4408 = FACE_OUTER_BOUND ( 'NONE', #466, .T. ) ;
#4409 = AXIS2_PLACEMENT_3D ( 'NONE', #4826, #866, #2277 ) ;
#4410 = CARTESIAN_POINT ( 'NONE',  ( -62.26002644001162167, 7.981244495785452919, -0.8499999999999998668 ) ) ;
#4411 = DIRECTION ( 'NONE',  ( -1.613696256722611405E-16, 1.000000000000000000, 0.000000000000000000 ) ) ;
#4412 = ORIENTED_EDGE ( 'NONE', *, *, #5277, .T. ) ;
#4413 = VECTOR ( 'NONE', #2835, 1000.000000000000000 ) ;
#4414 = ORIENTED_EDGE ( 'NONE', *, *, #2398, .F. ) ;
#4415 = CARTESIAN_POINT ( 'NONE',  ( 15.55239533417512199, -21.50000000000000000, 4.679999999999997939 ) ) ;
#4416 = ORIENTED_EDGE ( 'NONE', *, *, #2081, .F. ) ;
#4417 = UNCERTAINTY_MEASURE_WITH_UNIT (LENGTH_MEASURE( 1.000000000000000082E-05 ), #3538, 'distance_accuracy_value', 'NONE');
#4418 = AXIS2_PLACEMENT_3D ( 'NONE', #4706, #5573, #2440 ) ;
#4419 = LINE ( 'NONE', #3954, #1897 ) ;
#4420 = DIRECTION ( 'NONE',  ( -0.000000000000000000, 0.000000000000000000, -1.000000000000000000 ) ) ;
#4421 = EDGE_CURVE ( 'NONE', #1657, #2657, #4615, .T. ) ;
#4422 = PLANE ( 'NONE',  #4098 ) ;
#4423 = CARTESIAN_POINT ( 'NONE',  ( -21.71242534221950038, -3.503725949910877432E-15, 1.200000000000000178 ) ) ;
#4424 = CARTESIAN_POINT ( 'NONE',  ( -43.31242534221950535, 21.24437245649053452, 0.000000000000000000 ) ) ;
#4425 = EDGE_LOOP ( 'NONE', ( #5242, #2869, #5568, #3146 ) ) ;
#4426 = CARTESIAN_POINT ( 'NONE',  ( 16.40000000000000213, -19.89999999999998792, 2.100000000000000089 ) ) ;
#4427 = VERTEX_POINT ( 'NONE', #2116 ) ;
#4428 = EDGE_CURVE ( 'NONE', #3064, #165, #1623, .T. ) ;
#4429 = VECTOR ( 'NONE', #4784, 1000.000000000000000 ) ;
#4430 = FACE_OUTER_BOUND ( 'NONE', #3071, .T. ) ;
#4431 = ORIENTED_EDGE ( 'NONE', *, *, #748, .F. ) ;
#4432 = ORIENTED_EDGE ( 'NONE', *, *, #1919, .T. ) ;
#4433 = VERTEX_POINT ( 'NONE', #5213 ) ;
#4434 = DIRECTION ( 'NONE',  ( 0.000000000000000000, 0.000000000000000000, -1.000000000000000000 ) ) ;
#4435 = ORIENTED_EDGE ( 'NONE', *, *, #1753, .T. ) ;
#4436 = ADVANCED_FACE ( 'NONE', ( #410 ), #4807, .F. ) ;
#4437 = DIRECTION ( 'NONE',  ( -1.000000000000000000, 0.000000000000000000, 0.000000000000000000 ) ) ;
#4438 = DIRECTION ( 'NONE',  ( 0.000000000000000000, 0.000000000000000000, -1.000000000000000000 ) ) ;
#4439 = DIRECTION ( 'NONE',  ( 0.000000000000000000, 0.000000000000000000, -1.000000000000000000 ) ) ;
#4440 = CARTESIAN_POINT ( 'NONE',  ( 3.250000000000000000, -21.50000000000000000, 1.750000000000001776 ) ) ;
#4441 = ORIENTED_EDGE ( 'NONE', *, *, #1940, .T. ) ;
#4442 = EDGE_CURVE ( 'NONE', #3433, #2569, #290, .T. ) ;
#4443 = VERTEX_POINT ( 'NONE', #4374 ) ;
#4444 = DIRECTION ( 'NONE',  ( -1.000000000000000000, 0.000000000000000000, 0.000000000000000000 ) ) ;
#4445 = VECTOR ( 'NONE', #2085, 1000.000000000000000 ) ;
#4446 = VECTOR ( 'NONE', #1067, 1000.000000000000000 ) ;
#4447 = VERTEX_POINT ( 'NONE', #5272 ) ;
#4448 = CARTESIAN_POINT ( 'NONE',  ( -55.21242534221950393, 19.64437245649053310, 0.7000000000000000666 ) ) ;
#4449 = CARTESIAN_POINT ( 'NONE',  ( -18.00000000000000355, -18.49999999999999645, 0.000000000000000000 ) ) ;
#4450 = SURFACE_STYLE_FILL_AREA ( #2280 ) ;
#4451 = DIRECTION ( 'NONE',  ( 1.000000000000000000, -0.000000000000000000, -0.000000000000000000 ) ) ;
#4452 = CARTESIAN_POINT ( 'NONE',  ( 0.000000000000000000, 9.031244495785450965, -2.000000000000000000 ) ) ;
#4453 = ADVANCED_FACE ( 'NONE', ( #3880 ), #3465, .F. ) ;
#4454 = ORIENTED_EDGE ( 'NONE', *, *, #3300, .T. ) ;
#4455 = CARTESIAN_POINT ( 'NONE',  ( -0.000000000000000000, -20.75562754350946193, 0.000000000000000000 ) ) ;
#4456 = VECTOR ( 'NONE', #5230, 1000.000000000000000 ) ;
#4457 = ORIENTED_EDGE ( 'NONE', *, *, #3142, .T. ) ;
#4458 = DIRECTION ( 'NONE',  ( 9.130123557772691753E-16, -1.000000000000000000, 0.000000000000000000 ) ) ;
#4459 = EDGE_LOOP ( 'NONE', ( #3132, #5678, #4540, #1805 ) ) ;
#4460 = VERTEX_POINT ( 'NONE', #5155 ) ;
#4461 = ADVANCED_FACE ( 'NONE', ( #4780 ), #5679, .F. ) ;
#4462 = ORIENTED_EDGE ( 'NONE', *, *, #674, .T. ) ;
#4463 = LINE ( 'NONE', #4921, #379 ) ;
#4464 = ORIENTED_EDGE ( 'NONE', *, *, #2455, .F. ) ;
#4465 = LINE ( 'NONE', #964, #3832 ) ;
#4466 = LINE ( 'NONE', #3174, #1734 ) ;
#4467 = CARTESIAN_POINT ( 'NONE',  ( -35.46242534221950393, 13.24437245649053452, 0.3999999999999951927 ) ) ;
#4468 = EDGE_CURVE ( 'NONE', #602, #1376, #1478, .T. ) ;
#4469 = CARTESIAN_POINT ( 'NONE',  ( 14.59999999999999964, -20.49999999999999645, 2.100000000000000089 ) ) ;
#4470 = VERTEX_POINT ( 'NONE', #2600 ) ;
#4471 = AXIS2_PLACEMENT_3D ( 'NONE', #3894, #4765, #5102 ) ;
#4472 = EDGE_LOOP ( 'NONE', ( #4481, #2260, #1087, #2453 ) ) ;
#4473 =( NAMED_UNIT ( * ) SI_UNIT ( $, .STERADIAN. ) SOLID_ANGLE_UNIT ( ) );
#4474 = EDGE_LOOP ( 'NONE', ( #4003, #4385, #2494, #4297 ) ) ;
#4475 = DIRECTION ( 'NONE',  ( 0.000000000000000000, 0.000000000000000000, -1.000000000000000000 ) ) ;
#4476 = LINE ( 'NONE', #5375, #4583 ) ;
#4477 = CARTESIAN_POINT ( 'NONE',  ( 13.70000000000000462, -16.49999999999999645, 5.200000000000000178 ) ) ;
#4478 = FACE_OUTER_BOUND ( 'NONE', #119, .T. ) ;
#4479 = CARTESIAN_POINT ( 'NONE',  ( -62.76002644001162167, 5.681244495785453097, -0.8500000000000000888 ) ) ;
#4480 = ADVANCED_FACE ( 'NONE', ( #2145 ), #1189, .F. ) ;
#4481 = ORIENTED_EDGE ( 'NONE', *, *, #3340, .T. ) ;
#4482 = LINE ( 'NONE', #5727, #3725 ) ;
#4483 = ORIENTED_EDGE ( 'NONE', *, *, #5665, .F. ) ;
#4484 = VECTOR ( 'NONE', #3900, 1000.000000000000000 ) ;
#4485 = CARTESIAN_POINT ( 'NONE',  ( 7.000000000000002665, 20.49999999999999645, 4.200000000000000178 ) ) ;
#4486 = ORIENTED_EDGE ( 'NONE', *, *, #1374, .T. ) ;
#4487 = DIRECTION ( 'NONE',  ( 0.000000000000000000, -1.000000000000000000, 0.000000000000000000 ) ) ;
#4488 = ORIENTED_EDGE ( 'NONE', *, *, #464, .T. ) ;
#4489 = AXIS2_PLACEMENT_3D ( 'NONE', #677, #5633, #5196 ) ;
#4490 = VECTOR ( 'NONE', #4624, 1000.000000000000000 ) ;
#4491 = FACE_OUTER_BOUND ( 'NONE', #1984, .T. ) ;
#4492 = LINE ( 'NONE', #1016, #5512 ) ;
#4493 = EDGE_CURVE ( 'NONE', #3677, #2641, #5275, .T. ) ;
#4494 = DIRECTION ( 'NONE',  ( 0.000000000000000000, 2.312964634635743450E-15, 1.000000000000000000 ) ) ;
#4495 = CARTESIAN_POINT ( 'NONE',  ( 4.566666666666660213, 1.766666666666668162, -3.433333333333332682 ) ) ;
#4496 = ORIENTED_EDGE ( 'NONE', *, *, #830, .F. ) ;
#4497 = CIRCLE ( 'NONE', #140, 1.000000000000000000 ) ;
#4498 = AXIS2_PLACEMENT_3D ( 'NONE', #4527, #563, #920 ) ;
#4499 = EDGE_CURVE ( 'NONE', #4863, #5677, #4345, .T. ) ;
#4500 = EDGE_LOOP ( 'NONE', ( #829, #4971, #43, #2082 ) ) ;
#4501 = FACE_OUTER_BOUND ( 'NONE', #5296, .T. ) ;
#4502 = ORIENTED_EDGE ( 'NONE', *, *, #3684, .F. ) ;
#4503 = CARTESIAN_POINT ( 'NONE',  ( -55.71242534221949683, -20.15562754350945696, 0.000000000000000000 ) ) ;
#4504 = DIRECTION ( 'NONE',  ( -1.000000000000000000, 0.000000000000000000, 0.000000000000000000 ) ) ;
#4505 = DIRECTION ( 'NONE',  ( 0.000000000000000000, 0.000000000000000000, -1.000000000000000000 ) ) ;
#4506 = DIRECTION ( 'NONE',  ( -0.000000000000000000, -0.000000000000000000, 1.000000000000000000 ) ) ;
#4507 = EDGE_CURVE ( 'NONE', #36, #4536, #383, .T. ) ;
#4508 = VECTOR ( 'NONE', #174, 1000.000000000000000 ) ;
#4509 = CARTESIAN_POINT ( 'NONE',  ( -62.26002644001162167, -1.468755504214548147, -2.000000000000000000 ) ) ;
#4510 = DIRECTION ( 'NONE',  ( 0.000000000000000000, 0.000000000000000000, -1.000000000000000000 ) ) ;
#4511 = AXIS2_PLACEMENT_3D ( 'NONE', #2961, #1728, #4797 ) ;
#4512 = EDGE_LOOP ( 'NONE', ( #248, #2049, #5271, #3318 ) ) ;
#4513 = FACE_OUTER_BOUND ( 'NONE', #215, .T. ) ;
#4514 = ADVANCED_FACE ( 'NONE', ( #5620 ), #1658, .F. ) ;
#4515 = CARTESIAN_POINT ( 'NONE',  ( -16.40000000000000213, 19.89999999999999858, 6.200000000000000178 ) ) ;
#4516 = ORIENTED_EDGE ( 'NONE', *, *, #2529, .T. ) ;
#4517 = AXIS2_PLACEMENT_3D ( 'NONE', #662, #1987, #758 ) ;
#4518 = DIRECTION ( 'NONE',  ( -1.000000000000000000, 0.000000000000000000, 0.000000000000000000 ) ) ;
#4519 = VERTEX_POINT ( 'NONE', #2974 ) ;
#4520 = DIRECTION ( 'NONE',  ( 0.000000000000000000, 0.000000000000000000, 1.000000000000000000 ) ) ;
#4521 = CARTESIAN_POINT ( 'NONE',  ( -34.18131132378254478, 21.24437245649053452, 0.8541350560134239878 ) ) ;
#4522 = FACE_OUTER_BOUND ( 'NONE', #4837, .T. ) ;
#4523 = CARTESIAN_POINT ( 'NONE',  ( -55.11242534221950251, -20.15562754350946051, 2.200000000000000178 ) ) ;
#4524 = EDGE_CURVE ( 'NONE', #1955, #4905, #790, .T. ) ;
#4525 = ORIENTED_EDGE ( 'NONE', *, *, #4248, .F. ) ;
#4526 = ORIENTED_EDGE ( 'NONE', *, *, #5423, .F. ) ;
#4527 = CARTESIAN_POINT ( 'NONE',  ( -22.31242534221949469, -20.15562754350945696, 0.7000000000000000666 ) ) ;
#4528 = ORIENTED_EDGE ( 'NONE', *, *, #4056, .T. ) ;
#4529 = LINE ( 'NONE', #2779, #610 ) ;
#4530 = EDGE_CURVE ( 'NONE', #2473, #1077, #5386, .T. ) ;
#4531 = LINE ( 'NONE', #510, #3161 ) ;
#4532 = LINE ( 'NONE', #3659, #4027 ) ;
#4533 = VECTOR ( 'NONE', #170, 1000.000000000000000 ) ;
#4534 = CARTESIAN_POINT ( 'NONE',  ( 0.000000000000000000, 0.000000000000000000, 0.000000000000000000 ) ) ;
#4535 = VECTOR ( 'NONE', #2015, 1000.000000000000000 ) ;
#4536 = VERTEX_POINT ( 'NONE', #1769 ) ;
#4537 = EDGE_CURVE ( 'NONE', #381, #2336, #4351, .T. ) ;
#4538 = CARTESIAN_POINT ( 'NONE',  ( -18.00000000000000355, -5.899999999999998579, 2.000000000000000000 ) ) ;
#4539 = CARTESIAN_POINT ( 'NONE',  ( -28.76858636361750143, 20.24437245649053452, -1.000000000000000000 ) ) ;
#4540 = ORIENTED_EDGE ( 'NONE', *, *, #1635, .T. ) ;
#4541 = DIRECTION ( 'NONE',  ( 0.000000000000000000, 0.000000000000000000, 1.000000000000000000 ) ) ;
#4542 = ADVANCED_FACE ( 'NONE', ( #552 ), #35, .F. ) ;
#4543 = VERTEX_POINT ( 'NONE', #4405 ) ;
#4544 = AXIS2_PLACEMENT_3D ( 'NONE', #4643, #683, #2441 ) ;
#4545 = LINE ( 'NONE', #1066, #887 ) ;
#4546 = CARTESIAN_POINT ( 'NONE',  ( -43.31242534221950535, 21.24437245649053452, -0.3999999999999975797 ) ) ;
#4547 = LINE ( 'NONE', #966, #4601 ) ;
#4548 = EDGE_CURVE ( 'NONE', #3888, #4265, #4463, .T. ) ;
#4549 = DIRECTION ( 'NONE',  ( 0.7071067811865439090, 0.7071067811865512365, 0.000000000000000000 ) ) ;
#4550 = ORIENTED_EDGE ( 'NONE', *, *, #540, .F. ) ;
#4551 = LINE ( 'NONE', #2026, #4957 ) ;
#4552 = ORIENTED_EDGE ( 'NONE', *, *, #231, .F. ) ;
#4553 = CARTESIAN_POINT ( 'NONE',  ( -51.40698321814510763, -19.75562754350946193, -1.000000000000000000 ) ) ;
#4554 = FACE_OUTER_BOUND ( 'NONE', #3359, .T. ) ;
#4555 = CARTESIAN_POINT ( 'NONE',  ( -62.76002644001162167, -2.668755504214548324, -0.9999999999999997780 ) ) ;
#4556 = EDGE_CURVE ( 'NONE', #4020, #188, #3639, .T. ) ;
#4557 = DIRECTION ( 'NONE',  ( 0.000000000000000000, 0.000000000000000000, -1.000000000000000000 ) ) ;
#4558 = ORIENTED_EDGE ( 'NONE', *, *, #275, .T. ) ;
#4559 = FACE_OUTER_BOUND ( 'NONE', #5158, .T. ) ;
#4560 = CARTESIAN_POINT ( 'NONE',  ( -28.76858636361750143, 20.24437245649053452, 1.200000000000000178 ) ) ;
#4561 = EDGE_CURVE ( 'NONE', #1602, #2564, #2130, .T. ) ;
#4562 = CIRCLE ( 'NONE', #2067, 1.200000000000001066 ) ;
#4563 = CARTESIAN_POINT ( 'NONE',  ( 16.40000000000000213, -19.89999999999998792, 4.200000000000000178 ) ) ;
#4564 = ORIENTED_EDGE ( 'NONE', *, *, #2117, .T. ) ;
#4565 = DIRECTION ( 'NONE',  ( 0.000000000000000000, 0.000000000000000000, -1.000000000000000000 ) ) ;
#4566 = DIRECTION ( 'NONE',  ( -1.000000000000000000, 0.000000000000000000, 0.000000000000000000 ) ) ;
#4567 = CARTESIAN_POINT ( 'NONE',  ( -16.25074157420720056, -18.41820355284585276, 5.200000000000001066 ) ) ;
#4568 = CARTESIAN_POINT ( 'NONE',  ( 18.00000000000000355, -19.89999999999998792, 4.699999999999999289 ) ) ;
#4569 = EDGE_CURVE ( 'NONE', #3463, #2551, #7, .T. ) ;
#4570 = CARTESIAN_POINT ( 'NONE',  ( -33.17042946784389557, 19.24437245649053452, -1.000000000000000000 ) ) ;
#4571 = AXIS2_PLACEMENT_3D ( 'NONE', #1467, #1516, #1033 ) ;
#4572 = DIRECTION ( 'NONE',  ( 1.000000000000000000, 0.000000000000000000, 0.000000000000000000 ) ) ;
#4573 = AXIS2_PLACEMENT_3D ( 'NONE', #4870, #913, #4437 ) ;
#4574 = EDGE_CURVE ( 'NONE', #847, #1584, #1335, .T. ) ;
#4575 = ORIENTED_EDGE ( 'NONE', *, *, #3729, .F. ) ;
#4576 = VECTOR ( 'NONE', #542, 1000.000000000000000 ) ;
#4577 = DIRECTION ( 'NONE',  ( 0.000000000000000000, 0.000000000000000000, 1.000000000000000000 ) ) ;
#4578 = CARTESIAN_POINT ( 'NONE',  ( -13.69999999999999396, -16.49999999999999645, 5.699999999999999289 ) ) ;
#4579 = ORIENTED_EDGE ( 'NONE', *, *, #2908, .T. ) ;
#4580 = VECTOR ( 'NONE', #4122, 1000.000000000000000 ) ;
#4581 = LINE ( 'NONE', #135, #668 ) ;
#4582 = DIRECTION ( 'NONE',  ( 1.000000000000000000, 0.000000000000000000, 0.000000000000000000 ) ) ;
#4583 = VECTOR ( 'NONE', #4094, 1000.000000000000000 ) ;
#4584 = VECTOR ( 'NONE', #1944, 1000.000000000000000 ) ;
#4585 = DIRECTION ( 'NONE',  ( 0.000000000000000000, -9.427844978134823898E-17, 1.000000000000000000 ) ) ;
#4586 = EDGE_LOOP ( 'NONE', ( #1306, #358, #1328, #76 ) ) ;
#4587 = LINE ( 'NONE', #5407, #2175 ) ;
#4588 = EDGE_CURVE ( 'NONE', #3791, #2503, #120, .T. ) ;
#4589 = CIRCLE ( 'NONE', #2099, 1.000000000000000000 ) ;
#4590 = CARTESIAN_POINT ( 'NONE',  ( -43.31242534221950535, 13.24437245649053452, 0.3999999999999973022 ) ) ;
#4591 = ORIENTED_EDGE ( 'NONE', *, *, #2053, .T. ) ;
#4592 = FACE_OUTER_BOUND ( 'NONE', #2083, .T. ) ;
#4593 = ORIENTED_EDGE ( 'NONE', *, *, #4727, .F. ) ;
#4594 = EDGE_CURVE ( 'NONE', #3939, #1822, #5360, .T. ) ;
#4595 = CARTESIAN_POINT ( 'NONE',  ( 14.87941555592569287, -18.79999999999999361, 5.200000000000001066 ) ) ;
#4596 = LINE ( 'NONE', #1042, #4716 ) ;
#4597 = CARTESIAN_POINT ( 'NONE',  ( -41.96242534221950393, 13.24437245649053452, -0.3999999999999975797 ) ) ;
#4598 = VECTOR ( 'NONE', #5060, 1000.000000000000000 ) ;
#4599 = LINE ( 'NONE', #198, #1209 ) ;
#4600 = EDGE_CURVE ( 'NONE', #4905, #138, #4250, .T. ) ;
#4601 = VECTOR ( 'NONE', #4059, 1000.000000000000000 ) ;
#4602 = DIRECTION ( 'NONE',  ( 0.7071067811865473507, 0.7071067811865477948, -0.000000000000000000 ) ) ;
#4603 = VERTEX_POINT ( 'NONE', #3145 ) ;
#4604 = CARTESIAN_POINT ( 'NONE',  ( -30.21242534221950393, -11.75562754350946371, -0.1999999999999998723 ) ) ;
#4605 = CARTESIAN_POINT ( 'NONE',  ( -43.31242534221950535, 20.24437245649053452, 0.3999999999999973022 ) ) ;
#4606 = ORIENTED_EDGE ( 'NONE', *, *, #5446, .T. ) ;
#4607 = EDGE_CURVE ( 'NONE', #2293, #3311, #2318, .T. ) ;
#4608 = DIRECTION ( 'NONE',  ( 0.000000000000000000, 0.000000000000000000, -1.000000000000000000 ) ) ;
#4609 = DIRECTION ( 'NONE',  ( 0.000000000000000000, -1.000000000000000000, 0.000000000000000000 ) ) ;
#4610 = DIRECTION ( 'NONE',  ( 0.000000000000000000, 0.000000000000000000, 1.000000000000000000 ) ) ;
#4611 = ORIENTED_EDGE ( 'NONE', *, *, #471, .T. ) ;
#4612 = CARTESIAN_POINT ( 'NONE',  ( -21.71242534221950038, -3.503725949910877432E-15, 1.200000000000000178 ) ) ;
#4613 = DIRECTION ( 'NONE',  ( 0.000000000000000000, 0.000000000000000000, 1.000000000000000000 ) ) ;
#4614 = DIRECTION ( 'NONE',  ( 0.000000000000000000, 0.000000000000000000, 1.000000000000000000 ) ) ;
#4615 = CIRCLE ( 'NONE', #2585, 0.09999999999999939493 ) ;
#4616 = VERTEX_POINT ( 'NONE', #3123 ) ;
#4617 = CARTESIAN_POINT ( 'NONE',  ( -62.76002644001162167, 9.031244495785450965, -3.200000000000000178 ) ) ;
#4618 = ORIENTED_EDGE ( 'NONE', *, *, #1919, .F. ) ;
#4619 = DIRECTION ( 'NONE',  ( -0.000000000000000000, 1.000000000000000000, -0.000000000000000000 ) ) ;
#4620 = DIRECTION ( 'NONE',  ( 0.000000000000000000, 0.000000000000000000, -1.000000000000000000 ) ) ;
#4621 = PLANE ( 'NONE',  #4517 ) ;
#4622 = EDGE_CURVE ( 'NONE', #1334, #5086, #1105, .T. ) ;
#4623 = CARTESIAN_POINT ( 'NONE',  ( -16.39999999999999503, -19.89999999999999858, 4.200000000000000178 ) ) ;
#4624 = DIRECTION ( 'NONE',  ( -0.000000000000000000, -0.000000000000000000, 1.000000000000000000 ) ) ;
#4625 = ORIENTED_EDGE ( 'NONE', *, *, #5216, .F. ) ;
#4626 = EDGE_CURVE ( 'NONE', #334, #3928, #961, .T. ) ;
#4627 = DIRECTION ( 'NONE',  ( 0.000000000000000000, 0.000000000000000000, 1.000000000000000000 ) ) ;
#4628 = VECTOR ( 'NONE', #1234, 1000.000000000000000 ) ;
#4629 = CARTESIAN_POINT ( 'NONE',  ( 18.00000000000000355, -17.77960312803931231, 2.579999999999999627 ) ) ;
#4630 = ORIENTED_EDGE ( 'NONE', *, *, #4088, .T. ) ;
#4631 = DIRECTION ( 'NONE',  ( 1.000000000000000000, 0.000000000000000000, 0.000000000000000000 ) ) ;
#4632 = ADVANCED_FACE ( 'NONE', ( #92, #4083, #3996 ), #4867, .T. ) ;
#4633 = CARTESIAN_POINT ( 'NONE',  ( -55.71242534221949683, 4.444372456490531142, -1.000000000000000000 ) ) ;
#4634 = UNCERTAINTY_MEASURE_WITH_UNIT (LENGTH_MEASURE( 1.000000000000000082E-05 ), #5513, 'distance_accuracy_value', 'NONE');
#4635 = VERTEX_POINT ( 'NONE', #2690 ) ;
#4636 = CARTESIAN_POINT ( 'NONE',  ( -62.26002644001162167, 10.23124449578545203, -2.000000000000000000 ) ) ;
#4637 = VECTOR ( 'NONE', #1922, 1000.000000000000000 ) ;
#4638 = CARTESIAN_POINT ( 'NONE',  ( -16.99999999999999289, -5.899999999999997691, 1.000000000000000000 ) ) ;
#4639 = LINE ( 'NONE', #4973, #4165 ) ;
#4640 = EDGE_CURVE ( 'NONE', #3415, #3988, #2660, .T. ) ;
#4641 = VECTOR ( 'NONE', #815, 1000.000000000000000 ) ;
#4642 = CARTESIAN_POINT ( 'NONE',  ( -62.76002644001162167, 7.981244495785452919, -2.150000000000000355 ) ) ;
#4643 = CARTESIAN_POINT ( 'NONE',  ( -56.71242534221949683, 21.24437245649053452, 2.200000000000000178 ) ) ;
#4644 = ORIENTED_EDGE ( 'NONE', *, *, #1199, .T. ) ;
#4645 = PLANE ( 'NONE',  #4810 ) ;
#4646 = VERTEX_POINT ( 'NONE', #3556 ) ;
#4647 = DIRECTION ( 'NONE',  ( 0.000000000000000000, 0.7071067811865475727, 0.7071067811865475727 ) ) ;
#4648 = DIRECTION ( 'NONE',  ( 0.000000000000000000, -1.000000000000000000, 0.000000000000000000 ) ) ;
#4649 = DIRECTION ( 'NONE',  ( 1.000000000000000000, 0.000000000000000000, 0.000000000000000000 ) ) ;
#4650 = ORIENTED_EDGE ( 'NONE', *, *, #2334, .T. ) ;
#4651 = ORIENTED_EDGE ( 'NONE', *, *, #703, .F. ) ;
#4652 = ORIENTED_EDGE ( 'NONE', *, *, #3356, .F. ) ;
#4653 = LINE ( 'NONE', #3235, #478 ) ;
#4654 = AXIS2_PLACEMENT_3D ( 'NONE', #2584, #2613, #4388 ) ;
#4655 = EDGE_CURVE ( 'NONE', #3596, #2204, #5328, .T. ) ;
#4656 = AXIS2_PLACEMENT_3D ( 'NONE', #3221, #3271, #1083 ) ;
#4657 = LINE ( 'NONE', #2514, #5162 ) ;
#4658 = ORIENTED_EDGE ( 'NONE', *, *, #5376, .F. ) ;
#4659 = CARTESIAN_POINT ( 'NONE',  ( 16.99999999999999289, 19.89999999999999858, 4.200000000000000178 ) ) ;
#4660 = DIRECTION ( 'NONE',  ( -1.000000000000000000, 0.000000000000000000, 0.000000000000000000 ) ) ;
#4661 = VERTEX_POINT ( 'NONE', #2766 ) ;
#4662 = CIRCLE ( 'NONE', #2632, 1.200000000000000178 ) ;
#4663 = ADVANCED_FACE ( 'NONE', ( #579 ), #4213, .F. ) ;
#4664 = LINE ( 'NONE', #1772, #1883 ) ;
#4665 = VECTOR ( 'NONE', #640, 1000.000000000000000 ) ;
#4666 = AXIS2_PLACEMENT_3D ( 'NONE', #3833, #1640, #1976 ) ;
#4667 = LINE ( 'NONE', #1573, #4413 ) ;
#4668 = CIRCLE ( 'NONE', #234, 0.09999999999999939493 ) ;
#4669 = ORIENTED_EDGE ( 'NONE', *, *, #5323, .T. ) ;
#4670 = DIRECTION ( 'NONE',  ( 0.000000000000000000, 0.000000000000000000, -1.000000000000000000 ) ) ;
#4671 = ADVANCED_FACE ( 'NONE', ( #2342 ), #4645, .T. ) ;
#4672 = CARTESIAN_POINT ( 'NONE',  ( 14.87941555592569287, -18.79999999999999361, 4.200000000000000178 ) ) ;
#4673 = CARTESIAN_POINT ( 'NONE',  ( 18.00000000000000355, -19.89999999999998792, 0.000000000000000000 ) ) ;
#4674 = VECTOR ( 'NONE', #1597, 1000.000000000000000 ) ;
#4675 = CARTESIAN_POINT ( 'NONE',  ( -55.71242534221949683, -15.25562754350946371, -1.000000000000000000 ) ) ;
#4676 = EDGE_LOOP ( 'NONE', ( #2136, #2778, #3464, #5704 ) ) ;
#4677 = DIRECTION ( 'NONE',  ( 0.000000000000000000, -1.000000000000000000, 0.000000000000000000 ) ) ;
#4678 = ORIENTED_EDGE ( 'NONE', *, *, #1449, .T. ) ;
#4679 = DIRECTION ( 'NONE',  ( 0.000000000000000000, -1.000000000000000000, 0.000000000000000000 ) ) ;
#4680 = ORIENTED_EDGE ( 'NONE', *, *, #5019, .F. ) ;
#4681 = EDGE_CURVE ( 'NONE', #1415, #94, #3717, .T. ) ;
#4682 = DIRECTION ( 'NONE',  ( 1.000000000000000000, 0.000000000000000000, 0.000000000000000000 ) ) ;
#4683 = LINE ( 'NONE', #3721, #1204 ) ;
#4684 = LINE ( 'NONE', #3722, #5348 ) ;
#4685 = EDGE_LOOP ( 'NONE', ( #3042, #1823, #2860, #2891 ) ) ;
#4686 = ORIENTED_EDGE ( 'NONE', *, *, #4134, .T. ) ;
#4687 = CIRCLE ( 'NONE', #5436, 1.199999999999999734 ) ;
#4688 = VERTEX_POINT ( 'NONE', #4617 ) ;
#4689 = CARTESIAN_POINT ( 'NONE',  ( -16.39999999999999503, -19.89999999999999858, 6.200000000000000178 ) ) ;
#4690 = CARTESIAN_POINT ( 'NONE',  ( -16.99999999999999289, -19.89999999999999858, 4.200000000000000178 ) ) ;
#4691 = ORIENTED_EDGE ( 'NONE', *, *, #3648, .T. ) ;
#4692 = LINE ( 'NONE', #735, #2283 ) ;
#4693 = ADVANCED_FACE ( 'NONE', ( #2443 ), #1931, .T. ) ;
#4694 = CARTESIAN_POINT ( 'NONE',  ( 18.00000000000000000, -19.05239533417509179, 1.680000000000002602 ) ) ;
#4695 = ORIENTED_EDGE ( 'NONE', *, *, #1449, .F. ) ;
#4696 = AXIS2_PLACEMENT_3D ( 'NONE', #4597, #1587, #3750 ) ;
#4697 = AXIS2_PLACEMENT_3D ( 'NONE', #529, #97, #2325 ) ;
#4698 = DIRECTION ( 'NONE',  ( 9.770476330584008399E-17, 1.000000000000000000, -0.000000000000000000 ) ) ;
#4699 = ORIENTED_EDGE ( 'NONE', *, *, #2768, .F. ) ;
#4700 = CARTESIAN_POINT ( 'NONE',  ( 22.72906742741905006, -13.68693180368810225, 3.779999999999999361 ) ) ;
#4701 = EDGE_CURVE ( 'NONE', #1981, #3064, #2416, .T. ) ;
#4702 = EDGE_LOOP ( 'NONE', ( #3254, #1712, #2659, #3649 ) ) ;
#4703 = DIRECTION ( 'NONE',  ( 1.000000000000000000, 1.613696256722611652E-16, -0.000000000000000000 ) ) ;
#4704 = LINE ( 'NONE', #652, #427 ) ;
#4705 = CYLINDRICAL_SURFACE ( 'NONE', #2424, 1.000000000000000000 ) ;
#4706 = CARTESIAN_POINT ( 'NONE',  ( -21.71242534221950393, -16.19705362128172510, -1.000000000000000000 ) ) ;
#4707 = ADVANCED_FACE ( 'NONE', ( #4185 ), #3668, .F. ) ;
#4708 = CARTESIAN_POINT ( 'NONE',  ( -64.26002644001162878, 3.481244495785452475, 0.000000000000000000 ) ) ;
#4709 = ORIENTED_EDGE ( 'NONE', *, *, #4701, .T. ) ;
#4710 = CARTESIAN_POINT ( 'NONE',  ( -62.76002644001162167, 5.681244495785453097, -2.149999999999999911 ) ) ;
#4711 = ORIENTED_EDGE ( 'NONE', *, *, #3154, .T. ) ;
#4712 = CARTESIAN_POINT ( 'NONE',  ( 15.13529148945094072, 18.60000000000000142, 4.200000000000000178 ) ) ;
#4713 = DIRECTION ( 'NONE',  ( -1.000000000000000000, 0.000000000000000000, 0.000000000000000000 ) ) ;
#4714 = DIRECTION ( 'NONE',  ( -0.000000000000000000, -0.000000000000000000, -1.000000000000000000 ) ) ;
#4715 = VECTOR ( 'NONE', #5003, 1000.000000000000000 ) ;
#4716 = VECTOR ( 'NONE', #3233, 1000.000000000000000 ) ;
#4717 = ADVANCED_FACE ( 'NONE', ( #4592 ), #2868, .F. ) ;
#4718 = ORIENTED_EDGE ( 'NONE', *, *, #1507, .F. ) ;
#4719 = EDGE_CURVE ( 'NONE', #1917, #2197, #5490, .T. ) ;
#4720 = VERTEX_POINT ( 'NONE', #5027 ) ;
#4721 = ORIENTED_EDGE ( 'NONE', *, *, #4240, .T. ) ;
#4722 = DIRECTION ( 'NONE',  ( 0.000000000000000000, -0.000000000000000000, 1.000000000000000000 ) ) ;
#4723 = AXIS2_PLACEMENT_3D ( 'NONE', #2721, #1776, #3151 ) ;
#4724 = LINE ( 'NONE', #353, #307 ) ;
#4725 = DIRECTION ( 'NONE',  ( -1.000000000000000000, -0.000000000000000000, 0.000000000000000000 ) ) ;
#4726 = VERTEX_POINT ( 'NONE', #5081 ) ;
#4727 = EDGE_CURVE ( 'NONE', #4863, #5109, #632, .T. ) ;
#4728 = DIRECTION ( 'NONE',  ( 0.000000000000000000, 1.000000000000000000, 1.668003342285391304E-16 ) ) ;
#4729 = ORIENTED_EDGE ( 'NONE', *, *, #3736, .F. ) ;
#4730 = DIRECTION ( 'NONE',  ( -0.000000000000000000, -0.000000000000000000, 1.000000000000000000 ) ) ;
#4731 = VERTEX_POINT ( 'NONE', #1525 ) ;
#4732 = PLANE ( 'NONE',  #239 ) ;
#4733 = ORIENTED_EDGE ( 'NONE', *, *, #4786, .F. ) ;
#4734 = CARTESIAN_POINT ( 'NONE',  ( 0.000000000000000000, -17.49999999999999645, 1.000000000000000000 ) ) ;
#4735 = DIRECTION ( 'NONE',  ( 0.000000000000000000, -1.000000000000000000, 0.000000000000000000 ) ) ;
#4736 = EDGE_CURVE ( 'NONE', #434, #2900, #2851, .T. ) ;
#4737 = DIRECTION ( 'NONE',  ( 1.000000000000000000, 1.734723475976793684E-15, 0.000000000000000000 ) ) ;
#4738 = DIRECTION ( 'NONE',  ( 0.000000000000000000, 0.000000000000000000, -1.000000000000000000 ) ) ;
#4739 = CARTESIAN_POINT ( 'NONE',  ( -22.31242534221949825, 19.74437245649053096, 2.200000000000000178 ) ) ;
#4740 = ORIENTED_EDGE ( 'NONE', *, *, #418, .F. ) ;
#4741 = FACE_OUTER_BOUND ( 'NONE', #2673, .T. ) ;
#4742 = ORIENTED_EDGE ( 'NONE', *, *, #1747, .T. ) ;
#4743 = EDGE_CURVE ( 'NONE', #4443, #2555, #2013, .T. ) ;
#4744 = DIRECTION ( 'NONE',  ( 1.000000000000000000, -0.000000000000000000, -0.000000000000000000 ) ) ;
#4745 = DIRECTION ( 'NONE',  ( 1.000000000000000000, -0.000000000000000000, -0.000000000000000000 ) ) ;
#4746 = PLANE ( 'NONE',  #5257 ) ;
#4747 = VERTEX_POINT ( 'NONE', #4136 ) ;
#4748 = ORIENTED_EDGE ( 'NONE', *, *, #3564, .F. ) ;
#4749 = ORIENTED_EDGE ( 'NONE', *, *, #1765, .F. ) ;
#4750 = DIRECTION ( 'NONE',  ( -1.000000000000000000, 0.000000000000000000, 0.000000000000000000 ) ) ;
#4751 = EDGE_CURVE ( 'NONE', #382, #2392, #3776, .T. ) ;
#4752 = DIRECTION ( 'NONE',  ( 0.000000000000000000, -1.000000000000000000, -9.427844978134822666E-17 ) ) ;
#4753 = DIRECTION ( 'NONE',  ( 1.000000000000000000, 0.000000000000000000, 0.000000000000000000 ) ) ;
#4754 = PLANE ( 'NONE',  #904 ) ;
#4755 = ORIENTED_EDGE ( 'NONE', *, *, #890, .T. ) ;
#4756 = AXIS2_PLACEMENT_3D ( 'NONE', #2861, #651, #2838 ) ;
#4757 = CARTESIAN_POINT ( 'NONE',  ( -62.76002644001162167, 10.03124449578545274, -3.000000000000000000 ) ) ;
#4758 = EDGE_LOOP ( 'NONE', ( #4063, #663, #4829, #5425 ) ) ;
#4759 = CARTESIAN_POINT ( 'NONE',  ( -55.71242534221949683, 4.444372456490531142, -1.000000000000000000 ) ) ;
#4760 = CIRCLE ( 'NONE', #2994, 1.350000000000004752 ) ;
#4761 = ORIENTED_EDGE ( 'NONE', *, *, #954, .F. ) ;
#4762 = LINE ( 'NONE', #2189, #224 ) ;
#4763 = VECTOR ( 'NONE', #4582, 1000.000000000000000 ) ;
#4764 = LINE ( 'NONE', #1754, #1141 ) ;
#4765 = DIRECTION ( 'NONE',  ( 0.000000000000000000, -1.000000000000000000, -0.000000000000000000 ) ) ;
#4766 = DIRECTION ( 'NONE',  ( -0.000000000000000000, -0.000000000000000000, -1.000000000000000000 ) ) ;
#4767 = CARTESIAN_POINT ( 'NONE',  ( -55.11242534221950251, 19.74437245649053096, 2.200000000000000178 ) ) ;
#4768 = EDGE_CURVE ( 'NONE', #3082, #5501, #5541, .T. ) ;
#4769 = EDGE_LOOP ( 'NONE', ( #3535, #1178, #2831, #3731 ) ) ;
#4770 = CARTESIAN_POINT ( 'NONE',  ( -62.26002644001162167, 7.981244495785452919, -2.150000000000000355 ) ) ;
#4771 = ORIENTED_EDGE ( 'NONE', *, *, #22, .F. ) ;
#4772 = VECTOR ( 'NONE', #180, 1000.000000000000000 ) ;
#4773 = CARTESIAN_POINT ( 'NONE',  ( -55.71242534221949683, -0.000000000000000000, 0.000000000000000000 ) ) ;
#4774 = CARTESIAN_POINT ( 'NONE',  ( -64.26002644001162878, 3.881244495785452386, 0.000000000000000000 ) ) ;
#4775 = DIRECTION ( 'NONE',  ( 0.000000000000000000, -0.000000000000000000, 1.000000000000000000 ) ) ;
#4776 = ORIENTED_EDGE ( 'NONE', *, *, #4005, .F. ) ;
#4777 = VERTEX_POINT ( 'NONE', #2843 ) ;
#4778 = EDGE_CURVE ( 'NONE', #4635, #4818, #656, .T. ) ;
#4779 = VERTEX_POINT ( 'NONE', #1064 ) ;
#4780 = FACE_OUTER_BOUND ( 'NONE', #3607, .T. ) ;
#4781 = VECTOR ( 'NONE', #4201, 1000.000000000000000 ) ;
#4782 = CARTESIAN_POINT ( 'NONE',  ( -62.76002644001162167, 10.23124449578545203, -2.000000000000000000 ) ) ;
#4783 = CIRCLE ( 'NONE', #3199, 1.599999999999997202 ) ;
#4784 = DIRECTION ( 'NONE',  ( -0.000000000000000000, -0.000000000000000000, -1.000000000000000000 ) ) ;
#4785 = AXIS2_PLACEMENT_3D ( 'NONE', #277, #749, #4182 ) ;
#4786 = EDGE_CURVE ( 'NONE', #4193, #782, #2818, .T. ) ;
#4787 = LINE ( 'NONE', #5715, #4314 ) ;
#4788 = ORIENTED_EDGE ( 'NONE', *, *, #1027, .T. ) ;
#4789 = ORIENTED_EDGE ( 'NONE', *, *, #2703, .T. ) ;
#4790 =( LENGTH_UNIT ( ) NAMED_UNIT ( * ) SI_UNIT ( .MILLI., .METRE. ) );
#4791 = EDGE_LOOP ( 'NONE', ( #4145, #4591, #287, #4295 ) ) ;
#4792 = VECTOR ( 'NONE', #3431, 1000.000000000000000 ) ;
#4793 = EDGE_CURVE ( 'NONE', #3382, #1709, #193, .T. ) ;
#4794 = CARTESIAN_POINT ( 'NONE',  ( -55.11242534221950251, 19.64437245649053310, 0.000000000000000000 ) ) ;
#4795 = PLANE ( 'NONE',  #2623 ) ;
#4796 = CIRCLE ( 'NONE', #359, 1.350000000000004752 ) ;
#4797 = DIRECTION ( 'NONE',  ( -1.000000000000000000, 0.000000000000000000, 0.000000000000000000 ) ) ;
#4798 = LINE ( 'NONE', #1002, #4580 ) ;
#4799 = EDGE_LOOP ( 'NONE', ( #5619, #504, #4748, #390 ) ) ;
#4800 = DIRECTION ( 'NONE',  ( -1.000000000000000000, 0.000000000000000000, -0.000000000000000000 ) ) ;
#4801 = VERTEX_POINT ( 'NONE', #4770 ) ;
#4802 = DIRECTION ( 'NONE',  ( 0.000000000000000000, 1.000000000000000000, 0.000000000000000000 ) ) ;
#4803 = CARTESIAN_POINT ( 'NONE',  ( 18.00000000000000355, -17.77960312803931231, 6.200000000000000178 ) ) ;
#4804 = ORIENTED_EDGE ( 'NONE', *, *, #2334, .F. ) ;
#4805 = ORIENTED_EDGE ( 'NONE', *, *, #4233, .T. ) ;
#4806 = EDGE_LOOP ( 'NONE', ( #146, #1589, #3857, #631 ) ) ;
#4807 = CYLINDRICAL_SURFACE ( 'NONE', #3045, 1.350000000000001421 ) ;
#4808 = VERTEX_POINT ( 'NONE', #1179 ) ;
#4809 = DIRECTION ( 'NONE',  ( -0.000000000000000000, 1.000000000000000000, -0.000000000000000000 ) ) ;
#4810 = AXIS2_PLACEMENT_3D ( 'NONE', #3278, #1038, #5519 ) ;
#4811 = EDGE_CURVE ( 'NONE', #888, #4635, #2472, .T. ) ;
#4812 = FACE_OUTER_BOUND ( 'NONE', #2948, .T. ) ;
#4813 = CIRCLE ( 'NONE', #5544, 1.600000000000000755 ) ;
#4814 = LINE ( 'NONE', #2604, #435 ) ;
#4815 = VECTOR ( 'NONE', #5337, 1000.000000000000000 ) ;
#4816 = ORIENTED_EDGE ( 'NONE', *, *, #2928, .T. ) ;
#4817 = EDGE_CURVE ( 'NONE', #962, #5501, #5457, .T. ) ;
#4818 = VERTEX_POINT ( 'NONE', #3839 ) ;
#4819 = CARTESIAN_POINT ( 'NONE',  ( -62.76002644001162167, 10.03124449578545274, -1.000000000000000000 ) ) ;
#4820 = ORIENTED_EDGE ( 'NONE', *, *, #3340, .F. ) ;
#4821 = CARTESIAN_POINT ( 'NONE',  ( 0.000000000000000000, -20.25562754350946193, 2.200000000000000178 ) ) ;
#4822 = FACE_OUTER_BOUND ( 'NONE', #3850, .T. ) ;
#4823 = LINE ( 'NONE', #896, #1436 ) ;
#4824 = EDGE_CURVE ( 'NONE', #1515, #2150, #2043, .T. ) ;
#4825 = FACE_OUTER_BOUND ( 'NONE', #1326, .T. ) ;
#4826 = CARTESIAN_POINT ( 'NONE',  ( 0.000000000000000000, 0.000000000000000000, 2.200000000000000178 ) ) ;
#4827 = EDGE_LOOP ( 'NONE', ( #4184, #1859, #1807, #2185 ) ) ;
#4828 = CARTESIAN_POINT ( 'NONE',  ( -16.40000000000000213, 19.89999999999999858, 0.000000000000000000 ) ) ;
#4829 = ORIENTED_EDGE ( 'NONE', *, *, #1866, .T. ) ;
#4830 = EDGE_CURVE ( 'NONE', #4135, #3625, #2531, .T. ) ;
#4831 = CARTESIAN_POINT ( 'NONE',  ( -55.71242534221949683, 21.24437245649053452, 2.200000000000000178 ) ) ;
#4832 = CARTESIAN_POINT ( 'NONE',  ( -33.17042946784389557, 20.24437245649053452, -1.000000000000000000 ) ) ;
#4833 = VERTEX_POINT ( 'NONE', #3872 ) ;
#4834 = ORIENTED_EDGE ( 'NONE', *, *, #3948, .T. ) ;
#4835 = ORIENTED_EDGE ( 'NONE', *, *, #128, .F. ) ;
#4836 = CARTESIAN_POINT ( 'NONE',  ( -62.26002644001162167, -1.468755504214548147, -2.000000000000000000 ) ) ;
#4837 = EDGE_LOOP ( 'NONE', ( #4669, #4934, #4396, #64 ) ) ;
#4838 = DIRECTION ( 'NONE',  ( -1.000000000000000000, 0.000000000000000000, 0.000000000000000000 ) ) ;
#4839 = CARTESIAN_POINT ( 'NONE',  ( -26.71242534221950393, -11.75562754350946371, -0.1999999999999998723 ) ) ;
#4840 = AXIS2_PLACEMENT_3D ( 'NONE', #3109, #5287, #1755 ) ;
#4841 = AXIS2_PLACEMENT_3D ( 'NONE', #3940, #2602, #852 ) ;
#4842 = LINE ( 'NONE', #2635, #615 ) ;
#4843 = EDGE_CURVE ( 'NONE', #2113, #2479, #753, .T. ) ;
#4844 = ORIENTED_EDGE ( 'NONE', *, *, #2254, .F. ) ;
#4845 = AXIS2_PLACEMENT_3D ( 'NONE', #1272, #3027, #5671 ) ;
#4846 = ORIENTED_EDGE ( 'NONE', *, *, #3258, .F. ) ;
#4847 = DIRECTION ( 'NONE',  ( 1.613696256722611405E-16, -1.000000000000000000, 0.000000000000000000 ) ) ;
#4848 = EDGE_LOOP ( 'NONE', ( #3390, #1237, #1286, #2966 ) ) ;
#4849 = EDGE_CURVE ( 'NONE', #3877, #4833, #721, .T. ) ;
#4850 = DIRECTION ( 'NONE',  ( 0.000000000000000000, 0.000000000000000000, -1.000000000000000000 ) ) ;
#4851 = DIRECTION ( 'NONE',  ( -0.000000000000000000, -0.000000000000000000, 1.000000000000000000 ) ) ;
#4852 =( LENGTH_UNIT ( ) NAMED_UNIT ( * ) SI_UNIT ( .MILLI., .METRE. ) );
#4853 = LINE ( 'NONE', #4423, #1980 ) ;
#4854 = AXIS2_PLACEMENT_3D ( 'NONE', #210, #139, #166 ) ;
#4855 = CARTESIAN_POINT ( 'NONE',  ( -13.69999999999999396, -16.49999999999999645, 5.200000000000000178 ) ) ;
#4856 = AXIS2_PLACEMENT_3D ( 'NONE', #990, #4110, #2322 ) ;
#4857 = ORIENTED_EDGE ( 'NONE', *, *, #2455, .T. ) ;
#4858 = ADVANCED_FACE ( 'NONE', ( #1612 ), #2502, .T. ) ;
#4859 = CARTESIAN_POINT ( 'NONE',  ( -18.00000000000000355, -18.49999999999999645, 2.000000000000000000 ) ) ;
#4860 = EDGE_LOOP ( 'NONE', ( #885, #318, #934, #1050, #1787, #4186 ) ) ;
#4861 = AXIS2_PLACEMENT_3D ( 'NONE', #3575, #5404, #5347 ) ;
#4862 = CARTESIAN_POINT ( 'NONE',  ( -7.999999999999994671, 20.49999999999999645, 5.200000000000001066 ) ) ;
#4863 = VERTEX_POINT ( 'NONE', #2106 ) ;
#4864 = EDGE_LOOP ( 'NONE', ( #4129, #4618, #4996, #99, #408, #3737, #1738, #201, #5440, #2171, #867, #1817, #1246, #1040, #969, #440, #2572, #1733, #5517, #3976, #3348, #955 ) ) ;
#4865 = ORIENTED_EDGE ( 'NONE', *, *, #5331, .F. ) ;
#4866 = ADVANCED_FACE ( 'NONE', ( #1211 ), #3024, .T. ) ;
#4867 = PLANE ( 'NONE',  #104 ) ;
#4868 = ORIENTED_EDGE ( 'NONE', *, *, #111, .F. ) ;
#4869 = STYLED_ITEM ( 'NONE', ( #947 ), #3521 ) ;
#4870 = CARTESIAN_POINT ( 'NONE',  ( 15.52494343947779853, -18.36294314626284319, 5.200000000000001066 ) ) ;
#4871 = LINE ( 'NONE', #2663, #2290 ) ;
#4872 = AXIS2_PLACEMENT_3D ( 'NONE', #1405, #162, #3628 ) ;
#4873 = AXIS2_PLACEMENT_3D ( 'NONE', #1884, #4875, #4549 ) ;
#4874 = DIRECTION ( 'NONE',  ( 1.000000000000000000, -0.000000000000000000, 0.000000000000000000 ) ) ;
#4875 = DIRECTION ( 'NONE',  ( 0.7071067811865512365, -0.7071067811865439090, 0.000000000000000000 ) ) ;
#4876 = VERTEX_POINT ( 'NONE', #5577 ) ;
#4877 = VECTOR ( 'NONE', #1924, 1000.000000000000000 ) ;
#4878 = ADVANCED_FACE ( 'NONE', ( #2903 ), #2591, .T. ) ;
#4879 = VERTEX_POINT ( 'NONE', #4337 ) ;
#4880 = PLANE ( 'NONE',  #5133 ) ;
#4881 = VERTEX_POINT ( 'NONE', #311 ) ;
#4882 = DIRECTION ( 'NONE',  ( -1.000000000000000000, 0.000000000000000000, 0.000000000000000000 ) ) ;
#4883 = CARTESIAN_POINT ( 'NONE',  ( -56.71242534221949683, 6.644372456490533096, 0.000000000000000000 ) ) ;
#4884 = CARTESIAN_POINT ( 'NONE',  ( -13.69999999999999751, 10.90000000000000036, 5.200000000000000178 ) ) ;
#4885 = DIRECTION ( 'NONE',  ( -1.000000000000000000, 0.000000000000000000, 0.000000000000000000 ) ) ;
#4886 = EDGE_CURVE ( 'NONE', #4881, #2092, #2074, .T. ) ;
#4887 = AXIS2_PLACEMENT_3D ( 'NONE', #4280, #1331, #438 ) ;
#4888 = DIRECTION ( 'NONE',  ( 0.000000000000000000, 0.000000000000000000, -1.000000000000000000 ) ) ;
#4889 = ORIENTED_EDGE ( 'NONE', *, *, #1779, .T. ) ;
#4890 = DIRECTION ( 'NONE',  ( 0.000000000000000000, -0.000000000000000000, 1.000000000000000000 ) ) ;
#4891 = ORIENTED_EDGE ( 'NONE', *, *, #959, .F. ) ;
#4892 = CIRCLE ( 'NONE', #2386, 0.6000000000000033085 ) ;
#4893 = EDGE_CURVE ( 'NONE', #3172, #3010, #5641, .T. ) ;
#4894 = FACE_OUTER_BOUND ( 'NONE', #4864, .T. ) ;
#4895 = ORIENTED_EDGE ( 'NONE', *, *, #4830, .T. ) ;
#4896 = ORIENTED_EDGE ( 'NONE', *, *, #3104, .T. ) ;
#4897 = ORIENTED_EDGE ( 'NONE', *, *, #3564, .T. ) ;
#4898 = CARTESIAN_POINT ( 'NONE',  ( -21.71242534221950393, 12.36579373369079882, 2.200000000000000178 ) ) ;
#4899 = ORIENTED_EDGE ( 'NONE', *, *, #4886, .T. ) ;
#4900 = DIRECTION ( 'NONE',  ( 0.000000000000000000, 0.000000000000000000, -1.000000000000000000 ) ) ;
#4901 = DIRECTION ( 'NONE',  ( 0.000000000000000000, 0.000000000000000000, -1.000000000000000000 ) ) ;
#4902 = LINE ( 'NONE', #413, #3297 ) ;
#4903 = DIRECTION ( 'NONE',  ( -1.000000000000000000, 0.000000000000000000, 0.000000000000000000 ) ) ;
#4904 = ORIENTED_EDGE ( 'NONE', *, *, #1642, .T. ) ;
#4905 = VERTEX_POINT ( 'NONE', #5175 ) ;
#4906 = DIRECTION ( 'NONE',  ( 0.000000000000000000, 0.000000000000000000, -1.000000000000000000 ) ) ;
#4907 = VECTOR ( 'NONE', #63, 1000.000000000000000 ) ;
#4908 = ORIENTED_EDGE ( 'NONE', *, *, #3641, .T. ) ;
#4909 = LINE ( 'NONE', #4821, #1250 ) ;
#4910 = DIRECTION ( 'NONE',  ( -0.000000000000000000, -1.000000000000000000, -0.000000000000000000 ) ) ;
#4911 = PLANE ( 'NONE',  #4840 ) ;
#4912 = CARTESIAN_POINT ( 'NONE',  ( -7.999999999999994671, 18.60000000000000142, 5.200000000000001066 ) ) ;
#4913 = CARTESIAN_POINT ( 'NONE',  ( -21.71242534221950393, -16.19705362128172510, -1.000000000000000000 ) ) ;
#4914 = ORIENTED_EDGE ( 'NONE', *, *, #2060, .F. ) ;
#4915 = DIRECTION ( 'NONE',  ( -0.7071067811865439090, -0.7071067811865512365, 0.000000000000000000 ) ) ;
#4916 = VECTOR ( 'NONE', #2041, 1000.000000000000000 ) ;
#4917 = VERTEX_POINT ( 'NONE', #2965 ) ;
#4918 = ADVANCED_FACE ( 'NONE', ( #4741 ), #781, .T. ) ;
#4919 = FACE_OUTER_BOUND ( 'NONE', #3185, .T. ) ;
#4920 = ORIENTED_EDGE ( 'NONE', *, *, #2161, .F. ) ;
#4921 = CARTESIAN_POINT ( 'NONE',  ( 3.250000000000000000, -19.49999999999999645, 1.750000000000001776 ) ) ;
#4922 = VERTEX_POINT ( 'NONE', #3426 ) ;
#4923 = ADVANCED_FACE ( 'NONE', ( #2991 ), #1238, .F. ) ;
#4924 = CYLINDRICAL_SURFACE ( 'NONE', #4115, 0.6000000000000033085 ) ;
#4925 = DIRECTION ( 'NONE',  ( 0.000000000000000000, 0.000000000000000000, -1.000000000000000000 ) ) ;
#4926 = DIRECTION ( 'NONE',  ( -1.000000000000000000, 0.000000000000000000, -0.000000000000000000 ) ) ;
#4927 = AXIS2_PLACEMENT_3D ( 'NONE', #2806, #80, #5016 ) ;
#4928 = DIRECTION ( 'NONE',  ( 0.000000000000000000, 1.000000000000000000, 0.000000000000000000 ) ) ;
#4929 = EDGE_CURVE ( 'NONE', #2402, #1101, #3454, .T. ) ;
#4930 = ORIENTED_EDGE ( 'NONE', *, *, #1486, .F. ) ;
#4931 = AXIS2_PLACEMENT_3D ( 'NONE', #4774, #2110, #3875 ) ;
#4932 = ORIENTED_EDGE ( 'NONE', *, *, #5607, .F. ) ;
#4933 = FACE_BOUND ( 'NONE', #553, .T. ) ;
#4934 = ORIENTED_EDGE ( 'NONE', *, *, #1387, .F. ) ;
#4935 = DIRECTION ( 'NONE',  ( 1.000000000000000000, 0.000000000000000000, 0.000000000000000000 ) ) ;
#4936 = CARTESIAN_POINT ( 'NONE',  ( -41.96242534221950393, 13.24437245649053452, 1.750000000000000666 ) ) ;
#4937 = CARTESIAN_POINT ( 'NONE',  ( -52.95155156584890221, -11.75562754350946015, -1.199999999999999734 ) ) ;
#4938 = DIRECTION ( 'NONE',  ( 0.000000000000000000, 1.000000000000000000, 0.000000000000000000 ) ) ;
#4939 = LINE ( 'NONE', #2282, #5130 ) ;
#4940 = DIRECTION ( 'NONE',  ( 0.000000000000000000, 0.000000000000000000, -1.000000000000000000 ) ) ;
#4941 = EDGE_LOOP ( 'NONE', ( #2163, #5465, #5253, #693 ) ) ;
#4942 = DIRECTION ( 'NONE',  ( 0.000000000000000000, 0.000000000000000000, -1.000000000000000000 ) ) ;
#4943 = AXIS2_PLACEMENT_3D ( 'NONE', #3738, #5510, #2411 ) ;
#4944 = CARTESIAN_POINT ( 'NONE',  ( -62.76002644001162167, 10.23124449578545203, -2.000000000000000000 ) ) ;
#4945 = EDGE_CURVE ( 'NONE', #2800, #5584, #4482, .T. ) ;
#4946 = EDGE_LOOP ( 'NONE', ( #3936, #1410, #194, #1089 ) ) ;
#4947 = CARTESIAN_POINT ( 'NONE',  ( 15.75409976213974339, 18.59858071253704992, 5.200000000000001066 ) ) ;
#4948 = DIRECTION ( 'NONE',  ( 0.000000000000000000, 1.734723475976807094E-15, 1.000000000000000000 ) ) ;
#4949 = VECTOR ( 'NONE', #2219, 1000.000000000000000 ) ;
#4950 = CIRCLE ( 'NONE', #4861, 1.350000000000003642 ) ;
#4951 = CARTESIAN_POINT ( 'NONE',  ( 4.599999999999999645, -20.49999999999999645, 4.200000000000000178 ) ) ;
#4952 = DIRECTION ( 'NONE',  ( -0.000000000000000000, -0.000000000000000000, -1.000000000000000000 ) ) ;
#4953 = DIRECTION ( 'NONE',  ( 0.000000000000000000, 0.000000000000000000, -1.000000000000000000 ) ) ;
#4954 = ADVANCED_FACE ( 'NONE', ( #5292 ), #2286, .T. ) ;
#4955 = LINE ( 'NONE', #968, #2231 ) ;
#4956 = ORIENTED_EDGE ( 'NONE', *, *, #2821, .T. ) ;
#4957 = VECTOR ( 'NONE', #5038, 1000.000000000000000 ) ;
#4958 = ORIENTED_EDGE ( 'NONE', *, *, #1643, .F. ) ;
#4959 = EDGE_CURVE ( 'NONE', #3711, #4879, #2709, .T. ) ;
#4960 = ORIENTED_EDGE ( 'NONE', *, *, #257, .T. ) ;
#4961 = DIRECTION ( 'NONE',  ( 0.000000000000000000, -1.000000000000000000, 0.000000000000000000 ) ) ;
#4962 =( BOUNDED_CURVE ( )  B_SPLINE_CURVE ( 3, ( #2298, #4061, #3619, #98 ),
 .UNSPECIFIED., .F., .T. ) 
 B_SPLINE_CURVE_WITH_KNOTS ( ( 4, 4 ),
 ( 0.000000000000000000, 3.141592653589793116 ),
 .UNSPECIFIED. ) 
 CURVE ( )  GEOMETRIC_REPRESENTATION_ITEM ( )  RATIONAL_B_SPLINE_CURVE ( ( 1.000000000000000000, 0.3333333333333333703, 0.3333333333333333703, 1.000000000000000000 ) ) 
 REPRESENTATION_ITEM ( '' )  );
#4963 = VECTOR ( 'NONE', #3835, 1000.000000000000000 ) ;
#4964 = LINE ( 'NONE', #1190, #2871 ) ;
#4965 = FACE_OUTER_BOUND ( 'NONE', #2938, .T. ) ;
#4966 = VECTOR ( 'NONE', #5494, 1000.000000000000000 ) ;
#4967 = EDGE_CURVE ( 'NONE', #5369, #3368, #5264, .T. ) ;
#4968 = ADVANCED_FACE ( 'NONE', ( #3488 ), #87, .F. ) ;
#4969 = CARTESIAN_POINT ( 'NONE',  ( -34.11242534221949541, 21.24437245649053452, 0.4000000000000045741 ) ) ;
#4970 = VECTOR ( 'NONE', #492, 1000.000000000000000 ) ;
#4971 = ORIENTED_EDGE ( 'NONE', *, *, #1469, .F. ) ;
#4972 = DIRECTION ( 'NONE',  ( -1.000000000000000000, 0.000000000000000000, 0.000000000000000000 ) ) ;
#4973 = CARTESIAN_POINT ( 'NONE',  ( -16.58197335456738486, 18.29609250885616945, 5.200000000000001066 ) ) ;
#4974 = EDGE_CURVE ( 'NONE', #1973, #3089, #1385, .T. ) ;
#4975 = CARTESIAN_POINT ( 'NONE',  ( -17.00000000000000000, 19.89999999999999503, 4.200000000000000178 ) ) ;
#4976 = ORIENTED_EDGE ( 'NONE', *, *, #775, .T. ) ;
#4977 = VECTOR ( 'NONE', #2970, 1000.000000000000000 ) ;
#4978 = DIRECTION ( 'NONE',  ( 0.000000000000000000, 1.000000000000000000, 0.000000000000000000 ) ) ;
#4979 = ORIENTED_EDGE ( 'NONE', *, *, #2068, .F. ) ;
#4980 = DIRECTION ( 'NONE',  ( 0.000000000000000000, 0.000000000000000000, 1.000000000000000000 ) ) ;
#4981 = LINE ( 'NONE', #1829, #812 ) ;
#4982 = CARTESIAN_POINT ( 'NONE',  ( -56.71242534221949683, 17.95851529934481761, 0.7000000000000000666 ) ) ;
#4983 = DIRECTION ( 'NONE',  ( -0.000000000000000000, 0.000000000000000000, -1.000000000000000000 ) ) ;
#4984 = EDGE_LOOP ( 'NONE', ( #3667, #869, #2844, #5453 ) ) ;
#4985 = EDGE_CURVE ( 'NONE', #572, #4352, #3139, .T. ) ;
#4986 = ORIENTED_EDGE ( 'NONE', *, *, #22, .T. ) ;
#4987 = CARTESIAN_POINT ( 'NONE',  ( -55.71242534221949683, 4.444372456490531142, 1.200000000000000178 ) ) ;
#4988 = ORIENTED_EDGE ( 'NONE', *, *, #4428, .F. ) ;
#4989 = CARTESIAN_POINT ( 'NONE',  ( 4.600000000000000533, -21.50000000000000000, 0.000000000000000000 ) ) ;
#4990 = EDGE_CURVE ( 'NONE', #4536, #3980, #3958, .T. ) ;
#4991 = DIRECTION ( 'NONE',  ( 0.000000000000000000, 1.000000000000000000, 4.904724113624902537E-17 ) ) ;
#4992 = DIRECTION ( 'NONE',  ( 1.000000000000000000, 1.613696256722611652E-16, -0.000000000000000000 ) ) ;
#4993 = AXIS2_PLACEMENT_3D ( 'NONE', #1247, #4317, #3497 ) ;
#4994 = VECTOR ( 'NONE', #1652, 1000.000000000000000 ) ;
#4995 = PLANE ( 'NONE',  #1078 ) ;
#4996 = ORIENTED_EDGE ( 'NONE', *, *, #1277, .T. ) ;
#4997 = FACE_OUTER_BOUND ( 'NONE', #2925, .T. ) ;
#4998 = TOROIDAL_SURFACE ( 'NONE', #1943, 0.1000000000000000472, 1.500000000000000000 ) ;
#4999 = EDGE_CURVE ( 'NONE', #5697, #4276, #1758, .T. ) ;
#5000 = CARTESIAN_POINT ( 'NONE',  ( -43.31242534221950535, 13.24437245649053452, -0.3999999999999975797 ) ) ;
#5001 = LINE ( 'NONE', #5439, #355 ) ;
#5002 = EDGE_LOOP ( 'NONE', ( #2195, #2539, #505, #5626 ) ) ;
#5003 = DIRECTION ( 'NONE',  ( -1.000000000000000000, -0.000000000000000000, -0.000000000000000000 ) ) ;
#5004 = CYLINDRICAL_SURFACE ( 'NONE', #2799, 0.6319646214001384266 ) ;
#5005 = EDGE_CURVE ( 'NONE', #5584, #3906, #3450, .T. ) ;
#5006 = AXIS2_PLACEMENT_3D ( 'NONE', #5172, #278, #2133 ) ;
#5007 = DIRECTION ( 'NONE',  ( 0.000000000000000000, -1.000000000000000000, -0.000000000000000000 ) ) ;
#5008 = CARTESIAN_POINT ( 'NONE',  ( -16.40000000000000213, 19.89999999999999858, 6.200000000000000178 ) ) ;
#5009 = DIRECTION ( 'NONE',  ( 1.000000000000000000, 0.000000000000000000, 0.000000000000000000 ) ) ;
#5010 = DIRECTION ( 'NONE',  ( -1.000000000000000000, -0.000000000000000000, -0.000000000000000000 ) ) ;
#5011 = ORIENTED_EDGE ( 'NONE', *, *, #3439, .T. ) ;
#5012 = CARTESIAN_POINT ( 'NONE',  ( -41.96242534221950393, 20.81558672077196093, 1.750000000000000666 ) ) ;
#5013 = ADVANCED_FACE ( 'NONE', ( #4015 ), #1732, .F. ) ;
#5014 = DIRECTION ( 'NONE',  ( 1.000000000000000000, 0.000000000000000000, 0.000000000000000000 ) ) ;
#5015 = EDGE_LOOP ( 'NONE', ( #5537, #1428, #2203, #2658 ) ) ;
#5016 = DIRECTION ( 'NONE',  ( -1.000000000000000000, 0.000000000000000000, -0.000000000000000000 ) ) ;
#5017 = CARTESIAN_POINT ( 'NONE',  ( -56.71242534221949683, 17.95851529934481761, 0.7000000000000000666 ) ) ;
#5018 = FACE_OUTER_BOUND ( 'NONE', #4676, .T. ) ;
#5019 = EDGE_CURVE ( 'NONE', #1907, #3918, #519, .T. ) ;
#5020 = VECTOR ( 'NONE', #2383, 1000.000000000000000 ) ;
#5021 = ORIENTED_EDGE ( 'NONE', *, *, #5094, .T. ) ;
#5022 = FACE_OUTER_BOUND ( 'NONE', #4806, .T. ) ;
#5023 = APPLICATION_PROTOCOL_DEFINITION ( 'draft international standard', 'automotive_design', 1998, #3724 ) ;
#5024 = DIRECTION ( 'NONE',  ( 0.000000000000000000, -0.000000000000000000, 1.000000000000000000 ) ) ;
#5025 = ADVANCED_FACE ( 'NONE', ( #4513 ), #1357, .T. ) ;
#5026 = ORIENTED_EDGE ( 'NONE', *, *, #665, .T. ) ;
#5027 = CARTESIAN_POINT ( 'NONE',  ( -55.11242534221950251, -20.75562754350946193, 1.200000000000000178 ) ) ;
#5028 = ORIENTED_EDGE ( 'NONE', *, *, #154, .T. ) ;
#5029 = CLOSED_SHELL ( 'NONE', ( #548, #2008, #1090, #3416, #3544, #3778, #2777, #44, #2796, #2248, #3678, #4095, #3268, #5139, #4954, #319, #1364, #643, #2886, #141, #1692, #3018, #2587, #2207, #3112, #3941, #4384, #1547, #660, #4400, #2553, #4102, #14, #4542, #2518, #1803, #5174, #2605, #1555, #1735, #4436, #514, #4663, #765, #2647, #857, #5283, #2497, #148, #4878, #1461, #2960, #4866, #2761, #565, #4291, #283, #3253, #309, #5245, #4368, #2372, #39, #4147, #3501, #218 ) ) ;
#5030 = LINE ( 'NONE', #4160, #1804 ) ;
#5031 = LINE ( 'NONE', #659, #1939 ) ;
#5032 = PLANE ( 'NONE',  #1187 ) ;
#5033 = AXIS2_PLACEMENT_3D ( 'NONE', #2937, #4800, #3399 ) ;
#5034 = CARTESIAN_POINT ( 'NONE',  ( -56.71242534221949683, 19.64437245649053310, 0.7000000000000000666 ) ) ;
#5035 = CIRCLE ( 'NONE', #2535, 1.599999999999997202 ) ;
#5036 = DIRECTION ( 'NONE',  ( -0.000000000000000000, -0.000000000000000000, -1.000000000000000000 ) ) ;
#5037 = ORIENTED_EDGE ( 'NONE', *, *, #2462, .T. ) ;
#5038 = DIRECTION ( 'NONE',  ( -0.000000000000000000, -0.000000000000000000, -1.000000000000000000 ) ) ;
#5039 = DIRECTION ( 'NONE',  ( -1.000000000000000000, -1.743440679373676303E-16, 0.000000000000000000 ) ) ;
#5040 = ORIENTED_EDGE ( 'NONE', *, *, #4196, .T. ) ;
#5041 = AXIS2_PLACEMENT_3D ( 'NONE', #1918, #669, #4577 ) ;
#5042 = DIRECTION ( 'NONE',  ( 1.000000000000000000, 0.000000000000000000, 0.000000000000000000 ) ) ;
#5043 = EDGE_CURVE ( 'NONE', #5642, #3377, #5352, .T. ) ;
#5044 = LINE ( 'NONE', #1488, #4576 ) ;
#5045 = VECTOR ( 'NONE', #181, 1000.000000000000000 ) ;
#5046 = DIRECTION ( 'NONE',  ( 1.000000000000000000, 0.000000000000000000, 0.000000000000000000 ) ) ;
#5047 = ORIENTED_EDGE ( 'NONE', *, *, #1424, .F. ) ;
#5048 = CARTESIAN_POINT ( 'NONE',  ( -48.16930226743011190, -11.75562754350946015, -1.199999999999999734 ) ) ;
#5049 = PLANE ( 'NONE',  #5420 ) ;
#5050 = ADVANCED_FACE ( 'NONE', ( #4395 ), #3167, .T. ) ;
#5051 =( NAMED_UNIT ( * ) PLANE_ANGLE_UNIT ( ) SI_UNIT ( $, .RADIAN. ) );
#5052 = AXIS2_PLACEMENT_3D ( 'NONE', #1512, #707, #4610 ) ;
#5053 = CARTESIAN_POINT ( 'NONE',  ( -62.26002644001162167, 9.031244495785450965, -2.000000000000000000 ) ) ;
#5054 = ORIENTED_EDGE ( 'NONE', *, *, #5120, .T. ) ;
#5055 = CARTESIAN_POINT ( 'NONE',  ( -52.95155156584890221, -11.75562754350946015, -1.199999999999999734 ) ) ;
#5056 = ORIENTED_EDGE ( 'NONE', *, *, #2068, .T. ) ;
#5057 = EDGE_CURVE ( 'NONE', #1739, #4427, #2651, .T. ) ;
#5058 = DIRECTION ( 'NONE',  ( 1.000000000000000000, 0.000000000000000000, 0.000000000000000000 ) ) ;
#5059 = CARTESIAN_POINT ( 'NONE',  ( -64.26002644001162878, 9.031244495785450965, -2.000000000000000000 ) ) ;
#5060 = DIRECTION ( 'NONE',  ( 1.000000000000000000, -0.000000000000000000, -0.000000000000000000 ) ) ;
#5061 = VECTOR ( 'NONE', #1929, 1000.000000000000000 ) ;
#5062 = CARTESIAN_POINT ( 'NONE',  ( -15.55481958689837363, -18.41820355284585276, 4.200000000000000178 ) ) ;
#5063 = AXIS2_PLACEMENT_3D ( 'NONE', #2666, #2695, #4439 ) ;
#5064 = DIRECTION ( 'NONE',  ( -1.000000000000000000, 0.000000000000000000, 0.000000000000000000 ) ) ;
#5065 = VERTEX_POINT ( 'NONE', #547 ) ;
#5066 = CYLINDRICAL_SURFACE ( 'NONE', #4308, 1.200000000000001066 ) ;
#5067 = LINE ( 'NONE', #4578, #5045 ) ;
#5068 = VERTEX_POINT ( 'NONE', #3927 ) ;
#5069 = EDGE_CURVE ( 'NONE', #2150, #2701, #3093, .T. ) ;
#5070 = CYLINDRICAL_SURFACE ( 'NONE', #5417, 1.500000000000000000 ) ;
#5071 = CARTESIAN_POINT ( 'NONE',  ( -47.24545865296283154, 19.24437245649053096, -1.000000000000000000 ) ) ;
#5072 = ORIENTED_EDGE ( 'NONE', *, *, #3039, .F. ) ;
#5073 = CARTESIAN_POINT ( 'NONE',  ( -15.55481958689837363, -18.41820355284585276, 5.200000000000001066 ) ) ;
#5074 = CARTESIAN_POINT ( 'NONE',  ( 14.27960312803935139, -21.50000000000000000, 6.200000000000000178 ) ) ;
#5075 = FACE_OUTER_BOUND ( 'NONE', #3651, .T. ) ;
#5076 = DIRECTION ( 'NONE',  ( -0.000000000000000000, 1.000000000000000000, -0.000000000000000000 ) ) ;
#5077 = VECTOR ( 'NONE', #3281, 1000.000000000000000 ) ;
#5078 = VECTOR ( 'NONE', #4255, 1000.000000000000000 ) ;
#5079 = ADVANCED_FACE ( 'NONE', ( #2314 ), #3195, .F. ) ;
#5080 = ORIENTED_EDGE ( 'NONE', *, *, #1248, .F. ) ;
#5081 = CARTESIAN_POINT ( 'NONE',  ( 7.000000000000002665, 20.49999999999999645, 4.200000000000000178 ) ) ;
#5082 = VERTEX_POINT ( 'NONE', #5048 ) ;
#5083 = FACE_OUTER_BOUND ( 'NONE', #3878, .T. ) ;
#5084 = LINE ( 'NONE', #1118, #3979 ) ;
#5085 = DIRECTION ( 'NONE',  ( -0.000000000000000000, -0.000000000000000000, -1.000000000000000000 ) ) ;
#5086 = VERTEX_POINT ( 'NONE', #2785 ) ;
#5087 = ORIENTED_EDGE ( 'NONE', *, *, #851, .F. ) ;
#5088 = ADVANCED_FACE ( 'NONE', ( #5022 ), #1975, .F. ) ;
#5089 = CARTESIAN_POINT ( 'NONE',  ( -21.71242534221950393, -0.6342062663092004060, -1.000000000000000000 ) ) ;
#5090 = AXIS2_PLACEMENT_3D ( 'NONE', #3223, #681, #2338 ) ;
#5091 = DIRECTION ( 'NONE',  ( 0.000000000000000000, 0.000000000000000000, 1.000000000000000000 ) ) ;
#5092 = ORIENTED_EDGE ( 'NONE', *, *, #3970, .F. ) ;
#5093 = DIRECTION ( 'NONE',  ( 0.000000000000000000, -1.000000000000000000, 0.000000000000000000 ) ) ;
#5094 = EDGE_CURVE ( 'NONE', #419, #684, #4017, .T. ) ;
#5095 = CARTESIAN_POINT ( 'NONE',  ( -22.31242534221949469, -20.15562754350945696, 1.200000000000000178 ) ) ;
#5096 = ORIENTED_EDGE ( 'NONE', *, *, #2137, .T. ) ;
#5097 = DIRECTION ( 'NONE',  ( -1.000000000000000000, 0.000000000000000000, 0.000000000000000000 ) ) ;
#5098 = CYLINDRICAL_SURFACE ( 'NONE', #5052, 1.350000000000003642 ) ;
#5099 = ORIENTED_EDGE ( 'NONE', *, *, #3634, .T. ) ;
#5100 = DIRECTION ( 'NONE',  ( 0.000000000000000000, -0.000000000000000000, 1.000000000000000000 ) ) ;
#5101 = CARTESIAN_POINT ( 'NONE',  ( -16.39999999999999503, -21.50000000000000000, 6.200000000000000178 ) ) ;
#5102 = DIRECTION ( 'NONE',  ( 0.000000000000000000, 0.000000000000000000, -1.000000000000000000 ) ) ;
#5103 = B_SPLINE_CURVE_WITH_KNOTS ( 'NONE', 3,
 ( #475, #4029, #3644, #2239, #5419, #3999, #4521, #38 ),
 .UNSPECIFIED., .F., .F.,
 ( 4, 2, 2, 4 ),
 ( 0.000000000000000000, 0.0009313928112991535797, 0.001397089216948730478, 0.001862785622598307593 ),
 .UNSPECIFIED. ) ;
#5104 = MECHANICAL_DESIGN_GEOMETRIC_PRESENTATION_REPRESENTATION (  '', ( #672 ), #871 ) ;
#5105 = CARTESIAN_POINT ( 'NONE',  ( -43.31242534221950535, 0.000000000000000000, 0.000000000000000000 ) ) ;
#5106 = CARTESIAN_POINT ( 'NONE',  ( -21.71242534221950038, -0.6342062663091986296, 1.200000000000000178 ) ) ;
#5107 = VERTEX_POINT ( 'NONE', #3688 ) ;
#5108 = DIRECTION ( 'NONE',  ( 3.854941057726261566E-15, -1.000000000000000000, 0.000000000000000000 ) ) ;
#5109 = VERTEX_POINT ( 'NONE', #1009 ) ;
#5111 = DIRECTION ( 'NONE',  ( 1.000000000000000000, -0.000000000000000000, 0.000000000000000000 ) ) ;
#5110 = VECTOR ( 'NONE', #235, 1000.000000000000000 ) ;
#5112 = CARTESIAN_POINT ( 'NONE',  ( -55.11242534221950251, -20.75562754350946193, 2.200000000000000178 ) ) ;
#5113 = ADVANCED_FACE ( 'NONE', ( #4997 ), #1901, .T. ) ;
#5114 = FACE_OUTER_BOUND ( 'NONE', #3229, .T. ) ;
#5115 = ORIENTED_EDGE ( 'NONE', *, *, #1233, .F. ) ;
#5116 = EDGE_LOOP ( 'NONE', ( #2992, #2691, #2351, #3827 ) ) ;
#5117 = ORIENTED_EDGE ( 'NONE', *, *, #1493, .F. ) ;
#5118 = FACE_OUTER_BOUND ( 'NONE', #2187, .T. ) ;
#5119 = VECTOR ( 'NONE', #4330, 1000.000000000000000 ) ;
#5120 = EDGE_CURVE ( 'NONE', #1074, #3455, #2434, .T. ) ;
#5121 = AXIS2_PLACEMENT_3D ( 'NONE', #810, #372, #2135 ) ;
#5122 = CARTESIAN_POINT ( 'NONE',  ( -16.99999999999999289, -18.49999999999999645, 1.000000000000000000 ) ) ;
#5123 = ORIENTED_EDGE ( 'NONE', *, *, #1818, .F. ) ;
#5124 = DIRECTION ( 'NONE',  ( 1.000000000000000000, 0.000000000000000000, 0.000000000000000000 ) ) ;
#5125 = CARTESIAN_POINT ( 'NONE',  ( 13.70000000000000107, 10.90000000000000036, 5.200000000000000178 ) ) ;
#5126 = EDGE_LOOP ( 'NONE', ( #5716, #3152, #1280, #2942 ) ) ;
#5127 = AXIS2_PLACEMENT_3D ( 'NONE', #4448, #483, #1808 ) ;
#5128 = CARTESIAN_POINT ( 'NONE',  ( -62.26002644001162167, -1.468755504214547258, -3.200000000000000178 ) ) ;
#5129 = EDGE_CURVE ( 'NONE', #2480, #4076, #4587, .T. ) ;
#5130 = VECTOR ( 'NONE', #4602, 1000.000000000000000 ) ;
#5131 = EDGE_LOOP ( 'NONE', ( #559, #5338, #1875, #113, #3886 ) ) ;
#5132 = DIRECTION ( 'NONE',  ( 1.000000000000000000, 0.000000000000000000, 0.000000000000000000 ) ) ;
#5133 = AXIS2_PLACEMENT_3D ( 'NONE', #2672, #889, #2329 ) ;
#5134 = EDGE_LOOP ( 'NONE', ( #3754, #2922, #2330, #3466 ) ) ;
#5135 = CARTESIAN_POINT ( 'NONE',  ( -62.26002644001162167, 10.23124449578545203, -2.000000000000000000 ) ) ;
#5136 = CARTESIAN_POINT ( 'NONE',  ( -21.71242534221950393, 19.64437245649053310, 2.200000000000000178 ) ) ;
#5137 = CARTESIAN_POINT ( 'NONE',  ( -30.21242534221950393, -11.75562754350946371, 1.200000000000000178 ) ) ;
#5138 = EDGE_CURVE ( 'NONE', #2636, #3946, #2760, .T. ) ;
#5139 = ADVANCED_FACE ( 'NONE', ( #1952 ), #3633, .T. ) ;
#5140 = CIRCLE ( 'NONE', #5606, 0.5999999999999998668 ) ;
#5141 = DIRECTION ( 'NONE',  ( -0.000000000000000000, 0.000000000000000000, 1.000000000000000000 ) ) ;
#5142 = CARTESIAN_POINT ( 'NONE',  ( 4.599999999999999645, -20.49999999999999645, 0.000000000000000000 ) ) ;
#5143 = ORIENTED_EDGE ( 'NONE', *, *, #291, .F. ) ;
#5144 = CARTESIAN_POINT ( 'NONE',  ( -62.76002644001162167, 10.03124449578545274, 0.000000000000000000 ) ) ;
#5145 = ORIENTED_EDGE ( 'NONE', *, *, #4320, .F. ) ;
#5146 = AXIS2_PLACEMENT_3D ( 'NONE', #4097, #4940, #2707 ) ;
#5148 = EDGE_CURVE ( 'NONE', #1604, #4020, #1108, .T. ) ;
#5147 = CARTESIAN_POINT ( 'NONE',  ( 16.49999999999999289, 19.89999999999999858, 4.699999999999999289 ) ) ;
#5149 = DIRECTION ( 'NONE',  ( 0.000000000000000000, 0.000000000000000000, -1.000000000000000000 ) ) ;
#5150 = CARTESIAN_POINT ( 'NONE',  ( -4.600000000000004974, -21.50000000000000000, 0.000000000000000000 ) ) ;
#5151 = EDGE_LOOP ( 'NONE', ( #5670, #5212, #5394, #3553 ) ) ;
#5152 = ORIENTED_EDGE ( 'NONE', *, *, #1019, .F. ) ;
#5153 = AXIS2_PLACEMENT_3D ( 'NONE', #5229, #865, #1263 ) ;
#5154 = ORIENTED_EDGE ( 'NONE', *, *, #2841, .T. ) ;
#5155 = CARTESIAN_POINT ( 'NONE',  ( 16.39999999999999147, 19.99999999999999645, 6.200000000000000178 ) ) ;
#5156 = CARTESIAN_POINT ( 'NONE',  ( -56.68211918788940551, 17.24437245649053452, 1.000000000000000000 ) ) ;
#5157 = LINE ( 'NONE', #1964, #1252 ) ;
#5158 = EDGE_LOOP ( 'NONE', ( #4956, #4988, #2789, #4412 ) ) ;
#5159 = DIRECTION ( 'NONE',  ( 0.000000000000000000, 1.000000000000000000, -0.000000000000000000 ) ) ;
#5160 = ADVANCED_FACE ( 'NONE', ( #4176 ), #2337, .T. ) ;
#5161 = ORIENTED_EDGE ( 'NONE', *, *, #1424, .T. ) ;
#5162 = VECTOR ( 'NONE', #3854, 1000.000000000000000 ) ;
#5163 = DIRECTION ( 'NONE',  ( -0.000000000000000000, 1.000000000000000000, -0.000000000000000000 ) ) ;
#5164 = EDGE_LOOP ( 'NONE', ( #4865, #1125, #2327, #5357 ) ) ;
#5165 = CARTESIAN_POINT ( 'NONE',  ( -53.33195776004129840, 20.24437245649053807, -1.000000000000000000 ) ) ;
#5166 = EDGE_LOOP ( 'NONE', ( #2689, #258, #3116, #3182 ) ) ;
#5167 = EDGE_CURVE ( 'NONE', #3055, #4354, #3829, .T. ) ;
#5168 = DIRECTION ( 'NONE',  ( -0.7071067811865439090, -0.7071067811865512365, 0.000000000000000000 ) ) ;
#5169 = DIRECTION ( 'NONE',  ( 0.000000000000000000, 1.000000000000000000, -0.000000000000000000 ) ) ;
#5170 = CARTESIAN_POINT ( 'NONE',  ( -22.71242534221950393, 12.36579373369079882, 1.200000000000000178 ) ) ;
#5171 = CARTESIAN_POINT ( 'NONE',  ( -55.11242534221950251, -20.15562754350946051, 2.200000000000000178 ) ) ;
#5172 = CARTESIAN_POINT ( 'NONE',  ( -56.71242534221949683, 20.24437245649053452, 2.200000000000000178 ) ) ;
#5173 = ORIENTED_EDGE ( 'NONE', *, *, #3753, .F. ) ;
#5174 = ADVANCED_FACE ( 'NONE', ( #4559 ), #4130, .F. ) ;
#5175 = CARTESIAN_POINT ( 'NONE',  ( 15.94999999999999929, -17.70945109413143115, 4.200000000000000178 ) ) ;
#5176 = ORIENTED_EDGE ( 'NONE', *, *, #5523, .F. ) ;
#5177 = CARTESIAN_POINT ( 'NONE',  ( -48.16930226743011190, -12.75562754350946193, -1.199999999999999734 ) ) ;
#5178 = CARTESIAN_POINT ( 'NONE',  ( 0.000000000000000000, 20.24437245649053452, 0.000000000000000000 ) ) ;
#5179 = CARTESIAN_POINT ( 'NONE',  ( -62.76002644001162167, 7.981244495785452919, -0.8499999999999998668 ) ) ;
#5180 = AXIS2_PLACEMENT_3D ( 'NONE', #2794, #2846, #4139 ) ;
#5181 = ORIENTED_EDGE ( 'NONE', *, *, #1521, .F. ) ;
#5182 = ORIENTED_EDGE ( 'NONE', *, *, #4269, .F. ) ;
#5183 = VERTEX_POINT ( 'NONE', #2363 ) ;
#5184 = DIRECTION ( 'NONE',  ( 0.000000000000000000, 0.000000000000000000, -1.000000000000000000 ) ) ;
#5185 = VECTOR ( 'NONE', #5448, 1000.000000000000000 ) ;
#5186 = DIRECTION ( 'NONE',  ( 0.000000000000000000, 1.734723475976807094E-15, 1.000000000000000000 ) ) ;
#5187 = CARTESIAN_POINT ( 'NONE',  ( -62.76002644001162167, 0.000000000000000000, 0.000000000000000000 ) ) ;
#5188 = AXIS2_PLACEMENT_3D ( 'NONE', #4079, #116, #4131 ) ;
#5189 = CYLINDRICAL_SURFACE ( 'NONE', #2549, 1.199999999999999956 ) ;
#5190 = VERTEX_POINT ( 'NONE', #1927 ) ;
#5191 = DIRECTION ( 'NONE',  ( -0.000000000000000000, -0.000000000000000000, -1.000000000000000000 ) ) ;
#5192 = EDGE_CURVE ( 'NONE', #1825, #2293, #5461, .T. ) ;
#5193 = ORIENTED_EDGE ( 'NONE', *, *, #4117, .T. ) ;
#5194 = DIRECTION ( 'NONE',  ( 1.613696256722611405E-16, -1.000000000000000000, 0.000000000000000000 ) ) ;
#5195 = VERTEX_POINT ( 'NONE', #4636 ) ;
#5196 = DIRECTION ( 'NONE',  ( -1.266221515311538543E-16, 1.000000000000000000, 0.000000000000000000 ) ) ;
#5197 = DIRECTION ( 'NONE',  ( 1.266221515311538297E-16, -1.000000000000000000, 0.000000000000000000 ) ) ;
#5198 = LINE ( 'NONE', #2987, #3165 ) ;
#5199 = ADVANCED_FACE ( 'NONE', ( #4077 ), #2811, .F. ) ;
#5200 = CYLINDRICAL_SURFACE ( 'NONE', #2199, 0.6000000000000067502 ) ;
#5201 = CARTESIAN_POINT ( 'NONE',  ( -21.71242534221950393, 19.64437245649053310, 0.000000000000000000 ) ) ;
#5202 = VERTEX_POINT ( 'NONE', #2388 ) ;
#5203 = DIRECTION ( 'NONE',  ( 1.000000000000000000, 0.000000000000000000, 0.000000000000000000 ) ) ;
#5204 = ORIENTED_EDGE ( 'NONE', *, *, #5356, .T. ) ;
#5205 = LINE ( 'NONE', #5177, #5308 ) ;
#5206 = AXIS2_PLACEMENT_3D ( 'NONE', #747, #1698, #337 ) ;
#5207 = CARTESIAN_POINT ( 'NONE',  ( -26.71242534221950393, -12.75562754350946193, -0.1999999999999998723 ) ) ;
#5208 = ADVANCED_FACE ( 'NONE', ( #2557 ), #4204, .F. ) ;
#5209 = DIRECTION ( 'NONE',  ( -1.000000000000000000, 0.000000000000000000, -0.000000000000000000 ) ) ;
#5210 = ORIENTED_EDGE ( 'NONE', *, *, #3379, .F. ) ;
#5211 = ORIENTED_EDGE ( 'NONE', *, *, #3085, .T. ) ;
#5212 = ORIENTED_EDGE ( 'NONE', *, *, #5675, .F. ) ;
#5213 = CARTESIAN_POINT ( 'NONE',  ( -7.999999999999994671, 18.60000000000000142, 4.200000000000000178 ) ) ;
#5214 = CARTESIAN_POINT ( 'NONE',  ( 0.000000000000000000, 20.24437245649053452, 1.200000000000000178 ) ) ;
#5215 = EDGE_CURVE ( 'NONE', #4720, #1129, #365, .T. ) ;
#5216 = EDGE_CURVE ( 'NONE', #3382, #5385, #2984, .T. ) ;
#5217 = CARTESIAN_POINT ( 'NONE',  ( 16.50000000000000000, -19.89999999999998792, 4.699999999999999289 ) ) ;
#5218 = FACE_OUTER_BOUND ( 'NONE', #5166, .T. ) ;
#5219 = ORIENTED_EDGE ( 'NONE', *, *, #2299, .T. ) ;
#5220 = VECTOR ( 'NONE', #1703, 1000.000000000000000 ) ;
#5221 = ORIENTED_EDGE ( 'NONE', *, *, #401, .T. ) ;
#5222 = CARTESIAN_POINT ( 'NONE',  ( -48.16930226743011190, -12.75562754350946193, 1.200000000000000178 ) ) ;
#5223 = ORIENTED_EDGE ( 'NONE', *, *, #4743, .F. ) ;
#5224 = CIRCLE ( 'NONE', #3456, 1.500000000000000000 ) ;
#5225 = DIRECTION ( 'NONE',  ( 1.000000000000000000, 0.000000000000000000, 0.000000000000000000 ) ) ;
#5226 = VECTOR ( 'NONE', #3381, 1000.000000000000000 ) ;
#5227 = DIRECTION ( 'NONE',  ( -1.000000000000000000, 0.000000000000000000, 0.000000000000000000 ) ) ;
#5228 = CARTESIAN_POINT ( 'NONE',  ( -14.19999999999999751, 10.90000000000000036, 6.200000000000000178 ) ) ;
#5229 = CARTESIAN_POINT ( 'NONE',  ( -16.39999999999999503, -19.89999999999999858, 0.000000000000000000 ) ) ;
#5230 = DIRECTION ( 'NONE',  ( 1.000000000000000000, 0.000000000000000000, -0.000000000000000000 ) ) ;
#5231 = ORIENTED_EDGE ( 'NONE', *, *, #4065, .T. ) ;
#5232 = DIRECTION ( 'NONE',  ( 1.000000000000000000, -0.000000000000000000, -0.000000000000000000 ) ) ;
#5233 = EDGE_LOOP ( 'NONE', ( #654, #105, #4516, #2927 ) ) ;
#5234 = EDGE_CURVE ( 'NONE', #2435, #4661, #1134, .T. ) ;
#5235 = AXIS2_PLACEMENT_3D ( 'NONE', #5485, #1136, #2005 ) ;
#5236 = TOROIDAL_SURFACE ( 'NONE', #4498, 0.1000000000000000472, 1.500000000000000000 ) ;
#5237 = DIRECTION ( 'NONE',  ( 0.000000000000000000, -1.000000000000000000, -4.904724113624901921E-17 ) ) ;
#5238 = DIRECTION ( 'NONE',  ( -0.000000000000000000, 1.000000000000000000, -0.000000000000000000 ) ) ;
#5239 = DIRECTION ( 'NONE',  ( -0.000000000000000000, -0.000000000000000000, 1.000000000000000000 ) ) ;
#5240 = ORIENTED_EDGE ( 'NONE', *, *, #1248, .T. ) ;
#5241 = ORIENTED_EDGE ( 'NONE', *, *, #4974, .T. ) ;
#5242 = ORIENTED_EDGE ( 'NONE', *, *, #3617, .F. ) ;
#5243 = CARTESIAN_POINT ( 'NONE',  ( -62.76002644001162167, 1.881244495785453053, -2.150000000000000799 ) ) ;
#5244 = EDGE_LOOP ( 'NONE', ( #517, #3375, #655, #2817, #3277, #1759, #2484, #2276, #3114, #3529 ) ) ;
#5245 = ADVANCED_FACE ( 'NONE', ( #4298 ), #335, .F. ) ;
#5246 =( GEOMETRIC_REPRESENTATION_CONTEXT ( 3 ) GLOBAL_UNCERTAINTY_ASSIGNED_CONTEXT ( ( #3952 ) ) GLOBAL_UNIT_ASSIGNED_CONTEXT ( ( #4790, #3477, #2186 ) ) REPRESENTATION_CONTEXT ( 'NONE', 'WORKASPACE' ) );
#5247 = DIRECTION ( 'NONE',  ( 0.000000000000000000, 0.000000000000000000, 1.000000000000000000 ) ) ;
#5248 = AXIS2_PLACEMENT_3D ( 'NONE', #1339, #96, #151 ) ;
#5249 = CARTESIAN_POINT ( 'NONE',  ( 16.39999999999999147, 21.50000000000000000, 6.200000000000000178 ) ) ;
#5250 = VECTOR ( 'NONE', #3772, 1000.000000000000000 ) ;
#5251 = DIRECTION ( 'NONE',  ( 1.000000000000000000, 0.000000000000000000, 0.000000000000000000 ) ) ;
#5252 = ADVANCED_FACE ( 'NONE', ( #3017 ), #3768, .T. ) ;
#5253 = ORIENTED_EDGE ( 'NONE', *, *, #1499, .F. ) ;
#5254 = ORIENTED_EDGE ( 'NONE', *, *, #4088, .F. ) ;
#5255 = FACE_OUTER_BOUND ( 'NONE', #3554, .T. ) ;
#5256 = VERTEX_POINT ( 'NONE', #5602 ) ;
#5257 = AXIS2_PLACEMENT_3D ( 'NONE', #4862, #3059, #3524 ) ;
#5258 = CARTESIAN_POINT ( 'NONE',  ( -21.71242534221950393, -19.24221205310341176, -1.000000000000000000 ) ) ;
#5259 = EDGE_CURVE ( 'NONE', #4808, #2270, #240, .T. ) ;
#5260 = CARTESIAN_POINT ( 'NONE',  ( -55.71242534221949683, 0.000000000000000000, 1.200000000000000178 ) ) ;
#5261 = DIRECTION ( 'NONE',  ( 0.000000000000000000, -5.004010026856174159E-16, 1.000000000000000000 ) ) ;
#5262 = DIRECTION ( 'NONE',  ( 0.000000000000000000, -1.000000000000000000, 0.000000000000000000 ) ) ;
#5263 = ORIENTED_EDGE ( 'NONE', *, *, #4312, .F. ) ;
#5264 = LINE ( 'NONE', #1327, #53 ) ;
#5265 = ORIENTED_EDGE ( 'NONE', *, *, #3118, .T. ) ;
#5266 = DIRECTION ( 'NONE',  ( 1.000000000000000000, 0.000000000000000000, 0.000000000000000000 ) ) ;
#5267 = DIRECTION ( 'NONE',  ( 0.000000000000000000, 0.000000000000000000, 1.000000000000000000 ) ) ;
#5268 = ADVANCED_FACE ( 'NONE', ( #4237 ), #2436, .F. ) ;
#5269 = EDGE_LOOP ( 'NONE', ( #1862, #5657, #1358, #5211 ) ) ;
#5270 = ORIENTED_EDGE ( 'NONE', *, *, #2788, .F. ) ;
#5271 = ORIENTED_EDGE ( 'NONE', *, *, #5395, .T. ) ;
#5272 = CARTESIAN_POINT ( 'NONE',  ( 15.94999999999999929, -17.70945109413143115, 5.200000000000001066 ) ) ;
#5273 = EDGE_LOOP ( 'NONE', ( #5154, #439, #4526, #1307, #5282 ) ) ;
#5274 = CARTESIAN_POINT ( 'NONE',  ( 13.70000000000000107, 10.90000000000000036, 5.200000000000000178 ) ) ;
#5275 = CIRCLE ( 'NONE', #841, 1.600000000000000755 ) ;
#5276 = CARTESIAN_POINT ( 'NONE',  ( -33.17042946784389557, 20.24437245649053452, 1.200000000000000178 ) ) ;
#5277 = EDGE_CURVE ( 'NONE', #1981, #4726, #5569, .T. ) ;
#5278 = CIRCLE ( 'NONE', #2769, 1.000000000000000000 ) ;
#5279 = DIRECTION ( 'NONE',  ( -0.000000000000000000, 0.000000000000000000, -1.000000000000000000 ) ) ;
#5280 = VECTOR ( 'NONE', #3129, 1000.000000000000000 ) ;
#5281 = VERTEX_POINT ( 'NONE', #774 ) ;
#5282 = ORIENTED_EDGE ( 'NONE', *, *, #5539, .T. ) ;
#5283 = ADVANCED_FACE ( 'NONE', ( #3864 ), #2004, .T. ) ;
#5284 = ORIENTED_EDGE ( 'NONE', *, *, #3065, .T. ) ;
#5285 = CARTESIAN_POINT ( 'NONE',  ( -62.76002644001162167, 5.681244495785453097, -0.8500000000000000888 ) ) ;
#5286 = CARTESIAN_POINT ( 'NONE',  ( -16.40000000000000213, 19.99999999999999645, 6.200000000000000178 ) ) ;
#5287 = DIRECTION ( 'NONE',  ( 1.000000000000000000, 0.000000000000000000, -0.000000000000000000 ) ) ;
#5288 = CARTESIAN_POINT ( 'NONE',  ( -30.21242534221950393, -12.75562754350946193, 1.200000000000000178 ) ) ;
#5289 = EDGE_CURVE ( 'NONE', #1657, #2641, #979, .T. ) ;
#5290 = CARTESIAN_POINT ( 'NONE',  ( -41.96242534221950393, 21.24437245649053452, 0.3999999999999975797 ) ) ;
#5291 = ORIENTED_EDGE ( 'NONE', *, *, #1199, .F. ) ;
#5292 = FACE_OUTER_BOUND ( 'NONE', #1112, .T. ) ;
#5293 = EDGE_LOOP ( 'NONE', ( #2606, #4686, #2317, #3121, #45, #4055, #28, #3370, #3462, #144, #1667, #1678, #4014, #4658, #3156, #4035, #742, #1770, #730, #1392, #4021, #5556, #3744, #3578, #832, #432 ) ) ;
#5294 = LINE ( 'NONE', #1681, #2209 ) ;
#5295 = ORIENTED_EDGE ( 'NONE', *, *, #4012, .T. ) ;
#5296 = EDGE_LOOP ( 'NONE', ( #1143, #907, #5504, #1926, #840, #482 ) ) ;
#5297 = VERTEX_POINT ( 'NONE', #1669 ) ;
#5298 = CARTESIAN_POINT ( 'NONE',  ( -64.26002644001162878, 3.881244495785452386, -3.000000000000000000 ) ) ;
#5299 = ORIENTED_EDGE ( 'NONE', *, *, #3155, .F. ) ;
#5300 = EDGE_CURVE ( 'NONE', #2033, #1740, #1695, .T. ) ;
#5301 = DIRECTION ( 'NONE',  ( 1.000000000000000000, 0.000000000000000000, 0.000000000000000000 ) ) ;
#5302 = CARTESIAN_POINT ( 'NONE',  ( -55.71242534221949683, -0.000000000000000000, 0.000000000000000000 ) ) ;
#5303 = LINE ( 'NONE', #40, #4332 ) ;
#5304 = AXIS2_PLACEMENT_3D ( 'NONE', #764, #1222, #292 ) ;
#5305 = CARTESIAN_POINT ( 'NONE',  ( 15.13529148945094072, 18.60000000000000142, 4.200000000000000178 ) ) ;
#5306 = EDGE_LOOP ( 'NONE', ( #4307, #1219, #2581, #4274 ) ) ;
#5307 = EDGE_CURVE ( 'NONE', #5697, #1318, #5688, .T. ) ;
#5308 = VECTOR ( 'NONE', #2139, 1000.000000000000000 ) ;
#5309 = ORIENTED_EDGE ( 'NONE', *, *, #1138, .F. ) ;
#5310 = PLANE ( 'NONE',  #1070 ) ;
#5311 = VERTEX_POINT ( 'NONE', #802 ) ;
#5312 = LINE ( 'NONE', #3481, #2271 ) ;
#5313 = EDGE_CURVE ( 'NONE', #4, #4646, #3418, .T. ) ;
#5314 = DIRECTION ( 'NONE',  ( -0.000000000000000000, -0.000000000000000000, 1.000000000000000000 ) ) ;
#5315 = CARTESIAN_POINT ( 'NONE',  ( 3.249999999999999556, -21.50000000000000000, 0.4000000000000006328 ) ) ;
#5316 = CARTESIAN_POINT ( 'NONE',  ( -48.16930226743011190, -11.75562754350946015, 1.200000000000000178 ) ) ;
#5317 = VECTOR ( 'NONE', #5438, 1000.000000000000000 ) ;
#5318 = DIRECTION ( 'NONE',  ( 1.000000000000000000, 0.000000000000000000, 0.000000000000000000 ) ) ;
#5319 = VERTEX_POINT ( 'NONE', #743 ) ;
#5320 = DIRECTION ( 'NONE',  ( -0.000000000000000000, -0.000000000000000000, -1.000000000000000000 ) ) ;
#5321 = EDGE_LOOP ( 'NONE', ( #1748, #4344, #4462, #2360 ) ) ;
#5322 = EDGE_CURVE ( 'NONE', #4092, #4519, #2495, .T. ) ;
#5323 = EDGE_CURVE ( 'NONE', #5109, #1604, #1639, .T. ) ;
#5324 = PLANE ( 'NONE',  #3490 ) ;
#5325 = ORIENTED_EDGE ( 'NONE', *, *, #1774, .F. ) ;
#5326 = ORIENTED_EDGE ( 'NONE', *, *, #1590, .F. ) ;
#5327 = ORIENTED_EDGE ( 'NONE', *, *, #4548, .T. ) ;
#5328 = LINE ( 'NONE', #4023, #4907 ) ;
#5329 = EDGE_LOOP ( 'NONE', ( #1122, #18, #4202, #3598 ) ) ;
#5330 = VECTOR ( 'NONE', #1297, 1000.000000000000000 ) ;
#5331 = EDGE_CURVE ( 'NONE', #1584, #5684, #4762, .T. ) ;
#5332 = FACE_OUTER_BOUND ( 'NONE', #4283, .T. ) ;
#5333 = DIRECTION ( 'NONE',  ( 0.000000000000000000, 0.000000000000000000, -1.000000000000000000 ) ) ;
#5334 = AXIS2_PLACEMENT_3D ( 'NONE', #2644, #2220, #1351 ) ;
#5335 = VECTOR ( 'NONE', #4350, 1000.000000000000000 ) ;
#5336 = DIRECTION ( 'NONE',  ( 0.000000000000000000, 0.000000000000000000, -1.000000000000000000 ) ) ;
#5337 = DIRECTION ( 'NONE',  ( 0.000000000000000000, -0.000000000000000000, 1.000000000000000000 ) ) ;
#5338 = ORIENTED_EDGE ( 'NONE', *, *, #159, .F. ) ;
#5339 = COLOUR_RGB ( '',0.7921568627450980005, 0.8196078431372548767, 0.9333333333333333481 ) ;
#5340 = VERTEX_POINT ( 'NONE', #5258 ) ;
#5341 = DIRECTION ( 'NONE',  ( 1.000000000000000000, -0.000000000000000000, -0.000000000000000000 ) ) ;
#5342 = ADVANCED_FACE ( 'NONE', ( #1292 ), #3600, .F. ) ;
#5343 = ORIENTED_EDGE ( 'NONE', *, *, #540, .T. ) ;
#5344 = DIRECTION ( 'NONE',  ( 1.743440679373676056E-16, -1.000000000000000000, 0.000000000000000000 ) ) ;
#5345 = FACE_OUTER_BOUND ( 'NONE', #4758, .T. ) ;
#5346 = CARTESIAN_POINT ( 'NONE',  ( -3.250000000000001332, -19.49999999999999645, 1.750000000000001776 ) ) ;
#5347 = DIRECTION ( 'NONE',  ( 0.000000000000000000, 0.000000000000000000, 1.000000000000000000 ) ) ;
#5348 = VECTOR ( 'NONE', #2397, 1000.000000000000000 ) ;
#5349 = CARTESIAN_POINT ( 'NONE',  ( 0.000000000000000000, 20.24437245649053452, 0.000000000000000000 ) ) ;
#5350 = EDGE_CURVE ( 'NONE', #2641, #5183, #923, .T. ) ;
#5351 = ORIENTED_EDGE ( 'NONE', *, *, #2921, .T. ) ;
#5352 = LINE ( 'NONE', #4455, #975 ) ;
#5353 = ORIENTED_EDGE ( 'NONE', *, *, #1513, .T. ) ;
#5354 = VECTOR ( 'NONE', #1149, 1000.000000000000000 ) ;
#5355 = PLANE ( 'NONE',  #2301 ) ;
#5356 = EDGE_CURVE ( 'NONE', #2671, #847, #3047, .T. ) ;
#5357 = ORIENTED_EDGE ( 'NONE', *, *, #506, .F. ) ;
#5358 = ORIENTED_EDGE ( 'NONE', *, *, #2224, .T. ) ;
#5359 = VERTEX_POINT ( 'NONE', #2249 ) ;
#5360 = LINE ( 'NONE', #2292, #2763 ) ;
#5361 = ORIENTED_EDGE ( 'NONE', *, *, #881, .F. ) ;
#5362 = DIRECTION ( 'NONE',  ( -0.000000000000000000, -0.000000000000000000, 1.000000000000000000 ) ) ;
#5363 = CARTESIAN_POINT ( 'NONE',  ( 0.000000000000000000, 20.24437245649053452, 0.000000000000000000 ) ) ;
#5364 = CARTESIAN_POINT ( 'NONE',  ( 18.00000000000000355, -19.05239533417509534, 2.579999999999999627 ) ) ;
#5365 = EDGE_CURVE ( 'NONE', #2627, #1822, #2897, .T. ) ;
#5366 = CARTESIAN_POINT ( 'NONE',  ( -18.00000000000000355, -6.900000000000003020, 2.000000000000000000 ) ) ;
#5367 = VERTEX_POINT ( 'NONE', #48 ) ;
#5368 = CIRCLE ( 'NONE', #4349, 1.500000000000000000 ) ;
#5369 = VERTEX_POINT ( 'NONE', #2582 ) ;
#5370 = DIRECTION ( 'NONE',  ( 0.7071067811865494601, -0.7071067811865455743, 0.000000000000000000 ) ) ;
#5371 = AXIS2_PLACEMENT_3D ( 'NONE', #1115, #5441, #1472 ) ;
#5372 = EDGE_LOOP ( 'NONE', ( #1308, #936, #5181, #667 ) ) ;
#5373 = DIRECTION ( 'NONE',  ( 1.613696256722611405E-16, -1.000000000000000000, 0.000000000000000000 ) ) ;
#5374 = DIRECTION ( 'NONE',  ( 0.000000000000000000, -1.000000000000000000, 0.000000000000000000 ) ) ;
#5375 = CARTESIAN_POINT ( 'NONE',  ( -22.31242534221949825, 21.24437245649053452, 0.7000000000000000666 ) ) ;
#5376 = EDGE_CURVE ( 'NONE', #5555, #188, #4419, .T. ) ;
#5377 =( NAMED_UNIT ( * ) PLANE_ANGLE_UNIT ( ) SI_UNIT ( $, .RADIAN. ) );
#5378 = LINE ( 'NONE', #3515, #2180 ) ;
#5379 = LINE ( 'NONE', #1786, #3475 ) ;
#5380 = ORIENTED_EDGE ( 'NONE', *, *, #354, .T. ) ;
#5381 = DIRECTION ( 'NONE',  ( -0.000000000000000000, 0.000000000000000000, 1.000000000000000000 ) ) ;
#5382 = EDGE_CURVE ( 'NONE', #94, #8, #5689, .T. ) ;
#5383 = DIRECTION ( 'NONE',  ( -0.000000000000000000, -0.000000000000000000, 1.000000000000000000 ) ) ;
#5384 = CIRCLE ( 'NONE', #2862, 0.6319646214001384266 ) ;
#5385 = VERTEX_POINT ( 'NONE', #5285 ) ;
#5386 = LINE ( 'NONE', #3528, #2028 ) ;
#5387 = DIRECTION ( 'NONE',  ( -0.000000000000000000, -0.000000000000000000, -1.000000000000000000 ) ) ;
#5388 = EDGE_CURVE ( 'NONE', #4470, #1657, #4909, .T. ) ;
#5389 = FACE_OUTER_BOUND ( 'NONE', #2206, .T. ) ;
#5390 = DIRECTION ( 'NONE',  ( 0.000000000000000000, 0.000000000000000000, 1.000000000000000000 ) ) ;
#5391 = DIRECTION ( 'NONE',  ( 1.000000000000000000, -0.000000000000000000, 0.000000000000000000 ) ) ;
#5392 = AXIS2_PLACEMENT_3D ( 'NONE', #1810, #3242, #1487 ) ;
#5393 = CYLINDRICAL_SURFACE ( 'NONE', #4078, 1.599999999999997202 ) ;
#5394 = ORIENTED_EDGE ( 'NONE', *, *, #78, .F. ) ;
#5395 = EDGE_CURVE ( 'NONE', #3677, #2657, #5224, .T. ) ;
#5396 = EDGE_CURVE ( 'NONE', #3455, #4375, #4198, .T. ) ;
#5397 = AXIS2_PLACEMENT_3D ( 'NONE', #3020, #4302, #5663 ) ;
#5398 = VERTEX_POINT ( 'NONE', #949 ) ;
#5399 = VERTEX_POINT ( 'NONE', #1404 ) ;
#5400 = CARTESIAN_POINT ( 'NONE',  ( -62.26002644001162167, 10.23124449578545203, -2.000000000000000000 ) ) ;
#5401 = FACE_OUTER_BOUND ( 'NONE', #1288, .T. ) ;
#5402 = DIRECTION ( 'NONE',  ( 0.000000000000000000, 1.000000000000000000, 0.000000000000000000 ) ) ;
#5403 = CARTESIAN_POINT ( 'NONE',  ( -56.68825547705088752, 17.50986710700376037, 0.9731622921327252040 ) ) ;
#5404 = DIRECTION ( 'NONE',  ( 0.000000000000000000, 1.000000000000000000, 0.000000000000000000 ) ) ;
#5405 = FACE_OUTER_BOUND ( 'NONE', #1721, .T. ) ;
#5406 = ORIENTED_EDGE ( 'NONE', *, *, #2138, .T. ) ;
#5407 = CARTESIAN_POINT ( 'NONE',  ( -27.46433655495782844, -19.75562754350946193, 1.200000000000000178 ) ) ;
#5408 = VECTOR ( 'NONE', #4851, 1000.000000000000000 ) ;
#5409 = AXIS2_PLACEMENT_3D ( 'NONE', #4734, #5225, #4670 ) ;
#5410 = PLANE ( 'NONE',  #3703 ) ;
#5411 = CARTESIAN_POINT ( 'NONE',  ( -16.49999999999999645, -2.662598823592308609E-15, 4.699999999999999289 ) ) ;
#5412 = EDGE_CURVE ( 'NONE', #2580, #3640, #1725, .T. ) ;
#5413 = ORIENTED_EDGE ( 'NONE', *, *, #86, .T. ) ;
#5414 = DIRECTION ( 'NONE',  ( -1.000000000000000000, -0.000000000000000000, -0.000000000000000000 ) ) ;
#5415 = VERTEX_POINT ( 'NONE', #3074 ) ;
#5416 = VECTOR ( 'NONE', #3446, 1000.000000000000000 ) ;
#5417 = AXIS2_PLACEMENT_3D ( 'NONE', #136, #1080, #1004 ) ;
#5418 = LINE ( 'NONE', #4951, #4300 ) ;
#5419 = CARTESIAN_POINT ( 'NONE',  ( -34.40642662906756044, 21.14442745530070411, 1.254536586518222974 ) ) ;
#5420 = AXIS2_PLACEMENT_3D ( 'NONE', #4270, #2958, #2930 ) ;
#5421 = CARTESIAN_POINT ( 'NONE',  ( -16.40000000000000213, 21.50000000000000000, 0.000000000000000000 ) ) ;
#5422 = CIRCLE ( 'NONE', #1158, 1.000000000000000000 ) ;
#5423 = EDGE_CURVE ( 'NONE', #3928, #4543, #5312, .T. ) ;
#5424 = DIRECTION ( 'NONE',  ( 1.613696256722611652E-16, -1.000000000000000000, 0.000000000000000000 ) ) ;
#5425 = ORIENTED_EDGE ( 'NONE', *, *, #347, .T. ) ;
#5426 = AXIS2_PLACEMENT_3D ( 'NONE', #3264, #3411, #4411 ) ;
#5427 = ORIENTED_EDGE ( 'NONE', *, *, #614, .T. ) ;
#5428 = CARTESIAN_POINT ( 'NONE',  ( 16.40000000000000213, -19.89999999999998792, 6.200000000000000178 ) ) ;
#5429 = EDGE_LOOP ( 'NONE', ( #1012, #5728, #1362, #588 ) ) ;
#5430 = EDGE_CURVE ( 'NONE', #2492, #2430, #423, .T. ) ;
#5431 = DIRECTION ( 'NONE',  ( 0.000000000000000000, 0.000000000000000000, 1.000000000000000000 ) ) ;
#5432 = AXIS2_PLACEMENT_3D ( 'NONE', #953, #3111, #4888 ) ;
#5433 = CARTESIAN_POINT ( 'NONE',  ( -53.33195776004129840, 20.24437245649053807, -1.000000000000000000 ) ) ;
#5434 = CARTESIAN_POINT ( 'NONE',  ( -4.600000000000004974, -19.49999999999999645, 0.3999999999999978018 ) ) ;
#5435 = FACE_OUTER_BOUND ( 'NONE', #1553, .T. ) ;
#5436 = AXIS2_PLACEMENT_3D ( 'NONE', #5053, #369, #806 ) ;
#5437 = ORIENTED_EDGE ( 'NONE', *, *, #1240, .T. ) ;
#5438 = DIRECTION ( 'NONE',  ( 1.000000000000000000, -0.000000000000000000, -0.000000000000000000 ) ) ;
#5439 = CARTESIAN_POINT ( 'NONE',  ( -62.26002644001162167, -2.668755504214548324, -1.000000000000000222 ) ) ;
#5440 = ORIENTED_EDGE ( 'NONE', *, *, #4203, .F. ) ;
#5441 = DIRECTION ( 'NONE',  ( 0.000000000000000000, -0.000000000000000000, 1.000000000000000000 ) ) ;
#5442 = FACE_OUTER_BOUND ( 'NONE', #2084, .T. ) ;
#5443 = AXIS2_PLACEMENT_3D ( 'NONE', #3472, #824, #3038 ) ;
#5444 = FACE_OUTER_BOUND ( 'NONE', #3489, .T. ) ;
#5445 = DIRECTION ( 'NONE',  ( -0.000000000000000000, 0.000000000000000000, -1.000000000000000000 ) ) ;
#5446 = EDGE_CURVE ( 'NONE', #362, #1588, #4662, .T. ) ;
#5447 = CARTESIAN_POINT ( 'NONE',  ( -53.33195776004129840, 20.24437245649053807, -1.000000000000000000 ) ) ;
#5448 = DIRECTION ( 'NONE',  ( 1.266221515311538543E-16, -1.000000000000000000, 0.000000000000000000 ) ) ;
#5449 = EDGE_CURVE ( 'NONE', #754, #4135, #1718, .T. ) ;
#5450 = ORIENTED_EDGE ( 'NONE', *, *, #1312, .F. ) ;
#5451 = CARTESIAN_POINT ( 'NONE',  ( -55.71242534221949683, -0.000000000000000000, 0.000000000000000000 ) ) ;
#5452 = CARTESIAN_POINT ( 'NONE',  ( -16.99999999999999289, -19.89999999999999858, 4.200000000000000178 ) ) ;
#5453 = ORIENTED_EDGE ( 'NONE', *, *, #533, .T. ) ;
#5454 = PLANE ( 'NONE',  #4927 ) ;
#5455 = LINE ( 'NONE', #4126, #2899 ) ;
#5456 = EDGE_CURVE ( 'NONE', #5107, #1579, #147, .T. ) ;
#5457 = CIRCLE ( 'NONE', #473, 1.500000000000000000 ) ;
#5458 = AXIS2_PLACEMENT_3D ( 'NONE', #3843, #5702, #4340 ) ;
#5459 = DIRECTION ( 'NONE',  ( -1.000000000000000000, 0.000000000000000000, 0.000000000000000000 ) ) ;
#5460 = EDGE_LOOP ( 'NONE', ( #4496, #1621, #1114, #3995 ) ) ;
#5461 = LINE ( 'NONE', #4612, #5685 ) ;
#5462 = VECTOR ( 'NONE', #3208, 1000.000000000000000 ) ;
#5463 = EDGE_CURVE ( 'NONE', #3711, #1973, #3364, .T. ) ;
#5464 = DIRECTION ( 'NONE',  ( -0.000000000000000000, -0.000000000000000000, 1.000000000000000000 ) ) ;
#5465 = ORIENTED_EDGE ( 'NONE', *, *, #2017, .F. ) ;
#5466 = DIRECTION ( 'NONE',  ( 1.000000000000000000, 0.000000000000000000, 0.000000000000000000 ) ) ;
#5467 = VERTEX_POINT ( 'NONE', #833 ) ;
#5468 = CARTESIAN_POINT ( 'NONE',  ( -48.16930226743011190, -11.75562754350946015, 1.200000000000000178 ) ) ;
#5469 = FACE_OUTER_BOUND ( 'NONE', #2414, .T. ) ;
#5470 = DIRECTION ( 'NONE',  ( -1.000000000000000000, 0.000000000000000000, 0.000000000000000000 ) ) ;
#5471 = FACE_OUTER_BOUND ( 'NONE', #1457, .T. ) ;
#5472 = EDGE_CURVE ( 'NONE', #2050, #3172, #4760, .T. ) ;
#5473 = ORIENTED_EDGE ( 'NONE', *, *, #2848, .F. ) ;
#5474 = LINE ( 'NONE', #4659, #3657 ) ;
#5475 = LINE ( 'NONE', #4170, #338 ) ;
#5476 = EDGE_CURVE ( 'NONE', #918, #1955, #3732, .T. ) ;
#5477 = ORIENTED_EDGE ( 'NONE', *, *, #5192, .F. ) ;
#5478 = VECTOR ( 'NONE', #3866, 1000.000000000000000 ) ;
#5479 = LINE ( 'NONE', #3037, #5020 ) ;
#5480 = CARTESIAN_POINT ( 'NONE',  ( -21.71242534221949683, -19.24221205310340821, 1.200000000000000178 ) ) ;
#5481 = DIRECTION ( 'NONE',  ( -0.000000000000000000, 0.000000000000000000, 1.000000000000000000 ) ) ;
#5482 = ORIENTED_EDGE ( 'NONE', *, *, #5277, .F. ) ;
#5483 = EDGE_CURVE ( 'NONE', #441, #4137, #3325, .T. ) ;
#5484 = DIRECTION ( 'NONE',  ( -0.000000000000000000, -0.000000000000000000, -1.000000000000000000 ) ) ;
#5485 = CARTESIAN_POINT ( 'NONE',  ( -62.76002644001162167, 9.031244495785450965, -1.000000000000000000 ) ) ;
#5486 = CARTESIAN_POINT ( 'NONE',  ( -21.71242534221950038, -0.6342062663091986296, 0.000000000000000000 ) ) ;
#5487 = PRODUCT ( '\X2\58a86c345c4f591658f3\X0\', '\X2\58a86c345c4f591658f3\X0\', '', ( #142 ) ) ;
#5488 = CARTESIAN_POINT ( 'NONE',  ( -20.71242534221950393, 21.24437245649053452, 2.200000000000000178 ) ) ;
#5489 = VERTEX_POINT ( 'NONE', #4936 ) ;
#5490 = LINE ( 'NONE', #3252, #2316 ) ;
#5491 = ORIENTED_EDGE ( 'NONE', *, *, #4367, .F. ) ;
#5492 = AXIS2_PLACEMENT_3D ( 'NONE', #626, #114, #1871 ) ;
#5493 = LINE ( 'NONE', #1527, #4075 ) ;
#5494 = DIRECTION ( 'NONE',  ( -0.000000000000000000, -0.000000000000000000, 1.000000000000000000 ) ) ;
#5495 = LINE ( 'NONE', #222, #1373 ) ;
#5496 = VECTOR ( 'NONE', #1201, 1000.000000000000000 ) ;
#5497 = ADVANCED_FACE ( 'NONE', ( #5401 ), #4068, .T. ) ;
#5498 = DIRECTION ( 'NONE',  ( -1.000000000000000000, 0.000000000000000000, 0.000000000000000000 ) ) ;
#5499 = AXIS2_PLACEMENT_3D ( 'NONE', #3110, #487, #1324 ) ;
#5500 = CARTESIAN_POINT ( 'NONE',  ( -54.71242534221950393, -15.25562754350946371, -1.000000000000000000 ) ) ;
#5501 = VERTEX_POINT ( 'NONE', #4739 ) ;
#5502 = CARTESIAN_POINT ( 'NONE',  ( 16.99999999999999289, -18.10000000000000142, 4.200000000000000178 ) ) ;
#5503 = CARTESIAN_POINT ( 'NONE',  ( 0.000000000000000000, 20.24437245649053452, 0.000000000000000000 ) ) ;
#5504 = ORIENTED_EDGE ( 'NONE', *, *, #3604, .T. ) ;
#5505 = VECTOR ( 'NONE', #4935, 1000.000000000000000 ) ;
#5506 = CARTESIAN_POINT ( 'NONE',  ( -15.95000000000000284, 17.66412788751637564, 5.200000000000001066 ) ) ;
#5507 = ADVANCED_FACE ( 'NONE', ( #1236 ), #4304, .F. ) ;
#5508 = ORIENTED_EDGE ( 'NONE', *, *, #674, .F. ) ;
#5509 = AXIS2_PLACEMENT_3D ( 'NONE', #5171, #2560, #1206 ) ;
#5510 = DIRECTION ( 'NONE',  ( 0.000000000000000000, -1.000000000000000000, -0.000000000000000000 ) ) ;
#5511 = DIRECTION ( 'NONE',  ( -1.000000000000000000, -1.266221515311538543E-16, 0.000000000000000000 ) ) ;
#5512 = VECTOR ( 'NONE', #3149, 1000.000000000000000 ) ;
#5513 =( LENGTH_UNIT ( ) NAMED_UNIT ( * ) SI_UNIT ( .MILLI., .METRE. ) );
#5514 = EDGE_CURVE ( 'NONE', #4403, #3336, #3892, .T. ) ;
#5515 = VECTOR ( 'NONE', #4133, 1000.000000000000000 ) ;
#5516 = CARTESIAN_POINT ( 'NONE',  ( -22.71242534221950393, -16.19705362128172510, -1.000000000000000000 ) ) ;
#5517 = ORIENTED_EDGE ( 'NONE', *, *, #2529, .F. ) ;
#5518 = VERTEX_POINT ( 'NONE', #3805 ) ;
#5519 = DIRECTION ( 'NONE',  ( 0.000000000000000000, -1.000000000000000000, 1.885568995626964533E-16 ) ) ;
#5520 = EDGE_LOOP ( 'NONE', ( #1444, #3662, #5353, #5265 ) ) ;
#5521 = CARTESIAN_POINT ( 'NONE',  ( -56.71242534221949683, 20.24437245649053452, 2.200000000000000178 ) ) ;
#5522 = LINE ( 'NONE', #2823, #274 ) ;
#5523 = EDGE_CURVE ( 'NONE', #5501, #1074, #3333, .T. ) ;
#5524 = CARTESIAN_POINT ( 'NONE',  ( 16.40000000000000213, -19.89999999999998792, 4.699999999999999289 ) ) ;
#5525 = CIRCLE ( 'NONE', #3026, 0.09999999999999939493 ) ;
#5526 = ORIENTED_EDGE ( 'NONE', *, *, #5167, .F. ) ;
#5527 = ORIENTED_EDGE ( 'NONE', *, *, #1596, .F. ) ;
#5528 = DIRECTION ( 'NONE',  ( -0.000000000000000000, -0.000000000000000000, 1.000000000000000000 ) ) ;
#5529 = VECTOR ( 'NONE', #2375, 1000.000000000000000 ) ;
#5530 = DIRECTION ( 'NONE',  ( -0.000000000000000000, -0.000000000000000000, 1.000000000000000000 ) ) ;
#5531 = ORIENTED_EDGE ( 'NONE', *, *, #1699, .F. ) ;
#5532 = PLANE ( 'NONE',  #1813 ) ;
#5533 = CARTESIAN_POINT ( 'NONE',  ( -16.40000000000000213, 20.49999999999999645, 0.000000000000000000 ) ) ;
#5534 = ORIENTED_EDGE ( 'NONE', *, *, #981, .F. ) ;
#5535 = CARTESIAN_POINT ( 'NONE',  ( 0.000000000000000000, 0.000000000000000000, 1.200000000000000178 ) ) ;
#5536 = DIRECTION ( 'NONE',  ( -0.000000000000000000, 1.000000000000000000, -0.000000000000000000 ) ) ;
#5537 = ORIENTED_EDGE ( 'NONE', *, *, #5449, .T. ) ;
#5538 = CARTESIAN_POINT ( 'NONE',  ( -22.71242534221950393, -16.19705362128172510, 1.200000000000000178 ) ) ;
#5539 = EDGE_CURVE ( 'NONE', #4731, #223, #308, .T. ) ;
#5540 = DIRECTION ( 'NONE',  ( 1.000000000000000000, 1.613696256722610173E-16, 0.000000000000000000 ) ) ;
#5541 = CIRCLE ( 'NONE', #3506, 0.09999999999999939493 ) ;
#5542 = CARTESIAN_POINT ( 'NONE',  ( -62.26002644001162167, -1.468755504214547258, -3.200000000000000178 ) ) ;
#5543 = PLANE ( 'NONE',  #4785 ) ;
#5544 = AXIS2_PLACEMENT_3D ( 'NONE', #5580, #3428, #3842 ) ;
#5545 = CARTESIAN_POINT ( 'NONE',  ( -55.71242534221949683, 17.24437245649053452, 1.000000000000000000 ) ) ;
#5546 = VECTOR ( 'NONE', #4572, 1000.000000000000000 ) ;
#5547 = ORIENTED_EDGE ( 'NONE', *, *, #1914, .F. ) ;
#5548 = CARTESIAN_POINT ( 'NONE',  ( -34.11242534221950251, 21.24437245649053452, -0.4000000000000002998 ) ) ;
#5549 = ORIENTED_EDGE ( 'NONE', *, *, #2873, .T. ) ;
#5550 = EDGE_CURVE ( 'NONE', #3638, #2126, #3424, .T. ) ;
#5551 = CARTESIAN_POINT ( 'NONE',  ( -22.21242534221950038, 19.64437245649053310, 0.7000000000000000666 ) ) ;
#5552 = DIRECTION ( 'NONE',  ( 0.000000000000000000, 0.000000000000000000, -1.000000000000000000 ) ) ;
#5553 = LINE ( 'NONE', #2421, #823 ) ;
#5554 = ORIENTED_EDGE ( 'NONE', *, *, #5259, .F. ) ;
#5555 = VERTEX_POINT ( 'NONE', #5201 ) ;
#5556 = ORIENTED_EDGE ( 'NONE', *, *, #5592, .T. ) ;
#5557 = CARTESIAN_POINT ( 'NONE',  ( -52.95155156584890221, -11.75562754350946015, 1.200000000000000178 ) ) ;
#5558 = EDGE_CURVE ( 'NONE', #468, #441, #1645, .T. ) ;
#5559 = CARTESIAN_POINT ( 'NONE',  ( 18.00000000000000000, -17.77960312803930165, 4.679999999999997051 ) ) ;
#5560 = ORIENTED_EDGE ( 'NONE', *, *, #1005, .T. ) ;
#5561 = LINE ( 'NONE', #1595, #2906 ) ;
#5562 = CARTESIAN_POINT ( 'NONE',  ( -52.95155156584890221, -12.75562754350946193, 1.200000000000000178 ) ) ;
#5563 = EDGE_LOOP ( 'NONE', ( #1852, #551, #1704, #1300 ) ) ;
#5564 = ADVANCED_FACE ( 'NONE', ( #779 ), #2072, .T. ) ;
#5565 = CARTESIAN_POINT ( 'NONE',  ( -62.76002644001162167, 10.03124449578545274, -3.000000000000000000 ) ) ;
#5566 = ORIENTED_EDGE ( 'NONE', *, *, #5483, .F. ) ;
#5567 = CYLINDRICAL_SURFACE ( 'NONE', #2649, 1.600000000000000755 ) ;
#5568 = ORIENTED_EDGE ( 'NONE', *, *, #5307, .F. ) ;
#5569 = LINE ( 'NONE', #1230, #1146 ) ;
#5570 = EDGE_CURVE ( 'NONE', #2035, #5369, #2866, .T. ) ;
#5571 = FACE_OUTER_BOUND ( 'NONE', #2681, .T. ) ;
#5572 = CARTESIAN_POINT ( 'NONE',  ( -64.26002644001162878, -1.468755504214547258, 0.000000000000000000 ) ) ;
#5573 = DIRECTION ( 'NONE',  ( -1.000000000000000000, 0.000000000000000000, -0.000000000000000000 ) ) ;
#5574 = VECTOR ( 'NONE', #3380, 1000.000000000000000 ) ;
#5575 = CARTESIAN_POINT ( 'NONE',  ( 14.20000000000000462, -16.99999999999999645, 6.200000000000000178 ) ) ;
#5576 = ORIENTED_EDGE ( 'NONE', *, *, #5323, .F. ) ;
#5577 = CARTESIAN_POINT ( 'NONE',  ( -21.71242534221950393, -19.24221205310341176, 0.000000000000000000 ) ) ;
#5578 = ORIENTED_EDGE ( 'NONE', *, *, #3086, .F. ) ;
#5580 = CARTESIAN_POINT ( 'NONE',  ( 16.40000000000000213, -19.89999999999998792, 0.000000000000000000 ) ) ;
#5579 = AXIS2_PLACEMENT_3D ( 'NONE', #5535, #2490, #267 ) ;
#5581 = CARTESIAN_POINT ( 'NONE',  ( -56.71242534221949683, 21.24437245649053452, 0.7000000000000000666 ) ) ;
#5582 = DIRECTION ( 'NONE',  ( -0.000000000000000000, 0.000000000000000000, 1.000000000000000000 ) ) ;
#5583 = EDGE_CURVE ( 'NONE', #4354, #2641, #2934, .T. ) ;
#5584 = VERTEX_POINT ( 'NONE', #3397 ) ;
#5585 = ORIENTED_EDGE ( 'NONE', *, *, #3467, .T. ) ;
#5586 = EDGE_LOOP ( 'NONE', ( #3527, #4372, #5210, #780 ) ) ;
#5587 = DIRECTION ( 'NONE',  ( 1.000000000000000000, 0.000000000000000000, 0.000000000000000000 ) ) ;
#5588 = LINE ( 'NONE', #5680, #873 ) ;
#5589 = VECTOR ( 'NONE', #3831, 1000.000000000000000 ) ;
#5590 = DIRECTION ( 'NONE',  ( -0.7071067811865439090, -0.7071067811865512365, 0.000000000000000000 ) ) ;
#5591 = ORIENTED_EDGE ( 'NONE', *, *, #1138, .T. ) ;
#5592 = EDGE_CURVE ( 'NONE', #2025, #3055, #2561, .T. ) ;
#5593 = VECTOR ( 'NONE', #5058, 1000.000000000000000 ) ;
#5594 = DIRECTION ( 'NONE',  ( 1.000000000000000000, -0.000000000000000000, 0.000000000000000000 ) ) ;
#5595 = EDGE_LOOP ( 'NONE', ( #2857, #5527, #1454, #5295, #2753, #3758, #3170, #289, #3681, #4457, #330, #3504 ) ) ;
#5596 = CARTESIAN_POINT ( 'NONE',  ( -16.25074157420720056, -18.41820355284585276, 5.200000000000001066 ) ) ;
#5597 = VECTOR ( 'NONE', #3289, 1000.000000000000000 ) ;
#5598 = ORIENTED_EDGE ( 'NONE', *, *, #1894, .F. ) ;
#5599 = EDGE_CURVE ( 'NONE', #3343, #1298, #2104, .T. ) ;
#5600 = AXIS2_PLACEMENT_3D ( 'NONE', #2754, #3159, #2162 ) ;
#5601 = VERTEX_POINT ( 'NONE', #5575 ) ;
#5602 = CARTESIAN_POINT ( 'NONE',  ( -22.71242534221950393, -19.24221205310341176, -1.000000000000000000 ) ) ;
#5603 = DIRECTION ( 'NONE',  ( 0.000000000000000000, 0.000000000000000000, -1.000000000000000000 ) ) ;
#5604 = VECTOR ( 'NONE', #5314, 1000.000000000000000 ) ;
#5605 = LINE ( 'NONE', #1174, #3440 ) ;
#5606 = AXIS2_PLACEMENT_3D ( 'NONE', #5095, #1484, #4660 ) ;
#5607 = EDGE_CURVE ( 'NONE', #1740, #4747, #5667, .T. ) ;
#5608 = DIRECTION ( 'NONE',  ( -1.000000000000000000, 0.000000000000000000, 0.000000000000000000 ) ) ;
#5609 = DIRECTION ( 'NONE',  ( 0.000000000000000000, -1.000000000000000000, 0.000000000000000000 ) ) ;
#5610 = EDGE_LOOP ( 'NONE', ( #102, #3612, #4168, #1197, #520 ) ) ;
#5611 = DIRECTION ( 'NONE',  ( -8.673617379883981830E-15, -0.000000000000000000, -1.000000000000000000 ) ) ;
#5612 = ORIENTED_EDGE ( 'NONE', *, *, #4392, .F. ) ;
#5613 = AXIS2_PLACEMENT_3D ( 'NONE', #2461, #3686, #5459 ) ;
#5614 = CARTESIAN_POINT ( 'NONE',  ( -22.31242534221949825, 21.24437245649053452, 0.7000000000000000666 ) ) ;
#5615 = CARTESIAN_POINT ( 'NONE',  ( -18.00000000000000355, 21.50000000000000000, 0.000000000000000000 ) ) ;
#5616 = CARTESIAN_POINT ( 'NONE',  ( -15.55481958689837363, -18.41820355284585276, 5.200000000000001066 ) ) ;
#5617 = ORIENTED_EDGE ( 'NONE', *, *, #368, .T. ) ;
#5618 = VERTEX_POINT ( 'NONE', #5142 ) ;
#5619 = ORIENTED_EDGE ( 'NONE', *, *, #4196, .F. ) ;
#5620 = FACE_OUTER_BOUND ( 'NONE', #2990, .T. ) ;
#5621 = ADVANCED_FACE ( 'NONE', ( #370 ), #4335, .F. ) ;
#5622 = CARTESIAN_POINT ( 'NONE',  ( -62.76002644001162167, 7.981244495785452919, -2.150000000000000355 ) ) ;
#5623 = AXIS2_PLACEMENT_3D ( 'NONE', #637, #4218, #1529 ) ;
#5624 = CARTESIAN_POINT ( 'NONE',  ( -55.11242534221950251, -21.75562754350946193, 0.000000000000000000 ) ) ;
#5625 = LINE ( 'NONE', #1661, #3660 ) ;
#5626 = ORIENTED_EDGE ( 'NONE', *, *, #4736, .F. ) ;
#5627 = ADVANCED_FACE ( 'NONE', ( #3896 ), #1580, .T. ) ;
#5628 = CIRCLE ( 'NONE', #1656, 0.6000000000000033085 ) ;
#5629 = DIRECTION ( 'NONE',  ( 0.000000000000000000, 0.000000000000000000, -1.000000000000000000 ) ) ;
#5630 = VERTEX_POINT ( 'NONE', #5106 ) ;
#5631 = DIRECTION ( 'NONE',  ( 0.000000000000000000, -0.000000000000000000, -1.000000000000000000 ) ) ;
#5632 = EDGE_LOOP ( 'NONE', ( #467, #2056, #5092, #2115, #3526 ) ) ;
#5633 = DIRECTION ( 'NONE',  ( 0.7071067811865477948, 8.953538199610950287E-17, 0.7071067811865473507 ) ) ;
#5634 = EDGE_CURVE ( 'NONE', #238, #5340, #1142, .T. ) ;
#5635 = DIRECTION ( 'NONE',  ( 0.000000000000000000, -1.000000000000000000, -1.885568995626964533E-16 ) ) ;
#5636 = FACE_OUTER_BOUND ( 'NONE', #5610, .T. ) ;
#5637 = PRODUCT_DEFINITION_SHAPE ( 'NONE', 'NONE',  #1685 ) ;
#5638 = DIRECTION ( 'NONE',  ( 1.000000000000000000, -0.000000000000000000, -0.000000000000000000 ) ) ;
#5639 = CARTESIAN_POINT ( 'NONE',  ( -30.21242534221950393, -12.75562754350946193, -0.1999999999999998723 ) ) ;
#5640 = VERTEX_POINT ( 'NONE', #4708 ) ;
#5641 = LINE ( 'NONE', #5548, #4192 ) ;
#5642 = VERTEX_POINT ( 'NONE', #750 ) ;
#5643 = EDGE_CURVE ( 'NONE', #1269, #3946, #2500, .T. ) ;
#5644 = LINE ( 'NONE', #1679, #2850 ) ;
#5645 = CARTESIAN_POINT ( 'NONE',  ( -16.40000000000000213, 19.99999999999999645, 6.200000000000000178 ) ) ;
#5646 = FACE_OUTER_BOUND ( 'NONE', #4685, .T. ) ;
#5647 = VECTOR ( 'NONE', #1956, 1000.000000000000000 ) ;
#5648 = EDGE_LOOP ( 'NONE', ( #3194, #1969, #3046, #4742 ) ) ;
#5649 = ORIENTED_EDGE ( 'NONE', *, *, #4655, .F. ) ;
#5650 = ORIENTED_EDGE ( 'NONE', *, *, #900, .F. ) ;
#5651 = DIRECTION ( 'NONE',  ( -0.000000000000000000, -0.000000000000000000, 1.000000000000000000 ) ) ;
#5652 = FACE_OUTER_BOUND ( 'NONE', #4984, .T. ) ;
#5653 = CARTESIAN_POINT ( 'NONE',  ( 16.39999999999999147, 19.89999999999999858, 0.000000000000000000 ) ) ;
#5654 = VECTOR ( 'NONE', #4180, 1000.000000000000000 ) ;
#5655 = CARTESIAN_POINT ( 'NONE',  ( -64.26002644001162878, 10.03124449578545274, -3.000000000000000000 ) ) ;
#5656 = EDGE_LOOP ( 'NONE', ( #4976, #4267, #4221, #351 ) ) ;
#5657 = ORIENTED_EDGE ( 'NONE', *, *, #614, .F. ) ;
#5658 = COLOUR_RGB ( '',0.7921568627450980005, 0.8196078431372548767, 0.9333333333333333481 ) ;
#5659 = DIRECTION ( 'NONE',  ( -1.000000000000000000, -1.743440679373676303E-16, 0.000000000000000000 ) ) ;
#5660 = EDGE_CURVE ( 'NONE', #769, #310, #4639, .T. ) ;
#5661 = DIRECTION ( 'NONE',  ( 0.000000000000000000, 0.000000000000000000, -1.000000000000000000 ) ) ;
#5662 = CARTESIAN_POINT ( 'NONE',  ( -47.24545865296283154, 20.24437245649053452, 1.200000000000000178 ) ) ;
#5663 = DIRECTION ( 'NONE',  ( 0.000000000000000000, 0.000000000000000000, -1.000000000000000000 ) ) ;
#5664 = CARTESIAN_POINT ( 'NONE',  ( -62.76002644001162167, 1.881244495785453053, -2.150000000000000799 ) ) ;
#5665 = EDGE_CURVE ( 'NONE', #2503, #4720, #854, .T. ) ;
#5666 = VECTOR ( 'NONE', #4910, 1000.000000000000000 ) ;
#5667 = LINE ( 'NONE', #3837, #3700 ) ;
#5668 = ORIENTED_EDGE ( 'NONE', *, *, #4594, .T. ) ;
#5669 = CARTESIAN_POINT ( 'NONE',  ( -22.31242534221949469, -20.15562754350945696, 2.200000000000000178 ) ) ;
#5670 = ORIENTED_EDGE ( 'NONE', *, *, #4556, .F. ) ;
#5671 = DIRECTION ( 'NONE',  ( 0.000000000000000000, 0.000000000000000000, -1.000000000000000000 ) ) ;
#5672 = VECTOR ( 'NONE', #1727, 1000.000000000000000 ) ;
#5673 = LINE ( 'NONE', #5615, #2157 ) ;
#5674 = CARTESIAN_POINT ( 'NONE',  ( -22.31242534221949825, 19.64437245649053310, 1.200000000000000178 ) ) ;
#5675 = EDGE_CURVE ( 'NONE', #586, #4020, #3714, .T. ) ;
#5676 = ORIENTED_EDGE ( 'NONE', *, *, #93, .T. ) ;
#5677 = VERTEX_POINT ( 'NONE', #3302 ) ;
#5678 = ORIENTED_EDGE ( 'NONE', *, *, #1886, .T. ) ;
#5679 = PLANE ( 'NONE',  #185 ) ;
#5680 = CARTESIAN_POINT ( 'NONE',  ( -13.69999999999999751, 10.90000000000000036, 5.200000000000000178 ) ) ;
#5681 = DIRECTION ( 'NONE',  ( 1.000000000000000000, 0.000000000000000000, 0.000000000000000000 ) ) ;
#5682 = ADVANCED_FACE ( 'NONE', ( #5075 ), #2786, .F. ) ;
#5683 = DIRECTION ( 'NONE',  ( 0.000000000000000000, -0.000000000000000000, 1.000000000000000000 ) ) ;
#5684 = VERTEX_POINT ( 'NONE', #4560 ) ;
#5685 = VECTOR ( 'NONE', #1491, 1000.000000000000000 ) ;
#5686 = VERTEX_POINT ( 'NONE', #599 ) ;
#5687 = ORIENTED_EDGE ( 'NONE', *, *, #4277, .T. ) ;
#5688 = CIRCLE ( 'NONE', #2439, 1.000000000000000888 ) ;
#5689 = LINE ( 'NONE', #3107, #4397 ) ;
#5690 = AXIS2_PLACEMENT_3D ( 'NONE', #1970, #3629, #1053 ) ;
#5691 = DIRECTION ( 'NONE',  ( 0.000000000000000000, 0.000000000000000000, -1.000000000000000000 ) ) ;
#5692 = ADVANCED_FACE ( 'NONE', ( #1110 ), #2864, .T. ) ;
#5693 = LINE ( 'NONE', #864, #5672 ) ;
#5694 = AXIS2_PLACEMENT_3D ( 'NONE', #3103, #4006, #4906 ) ;
#5695 = CARTESIAN_POINT ( 'NONE',  ( -62.76002644001162167, -0.4187555042145471029, -0.8500000000000011990 ) ) ;
#5696 = PLANE ( 'NONE',  #4407 ) ;
#5697 = VERTEX_POINT ( 'NONE', #1904 ) ;
#5698 = DIRECTION ( 'NONE',  ( -0.000000000000000000, -0.000000000000000000, 1.000000000000000000 ) ) ;
#5699 = ORIENTED_EDGE ( 'NONE', *, *, #254, .T. ) ;
#5700 = CIRCLE ( 'NONE', #3371, 1.350000000000003642 ) ;
#5701 = EDGE_CURVE ( 'NONE', #5601, #3993, #1873, .T. ) ;
#5702 = DIRECTION ( 'NONE',  ( 0.000000000000000000, -0.000000000000000000, 1.000000000000000000 ) ) ;
#5703 = CARTESIAN_POINT ( 'NONE',  ( 15.52494343947779853, -18.36294314626284319, 5.200000000000001066 ) ) ;
#5704 = ORIENTED_EDGE ( 'NONE', *, *, #1836, .T. ) ;
#5705 = ORIENTED_EDGE ( 'NONE', *, *, #3392, .T. ) ;
#5706 = EDGE_LOOP ( 'NONE', ( #5123, #3332, #3102, #3997 ) ) ;
#5707 = CARTESIAN_POINT ( 'NONE',  ( -22.31242534221949469, -20.15562754350945696, 2.200000000000000178 ) ) ;
#5708 = ORIENTED_EDGE ( 'NONE', *, *, #4134, .F. ) ;
#5709 = VECTOR ( 'NONE', #1814, 1000.000000000000000 ) ;
#5710 = ADVANCED_FACE ( 'NONE', ( #4103 ), #5410, .F. ) ;
#5711 = LINE ( 'NONE', #940, #41 ) ;
#5712 = VECTOR ( 'NONE', #556, 1000.000000000000000 ) ;
#5713 = FACE_OUTER_BOUND ( 'NONE', #1345, .T. ) ;
#5714 = VECTOR ( 'NONE', #4155, 999.9999999999998863 ) ;
#5715 = CARTESIAN_POINT ( 'NONE',  ( -62.76002644001162167, -2.468755504214548147, -2.000000000000000000 ) ) ;
#5716 = ORIENTED_EDGE ( 'NONE', *, *, #4442, .T. ) ;
#5717 = VERTEX_POINT ( 'NONE', #5486 ) ;
#5718 = LINE ( 'NONE', #2125, #3011 ) ;
#5719 = ORIENTED_EDGE ( 'NONE', *, *, #5476, .T. ) ;
#5720 = AXIS2_PLACEMENT_3D ( 'NONE', #4563, #550, #3582 ) ;
#5721 = CARTESIAN_POINT ( 'NONE',  ( -28.76858636361750143, 20.24437245649053452, -1.000000000000000000 ) ) ;
#5722 = FACE_OUTER_BOUND ( 'NONE', #4791, .T. ) ;
#5723 = LINE ( 'NONE', #926, #1419 ) ;
#5724 = CARTESIAN_POINT ( 'NONE',  ( -16.40000000000000213, 19.89999999999999858, 4.200000000000000178 ) ) ;
#5725 = EDGE_CURVE ( 'NONE', #684, #846, #1314, .T. ) ;
#5726 = ORIENTED_EDGE ( 'NONE', *, *, #3086, .T. ) ;
#5727 = CARTESIAN_POINT ( 'NONE',  ( -17.00000000000000000, 19.89999999999999503, 4.200000000000000178 ) ) ;
#5728 = ORIENTED_EDGE ( 'NONE', *, *, #870, .F. ) ;
ENDSEC;
END-ISO-10303-21;
